niveau_devine,annee_devinee,titre,lien_page_source,lien_externe,source_site
BAC,2025,ÉPREUVE  BAC BLANC 2025 MATHÉMATIQUES SERIE D-TI  RÉGIONALE HARMONISÉ ADAMAOUA CAMEROUN,https://epreuvesetcorriges.com/categories/cameroun/examens/bac/38878-epreuve-bac-blanc-2025-mathematiques-serie-d-ti-regionale-harmonise-adamaoua-cameroun,https://epreuvesetcorriges.com/categories/cameroun/examens/bac/38878-epreuve-bac-blanc-2025-mathematiques-serie-d-ti-regionale-harmonise-adamaoua-cameroun/download,epreuvesetcorriges
BAC,2025,Épreuve Bac Blanc 2025 – Mathématiques Série D-TI  Examen Régional Harmonisé Adamaoua,https://epreuvesetcorriges.com/categories/cameroun/examens/bac/39116-epreuve-bac-blanc-2025-mathematiques-serie-d-ti-examen-regional-harmonise-adamaoua,https://epreuvesetcorriges.com/categories/cameroun/examens/bac/39116-epreuve-bac-blanc-2025-mathematiques-serie-d-ti-examen-regional-harmonise-adamaoua/download,epreuvesetcorriges
BAC,2025,"Épreuve Zéro Bac 2025  Langue Française – Séries C, D, TI – Région de l’Adamaoua",https://epreuvesetcorriges.com/categories/cameroun/examens/bac/39229-epreuve-zero-bac-2025-langue-francaise-series-c-d-ti-region-de-l-adamaoua,https://epreuvesetcorriges.com/categories/cameroun/examens/bac/39229-epreuve-zero-bac-2025-langue-francaise-series-c-d-ti-region-de-l-adamaoua/download,epreuvesetcorriges
BAC,2025,Épreuve Zéro Bac 2025 : Langue Française – Série A4 – Région de l’Adamaoua,https://epreuvesetcorriges.com/categories/cameroun/examens/bac/39231-epreuve-zero-bac-2025-langue-francaise-serie-a4-region-de-l-adamaoua,https://epreuvesetcorriges.com/categories/cameroun/examens/bac/39231-epreuve-zero-bac-2025-langue-francaise-serie-a4-region-de-l-adamaoua/download,epreuvesetcorriges
BAC,2025,Épreuve Zéro Bac D 2025 : SVTEEHB Théorique – Région du Centre,https://epreuvesetcorriges.com/categories/cameroun/examens/bac/39235-epreuve-zero-bac-d-2025-svteehb-theorique-region-du-centre,https://epreuvesetcorriges.com/categories/cameroun/examens/bac/39235-epreuve-zero-bac-d-2025-svteehb-theorique-region-du-centre/download,epreuvesetcorriges
BAC,2025,Baccalauréat Blanc Régional 2025 – SVTEEHB – Séries C & Ti,https://epreuvesetcorriges.com/categories/cameroun/examens/bac/39271-baccalaureat-blanc-regional-2025-svteehb-series-c-ti,https://epreuvesetcorriges.com/categories/cameroun/examens/bac/39271-baccalaureat-blanc-regional-2025-svteehb-series-c-ti/download,epreuvesetcorriges
BAC,2025,Baccalauréat Blanc Régional 2025 – SVTEEHB Pratique – Série D,https://epreuvesetcorriges.com/categories/cameroun/examens/bac/39272-baccalaureat-blanc-regional-2025-svteehb-pratique-serie-d,https://epreuvesetcorriges.com/categories/cameroun/examens/bac/39272-baccalaureat-blanc-regional-2025-svteehb-pratique-serie-d/download,epreuvesetcorriges
BAC,2025,Baccalauréat Blanc Harmonisé Régional 2025 – Mathématiques – Série D – DRES Nord,https://epreuvesetcorriges.com/categories/cameroun/examens/bac/39289-baccalaureat-blanc-harmonise-regional-2025-mathematiques-serie-d-dres-nord,https://epreuvesetcorriges.com/categories/cameroun/examens/bac/39289-baccalaureat-blanc-harmonise-regional-2025-mathematiques-serie-d-dres-nord/download,epreuvesetcorriges
BAC,2025,"Sujet et Corrigé – Sciences BAC A1, A2, A3, A4, ABI – Baccalauréat Blanc Régional 2025",https://epreuvesetcorriges.com/categories/cameroun/examens/bac/39350-sujet-et-corrige-sciences-bac-a1-a2-a3-a4-abi-baccalaureat-blanc-regional-2025,https://epreuvesetcorriges.com/categories/cameroun/examens/bac/39350-sujet-et-corrige-sciences-bac-a1-a2-a3-a4-abi-baccalaureat-blanc-regional-2025/download,epreuvesetcorriges
BAC,2025,"Épreuve de Chimie Théorique – Baccalauréat Blanc Régional – Région du Centre – Mai 2025 – Série C, D, E",https://epreuvesetcorriges.com/categories/cameroun/examens/bac/39381-epreuve-de-chimie-theorique-baccalaureat-blanc-regional-region-du-centre-mai-2025-serie-c-d-e,https://epreuvesetcorriges.com/categories/cameroun/examens/bac/39381-epreuve-de-chimie-theorique-baccalaureat-blanc-regional-region-du-centre-mai-2025-serie-c-d-e/download,epreuvesetcorriges
BAC,2025,Baccalauréat Blanc Régional – Mathématiques – Série A4 – Session 2025,https://epreuvesetcorriges.com/categories/cameroun/examens/bac/39466-baccalaureat-blanc-regional-mathematiques-serie-a4-session-2025,https://epreuvesetcorriges.com/categories/cameroun/examens/bac/39466-baccalaureat-blanc-regional-mathematiques-serie-a4-session-2025/download,epreuvesetcorriges
BAC,2025,"Épreuve et Corrigé de Géographie – Épreuve Zéro Nationale – Baccalauréat Série A, B, C, D, E et TI – Session 2025",https://epreuvesetcorriges.com/categories/cameroun/examens/bac/39481-epreuve-et-corrige-de-geographie-epreuve-zero-nationale-baccalaureat-serie-a-b-c-d-e-et-ti-session-2025,https://epreuvesetcorriges.com/categories/cameroun/examens/bac/39481-epreuve-et-corrige-de-geographie-epreuve-zero-nationale-baccalaureat-serie-a-b-c-d-e-et-ti-session-2025/download,epreuvesetcorriges
BAC,2025,Épreuve de Physique Théorique – Baccalauréat Blanc – Série C – Session 2025 – Délégation Régionale de l’Ouest,https://epreuvesetcorriges.com/categories/cameroun/examens/bac/39484-epreuve-de-physique-theorique-baccalaureat-blanc-serie-c-session-2025-delegation-regionale-de-l-ouest,https://epreuvesetcorriges.com/categories/cameroun/examens/bac/39484-epreuve-de-physique-theorique-baccalaureat-blanc-serie-c-session-2025-delegation-regionale-de-l-ouest/download,epreuvesetcorriges
BAC,2025,Épreuve de Physique – Baccalauréat Blanc – Série D – Session 2025 – Délégation Régionale des Enseignements Secondaires de l’Ouest,https://epreuvesetcorriges.com/categories/cameroun/examens/bac/39485-epreuve-de-physique-baccalaureat-blanc-serie-d-session-2025-delegation-regionale-des-enseignements-secondaires-de-l-ouest,https://epreuvesetcorriges.com/categories/cameroun/examens/bac/39485-epreuve-de-physique-baccalaureat-blanc-serie-d-session-2025-delegation-regionale-des-enseignements-secondaires-de-l-ouest/download,epreuvesetcorriges
BAC,2021,CORRIGÉ HARMONISÉ NATIONAL DE L’ÉPREUVE DE CHIMIE PRATIQUE AU BACCALAURÉAT SÉRIE CD-SESSION 2021 CAMEROUN,https://epreuvesetcorriges.com/categories/cameroun/examens/bac/3048-corrige-harmonise-national-de-l-epreuve-de-chimie-pratique-au-baccalaureat-serie-cd-session-2021-cameroun,https://epreuvesetcorriges.com/categories/cameroun/examens/bac/3048-corrige-harmonise-national-de-l-epreuve-de-chimie-pratique-au-baccalaureat-serie-cd-session-2021-cameroun/download,epreuvesetcorriges
BAC,2021,CORRIGÉ HARMONISÉ NATIONAL DE L’ÉPREUVE DE CHIMIE THÉORIQUE-AU BACCALAURÉAT SÉRIES C D E-SESSION 2021 CAMEROUN,https://epreuvesetcorriges.com/categories/cameroun/examens/bac/3049-corrige-harmonise-national-de-l-epreuve-de-chimie-theorique-au-baccalaureat-series-c-d-e-session-2021-cameroun,https://epreuvesetcorriges.com/categories/cameroun/examens/bac/3049-corrige-harmonise-national-de-l-epreuve-de-chimie-theorique-au-baccalaureat-series-c-d-e-session-2021-cameroun/download,epreuvesetcorriges
BAC,2021,CORRIGÉ HARMONISÉ NATIONAL DE L’ÉPREUVE DE MATHÉMATIQUES AU BACCALAURÉAT-SÉRIE A-ABI-SESSION 2021 CAMEROUN,https://epreuvesetcorriges.com/categories/cameroun/examens/bac/3050-corrige-harmonise-national-de-l-epreuve-de-mathematiques-au-baccalaureat-serie-a-abi-session-2021-cameroun,https://epreuvesetcorriges.com/categories/cameroun/examens/bac/3050-corrige-harmonise-national-de-l-epreuve-de-mathematiques-au-baccalaureat-serie-a-abi-session-2021-cameroun/download,epreuvesetcorriges
BAC,2021,CORRIGÉ HARMONISÉ NATIONAL DE L’ÉPREUVE DE PHYSIQUE PRATIQUE AU BACCALAURÉAT SÉRIE C-SESSION 2021 CAMEROUN,https://epreuvesetcorriges.com/categories/cameroun/examens/bac/3051-corrige-harmonise-national-de-l-epreuve-de-physique-pratique-au-baccalaureat-serie-c-session-2021-cameroun,https://epreuvesetcorriges.com/categories/cameroun/examens/bac/3051-corrige-harmonise-national-de-l-epreuve-de-physique-pratique-au-baccalaureat-serie-c-session-2021-cameroun/download,epreuvesetcorriges
BAC,2021,CORRIGÉ HARMONISÉ NATIONAL DE PHILOSOPHIE-BACCALAURÉAT-SÉRIE A-ABI-SESSION 2021 CAMEROUN,https://epreuvesetcorriges.com/categories/cameroun/examens/bac/3052-corrige-harmonise-national-de-philosophie-baccalaureat-serie-a-abi-session-2021-cameroun,https://epreuvesetcorriges.com/categories/cameroun/examens/bac/3052-corrige-harmonise-national-de-philosophie-baccalaureat-serie-a-abi-session-2021-cameroun/download,epreuvesetcorriges
BAC,2021,CORRIGÉ HARMONISÉ NATIONAL-DE L’ ÉPREUVE DE MATHÉMATIQUES AU BACCALAURÉAT-SÉRIE D-TI-SESSION 2021 CAMEROUN,https://epreuvesetcorriges.com/categories/cameroun/examens/bac/3053-corrige-harmonise-national-de-l-epreuve-de-mathematiques-au-baccalaureat-serie-d-ti-session-2021-cameroun,https://epreuvesetcorriges.com/categories/cameroun/examens/bac/3053-corrige-harmonise-national-de-l-epreuve-de-mathematiques-au-baccalaureat-serie-d-ti-session-2021-cameroun/download,epreuvesetcorriges
BAC,2021,CORRIGÉ HARMONISÉ NATIONAL-ÉPREUVE DE CHIMIE-BACCALAURÉAT SÉRIE TI-SESSION 2021 CAMEROUN,https://epreuvesetcorriges.com/categories/cameroun/examens/bac/3054-corrige-harmonise-national-epreuve-de-chimie-baccalaureat-serie-ti-session-2021-cameroun,https://epreuvesetcorriges.com/categories/cameroun/examens/bac/3054-corrige-harmonise-national-epreuve-de-chimie-baccalaureat-serie-ti-session-2021-cameroun/download,epreuvesetcorriges
BAC,2021,"CORRIGÉ HARMONISÉ NATIONAL-ÉPREUVE DE ECM-BACCALAURÉAT SÉRIE A1, A2, A3, A4, A5, C, D, E, TI-SESSION 2021 CAMEROUN",https://epreuvesetcorriges.com/categories/cameroun/examens/bac/3055-corrige-harmonise-national-epreuve-de-ecm-baccalaureat-serie-a1-a2-a3-a4-a5-c-d-e-ti-session-2021-cameroun,https://epreuvesetcorriges.com/categories/cameroun/examens/bac/3055-corrige-harmonise-national-epreuve-de-ecm-baccalaureat-serie-a1-a2-a3-a4-a5-c-d-e-ti-session-2021-cameroun/download,epreuvesetcorriges
BAC,2021,CORRIGÉ HARMONISÉ NATIONAL-ÉPREUVE DE LANGUE FRANÇAISE-BACCALAURÉAT SÉRIE CE-SESSION 2021 CAMEROUN,https://epreuvesetcorriges.com/categories/cameroun/examens/bac/3056-corrige-harmonise-national-epreuve-de-langue-francaise-baccalaureat-serie-ce-session-2021-cameroun,https://epreuvesetcorriges.com/categories/cameroun/examens/bac/3056-corrige-harmonise-national-epreuve-de-langue-francaise-baccalaureat-serie-ce-session-2021-cameroun/download,epreuvesetcorriges
BAC,2021,CORRIGÉ HARMONISÉ NATIONAL-ÉPREUVE DE PHILOSOPHIE-BACCALAURÉAT SÉRIE DTI-SESSION 2021 CAMEROUN,https://epreuvesetcorriges.com/categories/cameroun/examens/bac/3057-corrige-harmonise-national-epreuve-de-philosophie-baccalaureat-serie-dti-session-2021-cameroun,https://epreuvesetcorriges.com/categories/cameroun/examens/bac/3057-corrige-harmonise-national-epreuve-de-philosophie-baccalaureat-serie-dti-session-2021-cameroun/download,epreuvesetcorriges
BAC,,CORRIGÉ HARMONISÉ NATIONAL-ÉPREUVE DE SVTEEHB-BACCALAURÉAT SÉRIE D-SESSION CAMEROUN,https://epreuvesetcorriges.com/categories/cameroun/examens/bac/3058-corrige-harmonise-national-epreuve-de-svteehb-baccalaureat-serie-d-session-cameroun,https://epreuvesetcorriges.com/categories/cameroun/examens/bac/3058-corrige-harmonise-national-epreuve-de-svteehb-baccalaureat-serie-d-session-cameroun/download,epreuvesetcorriges
BAC,2021,CORRIGÉ HARMONISÉ NATIONAL-ÉPREUVE DE SVTEEHB-BACCALAURÉAT SÉRIE TI-SESSION 2021 CAMEROUN,https://epreuvesetcorriges.com/categories/cameroun/examens/bac/3059-corrige-harmonise-national-epreuve-de-svteehb-baccalaureat-serie-ti-session-2021-cameroun,https://epreuvesetcorriges.com/categories/cameroun/examens/bac/3059-corrige-harmonise-national-epreuve-de-svteehb-baccalaureat-serie-ti-session-2021-cameroun/download,epreuvesetcorriges
BAC,2023,CORRIGÉ HARMONISÉ  BAC 2023 CHIMIE PRATIQUE SERIE C-D CAMEROUN,https://epreuvesetcorriges.com/categories/cameroun/examens/bac/31804-corrige-harmonise-bac-2023-chimie-pratique-serie-c-d-cameroun,https://epreuvesetcorriges.com/categories/cameroun/examens/bac/31804-corrige-harmonise-bac-2023-chimie-pratique-serie-c-d-cameroun/download,epreuvesetcorriges
BAC,2023,CORRIGÉ HARMONISÉ  BAC 2023 CHIMIE THEORIQUE SERIE C-D-E CAMEROUN,https://epreuvesetcorriges.com/categories/cameroun/examens/bac/31805-corrige-harmonise-bac-2023-chimie-theorique-serie-c-d-e-cameroun,https://epreuvesetcorriges.com/categories/cameroun/examens/bac/31805-corrige-harmonise-bac-2023-chimie-theorique-serie-c-d-e-cameroun/download,epreuvesetcorriges
BAC,2023,CORRIGÉ HARMONISÉ  BAC 2023 MATHEMATIQUES SERIE C CAMEROUN,https://epreuvesetcorriges.com/categories/cameroun/examens/bac/31806-corrige-harmonise-bac-2023-mathematiques-serie-c-cameroun,https://epreuvesetcorriges.com/categories/cameroun/examens/bac/31806-corrige-harmonise-bac-2023-mathematiques-serie-c-cameroun/download,epreuvesetcorriges
BAC,2023,CORRIGÉ HARMONISÉ  BAC 2023 MATHEMATIQUES SERIE D CAMEROUN,https://epreuvesetcorriges.com/categories/cameroun/examens/bac/31807-corrige-harmonise-bac-2023-mathematiques-serie-d-cameroun,https://epreuvesetcorriges.com/categories/cameroun/examens/bac/31807-corrige-harmonise-bac-2023-mathematiques-serie-d-cameroun/download,epreuvesetcorriges
BAC,2023,CORRIGÉ HARMONISÉ  BAC 2023 PHYSIQUE THEORIQUE SERIE D CAMEROUN,https://epreuvesetcorriges.com/categories/cameroun/examens/bac/31808-corrige-harmonise-bac-2023-physique-theorique-serie-d-cameroun,https://epreuvesetcorriges.com/categories/cameroun/examens/bac/31808-corrige-harmonise-bac-2023-physique-theorique-serie-d-cameroun/download,epreuvesetcorriges
BAC,2022,CORRIGÉ TYPE EPREUVE ZERO D’ECM  - BACCALAUREAT SESSION 2022 CAMEROUN,https://epreuvesetcorriges.com/categories/cameroun/examens/bac/32176-corrige-type-epreuve-zero-d-ecm-baccalaureat-session-2022-cameroun,https://epreuvesetcorriges.com/categories/cameroun/examens/bac/32176-corrige-type-epreuve-zero-d-ecm-baccalaureat-session-2022-cameroun/download,epreuvesetcorriges
BAC,2022,CORRIGÉ TYPE EPREUVE ZERO D’ECM  - BACCALAUREAT TECHNIQUE SESSION 2022 CAMEROUN,https://epreuvesetcorriges.com/categories/cameroun/examens/bac/32177-corrige-type-epreuve-zero-d-ecm-baccalaureat-technique-session-2022-cameroun,https://epreuvesetcorriges.com/categories/cameroun/examens/bac/32177-corrige-type-epreuve-zero-d-ecm-baccalaureat-technique-session-2022-cameroun/download,epreuvesetcorriges
BAC,2022,CORRIGÉ TYPE EPREUVE ZERO D’HISTOIRE  - BACCALAUREAT SESSION 2022 CAMEROUN,https://epreuvesetcorriges.com/categories/cameroun/examens/bac/32179-corrige-type-epreuve-zero-d-histoire-baccalaureat-session-2022-cameroun,https://epreuvesetcorriges.com/categories/cameroun/examens/bac/32179-corrige-type-epreuve-zero-d-histoire-baccalaureat-session-2022-cameroun/download,epreuvesetcorriges
BAC,2022,CORRIGÉ TYPE EPREUVE ZERO D’HISTOIRE  - BACCALAUREAT TECHNIQUE - SESSION 2022 CAMEROUN,https://epreuvesetcorriges.com/categories/cameroun/examens/bac/32180-corrige-type-epreuve-zero-d-histoire-baccalaureat-technique-session-2022-cameroun,https://epreuvesetcorriges.com/categories/cameroun/examens/bac/32180-corrige-type-epreuve-zero-d-histoire-baccalaureat-technique-session-2022-cameroun/download,epreuvesetcorriges
BAC,2022,"CORRIGÉ TYPE ÉPREUVE ZERO D’INFORMATIQUE THÉORIQUE - BACCALAUREAT SERIE C,D,E - SESSION 2022 CAMEROUN",https://epreuvesetcorriges.com/categories/cameroun/examens/bac/32181-corrige-type-epreuve-zero-d-informatique-theorique-baccalaureat-serie-c-d-e-session-2022-cameroun,https://epreuvesetcorriges.com/categories/cameroun/examens/bac/32181-corrige-type-epreuve-zero-d-informatique-theorique-baccalaureat-serie-c-d-e-session-2022-cameroun/download,epreuvesetcorriges
BAC,2022,"CORRIGÉ TYPE ÉPREUVE ZÉRO DE GEOGRAPHIE - BACCALAUREAT SERIE A,B,C,D,TI - SESSION 2022 CAMEROUN",https://epreuvesetcorriges.com/categories/cameroun/examens/bac/32182-corrige-type-epreuve-zero-de-geographie-baccalaureat-serie-a-b-c-d-ti-session-2022-cameroun,https://epreuvesetcorriges.com/categories/cameroun/examens/bac/32182-corrige-type-epreuve-zero-de-geographie-baccalaureat-serie-a-b-c-d-ti-session-2022-cameroun/download,epreuvesetcorriges
BAC,2022,CORRIGÉ TYPE EPREUVE ZERO DE GEOGRAPHIE - BACCALAUREAT SESSION 2022 CAMEROUN,https://epreuvesetcorriges.com/categories/cameroun/examens/bac/32183-corrige-type-epreuve-zero-de-geographie-baccalaureat-session-2022-cameroun,https://epreuvesetcorriges.com/categories/cameroun/examens/bac/32183-corrige-type-epreuve-zero-de-geographie-baccalaureat-session-2022-cameroun/download,epreuvesetcorriges
BAC,2022,CORRIGÉ TYPE ÉPREUVE ZÉRO DE MATHEMATIQUES - BACCALAUREAT SÉRIE C - SESSION 2022 CAMEROUN,https://epreuvesetcorriges.com/categories/cameroun/examens/bac/32184-corrige-type-epreuve-zero-de-mathematiques-baccalaureat-serie-c-session-2022-cameroun,https://epreuvesetcorriges.com/categories/cameroun/examens/bac/32184-corrige-type-epreuve-zero-de-mathematiques-baccalaureat-serie-c-session-2022-cameroun/download,epreuvesetcorriges
BAC,2022,CORRIGÉ TYPE ÉPREUVE ZÉRO DE PHYSIQUE - BACCALAUREAT SÉRIE D - SESSION 2022 CAMEROUN,https://epreuvesetcorriges.com/categories/cameroun/examens/bac/32185-corrige-type-epreuve-zero-de-physique-baccalaureat-serie-d-session-2022-cameroun,https://epreuvesetcorriges.com/categories/cameroun/examens/bac/32185-corrige-type-epreuve-zero-de-physique-baccalaureat-serie-d-session-2022-cameroun/download,epreuvesetcorriges
BAC,2022,"CORRIGÉ TYPE EPREUVE ZERO DE SCIENCES BACCALAUREAT SESSION 2022 - SERIES  A (A 1 , A 2 , A 3, A 4, A 5, ABI) CAMEROUN",https://epreuvesetcorriges.com/categories/cameroun/examens/bac/32186-corrige-type-epreuve-zero-de-sciences-baccalaureat-session-2022-series-a-a-1-a-2-a-3-a-4-a-5-abi-cameroun,https://epreuvesetcorriges.com/categories/cameroun/examens/bac/32186-corrige-type-epreuve-zero-de-sciences-baccalaureat-session-2022-series-a-a-1-a-2-a-3-a-4-a-5-abi-cameroun/download,epreuvesetcorriges
BAC,2022,EPREUVE ZERO D’ALLEMAND - BACCALAUREAT A4 - SESSION 2022 CAMEROUN,https://epreuvesetcorriges.com/categories/cameroun/examens/bac/32188-epreuve-zero-d-allemand-baccalaureat-a4-session-2022-cameroun-2,https://epreuvesetcorriges.com/categories/cameroun/examens/bac/32188-epreuve-zero-d-allemand-baccalaureat-a4-session-2022-cameroun-2/download,epreuvesetcorriges
BAC,2022,ÉPREUVE ZÉRO D’ESPAGNOL - BACCALAUREAT SÉRIE A4ABI - SESSION 2022 CAMEROUN,https://epreuvesetcorriges.com/categories/cameroun/examens/bac/32189-epreuve-zero-d-espagnol-baccalaureat-serie-a4abi-session-2022-cameroun-2,https://epreuvesetcorriges.com/categories/cameroun/examens/bac/32189-epreuve-zero-d-espagnol-baccalaureat-serie-a4abi-session-2022-cameroun-2/download,epreuvesetcorriges
BAC,2022,"EPREUVE ZERO D’INFORMATIQUE - BACCALAUREAT A, ABI,SH,AC  - SESSION 2022 CAMEROUN",https://epreuvesetcorriges.com/categories/cameroun/examens/bac/32190-epreuve-zero-d-informatique-baccalaureat-a-abi-sh-ac-session-2022-cameroun-2,https://epreuvesetcorriges.com/categories/cameroun/examens/bac/32190-epreuve-zero-d-informatique-baccalaureat-a-abi-sh-ac-session-2022-cameroun-2/download,epreuvesetcorriges
BAC,2022,EPREUVE ZERO D’INFORMATIQUE - BACCALAUREAT C D E - SESSION 2022 CAMEROUN,https://epreuvesetcorriges.com/categories/cameroun/examens/bac/32191-epreuve-zero-d-informatique-baccalaureat-c-d-e-session-2022-cameroun-2,https://epreuvesetcorriges.com/categories/cameroun/examens/bac/32191-epreuve-zero-d-informatique-baccalaureat-c-d-e-session-2022-cameroun-2/download,epreuvesetcorriges
BAC,2022,ÉPREUVE ZÉRO D’INFORMATIQUE (PROGRAMMATION) - BACCALAUREAT SÉRIE TI - SESSION 2022 CAMEROUN,https://epreuvesetcorriges.com/categories/cameroun/examens/bac/32192-epreuve-zero-d-informatique-programmation-baccalaureat-serie-ti-session-2022-cameroun-2,https://epreuvesetcorriges.com/categories/cameroun/examens/bac/32192-epreuve-zero-d-informatique-programmation-baccalaureat-serie-ti-session-2022-cameroun-2/download,epreuvesetcorriges
BAC,2022,"ÉPREUVE ZÉRO D’INFORMATIQUE (RÉSEAUX, INTERNET ET SÉCURITÉ INFORMATIQUE) - BACCALAUREAT SÉRIE TI - SESSION 2022 CAMEROUN",https://epreuvesetcorriges.com/categories/cameroun/examens/bac/32193-epreuve-zero-d-informatique-reseaux-internet-et-securite-informatique-baccalaureat-serie-ti-session-2022-cameroun-2,https://epreuvesetcorriges.com/categories/cameroun/examens/bac/32193-epreuve-zero-d-informatique-reseaux-internet-et-securite-informatique-baccalaureat-serie-ti-session-2022-cameroun-2/download,epreuvesetcorriges
BAC,2022,ÉPREUVE ZÉRO D’INFORMATIQUE (SYSTÈMES D’INFORMATION) - BACCALAUREAT SÉRIE TI - SESSION 2022 CAMEROUN,https://epreuvesetcorriges.com/categories/cameroun/examens/bac/32194-epreuve-zero-d-informatique-systemes-d-information-baccalaureat-serie-ti-session-2022-cameroun-2,https://epreuvesetcorriges.com/categories/cameroun/examens/bac/32194-epreuve-zero-d-informatique-systemes-d-information-baccalaureat-serie-ti-session-2022-cameroun-2/download,epreuvesetcorriges
BAC,2022,"ÉPREUVE ZÉRO D’INFORMATIQUE THÉORIQUE - BACCALAUREAT SÉRIE A,ABI,SH,AC - SESSION 2022 CAMEROUN",https://epreuvesetcorriges.com/categories/cameroun/examens/bac/32195-epreuve-zero-d-informatique-theorique-baccalaureat-serie-a-abi-sh-ac-session-2022-cameroun-2,https://epreuvesetcorriges.com/categories/cameroun/examens/bac/32195-epreuve-zero-d-informatique-theorique-baccalaureat-serie-a-abi-sh-ac-session-2022-cameroun-2/download,epreuvesetcorriges
BAC,2022,EPREUVE ZERO DE PHYSIQUE - BACCALAUREAT SERIE DTI - SESSION 2022 CAMEROUN,https://epreuvesetcorriges.com/categories/cameroun/examens/bac/32208-epreuve-zero-de-physique-baccalaureat-serie-dti-session-2022-cameroun-2,https://epreuvesetcorriges.com/categories/cameroun/examens/bac/32208-epreuve-zero-de-physique-baccalaureat-serie-dti-session-2022-cameroun-2/download,epreuvesetcorriges
BAC,2022,PROPOSITION DE CORRIGE EPREUVE ZERO (VOYANTS) - EXAMEN  BACCALAUREAT - MATIERE  SVTEEHB THEORIQUE - SESSION 2022 CAMEROUN,https://epreuvesetcorriges.com/categories/cameroun/examens/bac/32214-proposition-de-corrige-epreuve-zero-voyants-examen-baccalaureat-matiere-svteehb-theorique-session-2022-cameroun-2,https://epreuvesetcorriges.com/categories/cameroun/examens/bac/32214-proposition-de-corrige-epreuve-zero-voyants-examen-baccalaureat-matiere-svteehb-theorique-session-2022-cameroun-2/download,epreuvesetcorriges
BAC,2024,SUJET BAC 2024 MATHEMATIQUES  EVALUATION RÉGIONALE  SERIE A4,https://epreuvesetcorriges.com/categories/cameroun/examens/bac/35221-sujet-bac-2024-mathematiques-evaluation-regionale-serie-a4,https://epreuvesetcorriges.com/categories/cameroun/examens/bac/35221-sujet-bac-2024-mathematiques-evaluation-regionale-serie-a4/download,epreuvesetcorriges
BAC,2024,SUJET BAC 2024 SERIE C MATHEMATIQUES EVALUATION RÉGIONALE,https://epreuvesetcorriges.com/categories/cameroun/examens/bac/35222-sujet-bac-2024-serie-c-mathematiques-evaluation-regionale,https://epreuvesetcorriges.com/categories/cameroun/examens/bac/35222-sujet-bac-2024-serie-c-mathematiques-evaluation-regionale/download,epreuvesetcorriges
BAC,2024,SUJET BAC 2024 SERIE TI MATHEMATIQUES EVALUATION RÉGIONALE,https://epreuvesetcorriges.com/categories/cameroun/examens/bac/35223-sujet-bac-2024-serie-ti-mathematiques-evaluation-regionale,https://epreuvesetcorriges.com/categories/cameroun/examens/bac/35223-sujet-bac-2024-serie-ti-mathematiques-evaluation-regionale/download,epreuvesetcorriges
BAC,2024,SUJET BAC 2024 SVTEEHB PRATIQUE SERIE D EVALUATION RÉGIONALE  AVRIL 2024,https://epreuvesetcorriges.com/categories/cameroun/examens/bac/35224-sujet-bac-2024-svteehb-pratique-serie-d-evaluation-regionale-avril-2024,https://epreuvesetcorriges.com/categories/cameroun/examens/bac/35224-sujet-bac-2024-svteehb-pratique-serie-d-evaluation-regionale-avril-2024/download,epreuvesetcorriges
BAC,2024,SUJET BAC 2024 SVTEEHB THEORIQUE  SERIE D EVALUATION RÉGIONALE   AVRIL 2024,https://epreuvesetcorriges.com/categories/cameroun/examens/bac/35225-sujet-bac-2024-svteehb-theorique-serie-d-evaluation-regionale-avril-2024,https://epreuvesetcorriges.com/categories/cameroun/examens/bac/35225-sujet-bac-2024-svteehb-theorique-serie-d-evaluation-regionale-avril-2024/download,epreuvesetcorriges
BAC,2024,CHIMIE PRATIQUE BACCALAUREAT BLANC 2024 REGIONAL Série C-D,https://epreuvesetcorriges.com/categories/cameroun/examens/bac/35287-chimie-pratique-baccalaureat-blanc-2024-regional-serie-c-d,https://epreuvesetcorriges.com/categories/cameroun/examens/bac/35287-chimie-pratique-baccalaureat-blanc-2024-regional-serie-c-d/download,epreuvesetcorriges
BAC,2024,CHIMIE PRATIQUE BACCALAUREAT ZERO 2024 REGIONAL SÉRIE C-D,https://epreuvesetcorriges.com/categories/cameroun/examens/bac/35288-chimie-pratique-baccalaureat-zero-2024-regional-serie-c-d,https://epreuvesetcorriges.com/categories/cameroun/examens/bac/35288-chimie-pratique-baccalaureat-zero-2024-regional-serie-c-d/download,epreuvesetcorriges
BAC,2024,Chimie Pratique SUJET HARMONISE REGIONALE BACCALAUREAT 2024 SERIE C-D,https://epreuvesetcorriges.com/categories/cameroun/examens/bac/35289-chimie-pratique-sujet-harmonise-regionale-baccalaureat-2024-serie-c-d,https://epreuvesetcorriges.com/categories/cameroun/examens/bac/35289-chimie-pratique-sujet-harmonise-regionale-baccalaureat-2024-serie-c-d/download,epreuvesetcorriges
BAC,2024,CHIMIE THEORIQUE BACCALAUREAT 2024 ZERO REGIONAL SÉRIE C-D,https://epreuvesetcorriges.com/categories/cameroun/examens/bac/35290-chimie-theorique-baccalaureat-2024-zero-regional-serie-c-d,https://epreuvesetcorriges.com/categories/cameroun/examens/bac/35290-chimie-theorique-baccalaureat-2024-zero-regional-serie-c-d/download,epreuvesetcorriges
BAC,2024,CHIMIE THEORIQUE BACCALAUREAT BLANC 2024 REGIONAL Série C-D-E,https://epreuvesetcorriges.com/categories/cameroun/examens/bac/35291-chimie-theorique-baccalaureat-blanc-2024-regional-serie-c-d-e,https://epreuvesetcorriges.com/categories/cameroun/examens/bac/35291-chimie-theorique-baccalaureat-blanc-2024-regional-serie-c-d-e/download,epreuvesetcorriges
BAC,2024,PHYSIQUE BACCALAUREAT BLANC 2024 REGIONAL Série D,https://epreuvesetcorriges.com/categories/cameroun/examens/bac/35293-physique-baccalaureat-blanc-2024-regional-serie-d,https://epreuvesetcorriges.com/categories/cameroun/examens/bac/35293-physique-baccalaureat-blanc-2024-regional-serie-d/download,epreuvesetcorriges
BAC,2024,EPREUVE ET CORRIGE D'ANGLAIS BAC 2024 REGIONAL DU NORD SERIE C-D-E-TI REPUBLIQUE DU CAMEROUN,https://epreuvesetcorriges.com/categories/cameroun/examens/bac/37448-epreuve-et-corrige-d-anglais-bac-2024-regional-du-nord-serie-c-d-e-ti-republique-du-cameroun,https://epreuvesetcorriges.com/categories/cameroun/examens/bac/37448-epreuve-et-corrige-d-anglais-bac-2024-regional-du-nord-serie-c-d-e-ti-republique-du-cameroun/download,epreuvesetcorriges
BAC,2024,"CORRECTION HARMONISÉE  BAC 2024 MATHEMATIQUES SERIE C,E",https://epreuvesetcorriges.com/categories/cameroun/examens/bac/35896-correction-harmonisee-bac-2024-mathematiques-serie-c-e,https://epreuvesetcorriges.com/categories/cameroun/examens/bac/35896-correction-harmonisee-bac-2024-mathematiques-serie-c-e/download,epreuvesetcorriges
BAC,2026,"Sciences et Corrigé Harmonisé – Baccalauréat Blanc Régional N°1 – Séries A1, A2, A3, A4, A5, ABI – Session Février 2026 – Délégation Régionale du Sud",https://epreuvesetcorriges.com/categories/cameroun/examens/bac/41920-sciences-et-corrige-harmonise-baccalaureat-blanc-regional-n-1-series-a1-a2-a3-a4-a5-abi-session-fevrier-2026-delegation-regionale-du-sud,https://epreuvesetcorriges.com/categories/cameroun/examens/bac/41920-sciences-et-corrige-harmonise-baccalaureat-blanc-regional-n-1-series-a1-a2-a3-a4-a5-abi-session-fevrier-2026-delegation-regionale-du-sud/download,epreuvesetcorriges
BAC,2026,SVTEEHB et Corrigé Harmonisé – Baccalauréat Blanc Régional N°1 – Série C & TI – Session Février 2026 – Délégation Régionale du Sud,https://epreuvesetcorriges.com/categories/cameroun/examens/bac/41921-svteehb-et-corrige-harmonise-baccalaureat-blanc-regional-n-1-serie-c-ti-session-fevrier-2026-delegation-regionale-du-sud,https://epreuvesetcorriges.com/categories/cameroun/examens/bac/41921-svteehb-et-corrige-harmonise-baccalaureat-blanc-regional-n-1-serie-c-ti-session-fevrier-2026-delegation-regionale-du-sud/download,epreuvesetcorriges
BAC,2026,SVTEEHB Pratique et Corrigé Harmonisé – Baccalauréat Blanc Régional N°1 – Série D – Session Février 2026 – Délégation Régionale du Sud,https://epreuvesetcorriges.com/categories/cameroun/examens/bac/41922-svteehb-pratique-et-corrige-harmonise-baccalaureat-blanc-regional-n-1-serie-d-session-fevrier-2026-delegation-regionale-du-sud,https://epreuvesetcorriges.com/categories/cameroun/examens/bac/41922-svteehb-pratique-et-corrige-harmonise-baccalaureat-blanc-regional-n-1-serie-d-session-fevrier-2026-delegation-regionale-du-sud/download,epreuvesetcorriges
BAC,2026,Mathématiques – Épreuve zéro régionale – Baccalauréat BT Spécialité ESF – Février 2026 – Région de l’Ouest | Sujet d’entraînement,https://epreuvesetcorriges.com/categories/cameroun/examens/bac/41965-mathematiques-epreuve-zero-regionale-baccalaureat-bt-specialite-esf-fevrier-2026-region-de-l-ouest-sujet-d-entrainement,https://epreuvesetcorriges.com/categories/cameroun/examens/bac/41965-mathematiques-epreuve-zero-regionale-baccalaureat-bt-specialite-esf-fevrier-2026-region-de-l-ouest-sujet-d-entrainement/download,epreuvesetcorriges
BAC,2026,Mathématiques – Épreuve zéro régionale – Baccalauréat Série A4 – Février 2026 – Région du Nord | Sujet d’entraînement,https://epreuvesetcorriges.com/categories/cameroun/examens/bac/41966-mathematiques-epreuve-zero-regionale-baccalaureat-serie-a4-fevrier-2026-region-du-nord-sujet-d-entrainement,https://epreuvesetcorriges.com/categories/cameroun/examens/bac/41966-mathematiques-epreuve-zero-regionale-baccalaureat-serie-a4-fevrier-2026-region-du-nord-sujet-d-entrainement/download,epreuvesetcorriges
BAC,2026,Mathématiques – Épreuve zéro régionale – Baccalauréat Série C – Février 2026 – Région du Nord | Sujet d’entraînement,https://epreuvesetcorriges.com/categories/cameroun/examens/bac/41967-mathematiques-epreuve-zero-regionale-baccalaureat-serie-c-fevrier-2026-region-du-nord-sujet-d-entrainement,https://epreuvesetcorriges.com/categories/cameroun/examens/bac/41967-mathematiques-epreuve-zero-regionale-baccalaureat-serie-c-fevrier-2026-region-du-nord-sujet-d-entrainement/download,epreuvesetcorriges
BAC,2026,Mathématiques – Épreuve zéro régionale – Baccalauréat Série D – Février 2026 – Région du Nord | Sujet d’entraînement,https://epreuvesetcorriges.com/categories/cameroun/examens/bac/41968-mathematiques-epreuve-zero-regionale-baccalaureat-serie-d-fevrier-2026-region-du-nord-sujet-d-entrainement,https://epreuvesetcorriges.com/categories/cameroun/examens/bac/41968-mathematiques-epreuve-zero-regionale-baccalaureat-serie-d-fevrier-2026-region-du-nord-sujet-d-entrainement/download,epreuvesetcorriges
BAC,2026,Mathématiques – Épreuve zéro régionale – Baccalauréat Série F – Séquence 4 – Février 2026 – Région de l’Ouest | Sujet d’entraînement,https://epreuvesetcorriges.com/categories/cameroun/examens/bac/41969-mathematiques-epreuve-zero-regionale-baccalaureat-serie-f-sequence-4-fevrier-2026-region-de-l-ouest-sujet-d-entrainement,https://epreuvesetcorriges.com/categories/cameroun/examens/bac/41969-mathematiques-epreuve-zero-regionale-baccalaureat-serie-f-sequence-4-fevrier-2026-region-de-l-ouest-sujet-d-entrainement/download,epreuvesetcorriges
BAC,2026,Mathématiques – Épreuve zéro régionale – Baccalauréat STT Spécialité FIG – Février 2026 – Région de l’Ouest | Sujet d’entraînement,https://epreuvesetcorriges.com/categories/cameroun/examens/bac/41970-mathematiques-epreuve-zero-regionale-baccalaureat-stt-specialite-fig-fevrier-2026-region-de-l-ouest-sujet-d-entrainement,https://epreuvesetcorriges.com/categories/cameroun/examens/bac/41970-mathematiques-epreuve-zero-regionale-baccalaureat-stt-specialite-fig-fevrier-2026-region-de-l-ouest-sujet-d-entrainement/download,epreuvesetcorriges
BAC,2026,Baccalauréat Blanc Mathématiques 2026 - Séries C & E - Session d'Avril (PDF),https://epreuvesetcorriges.com/categories/cameroun/examens/bac/42701-baccalaureat-blanc-mathematiques-2026-series-c-e-session-d-avril-pdf,https://epreuvesetcorriges.com/categories/cameroun/examens/bac/42701-baccalaureat-blanc-mathematiques-2026-series-c-e-session-d-avril-pdf/download,epreuvesetcorriges
BEPC,2025,Épreuve Zéro BEPC 2025 : Dictée – Région de l’Adamaoua,https://epreuvesetcorriges.com/categories/cameroun/examens/bepc/39225-epreuve-zero-bepc-2025-dictee-region-de-l-adamaoua,https://epreuvesetcorriges.com/categories/cameroun/examens/bepc/39225-epreuve-zero-bepc-2025-dictee-region-de-l-adamaoua/download,epreuvesetcorriges
BEPC,2025,Épreuve Zéro BEPC 2025 : Étude de Texte – Région de l’Adamaoua,https://epreuvesetcorriges.com/categories/cameroun/examens/bepc/39226-epreuve-zero-bepc-2025-etude-de-texte-region-de-l-adamaoua,https://epreuvesetcorriges.com/categories/cameroun/examens/bepc/39226-epreuve-zero-bepc-2025-etude-de-texte-region-de-l-adamaoua/download,epreuvesetcorriges
BEPC,2025,Épreuve Zéro BEPC 2025  Expression Écrite – Région de l’Adamaoua,https://epreuvesetcorriges.com/categories/cameroun/examens/bepc/39227-epreuve-zero-bepc-2025-expression-ecrite-region-de-l-adamaoua,https://epreuvesetcorriges.com/categories/cameroun/examens/bepc/39227-epreuve-zero-bepc-2025-expression-ecrite-region-de-l-adamaoua/download,epreuvesetcorriges
BEPC,2025,BEPC Harmonisé Régional 2025 – Histoire – DRES Nord,https://epreuvesetcorriges.com/categories/cameroun/examens/bepc/39290-bepc-harmonise-regional-2025-histoire-dres-nord,https://epreuvesetcorriges.com/categories/cameroun/examens/bepc/39290-bepc-harmonise-regional-2025-histoire-dres-nord/download,epreuvesetcorriges
BEPC,2025,Épreuve Zéro – Géographie – BEPC 2025 – Cameroun,https://epreuvesetcorriges.com/categories/cameroun/examens/bepc/39393-epreuve-zero-geographie-bepc-2025-cameroun,https://epreuvesetcorriges.com/categories/cameroun/examens/bepc/39393-epreuve-zero-geographie-bepc-2025-cameroun/download,epreuvesetcorriges
BEPC,2025,Épreuve Zéro – Histoire – BEPC 2025 – Cameroun,https://epreuvesetcorriges.com/categories/cameroun/examens/bepc/39394-epreuve-zero-histoire-bepc-2025-cameroun,https://epreuvesetcorriges.com/categories/cameroun/examens/bepc/39394-epreuve-zero-histoire-bepc-2025-cameroun/download,epreuvesetcorriges
BEPC,2025,Examen Blanc Régional – Histoire – BEPC 2025 – Région de l’Adamaoua,https://epreuvesetcorriges.com/categories/cameroun/examens/bepc/39395-examen-blanc-regional-histoire-bepc-2025-region-de-l-adamaoua,https://epreuvesetcorriges.com/categories/cameroun/examens/bepc/39395-examen-blanc-regional-histoire-bepc-2025-region-de-l-adamaoua/download,epreuvesetcorriges
BEPC,2025,Épreuve Zéro – Mathématiques – BEPC Blanc – Région du Centre – Session 2025,https://epreuvesetcorriges.com/categories/cameroun/examens/bepc/39399-epreuve-zero-mathematiques-bepc-blanc-region-du-centre-session-2025,https://epreuvesetcorriges.com/categories/cameroun/examens/bepc/39399-epreuve-zero-mathematiques-bepc-blanc-region-du-centre-session-2025/download,epreuvesetcorriges
BEPC,2025,Corrigé Harmonisé National – Épreuve d’Allemand – BEPC 2025 Cameroun,https://epreuvesetcorriges.com/categories/cameroun/examens/bepc/39750-corrige-harmonise-national-epreuve-d-allemand-bepc-2025-cameroun,https://epreuvesetcorriges.com/categories/cameroun/examens/bepc/39750-corrige-harmonise-national-epreuve-d-allemand-bepc-2025-cameroun/download,epreuvesetcorriges
BEPC,2025,Corrigé Harmonisé National – Épreuve d’Anglais Renforcé – BEPC 2025 Cameroun,https://epreuvesetcorriges.com/categories/cameroun/examens/bepc/39751-corrige-harmonise-national-epreuve-d-anglais-renforce-bepc-2025-cameroun,https://epreuvesetcorriges.com/categories/cameroun/examens/bepc/39751-corrige-harmonise-national-epreuve-d-anglais-renforce-bepc-2025-cameroun/download,epreuvesetcorriges
BEPC,2025,Corrigé Harmonisé National – Épreuve d’Anglais – BEPC 2025 Cameroun,https://epreuvesetcorriges.com/categories/cameroun/examens/bepc/39752-corrige-harmonise-national-epreuve-d-anglais-bepc-2025-cameroun,https://epreuvesetcorriges.com/categories/cameroun/examens/bepc/39752-corrige-harmonise-national-epreuve-d-anglais-bepc-2025-cameroun/download,epreuvesetcorriges
BEPC,2025,Corrigé Harmonisé National – Épreuve d’Arabe – BEPC 2025 Cameroun,https://epreuvesetcorriges.com/categories/cameroun/examens/bepc/39753-corrige-harmonise-national-epreuve-d-arabe-bepc-2025-cameroun,https://epreuvesetcorriges.com/categories/cameroun/examens/bepc/39753-corrige-harmonise-national-epreuve-d-arabe-bepc-2025-cameroun/download,epreuvesetcorriges
BEPC,2025,Corrigé Harmonisé National – Épreuve de Chinois – BEPC 2025 Cameroun,https://epreuvesetcorriges.com/categories/cameroun/examens/bepc/39754-corrige-harmonise-national-epreuve-de-chinois-bepc-2025-cameroun,https://epreuvesetcorriges.com/categories/cameroun/examens/bepc/39754-corrige-harmonise-national-epreuve-de-chinois-bepc-2025-cameroun/download,epreuvesetcorriges
BEPC,2025,Corrigé Harmonisé National – Épreuve de Citizenship Education (Visually Impaired) – BEPC Bilingue 2025 Cameroun,https://epreuvesetcorriges.com/categories/cameroun/examens/bepc/39755-corrige-harmonise-national-epreuve-de-citizenship-education-visually-impaired-bepc-bilingue-2025-cameroun,https://epreuvesetcorriges.com/categories/cameroun/examens/bepc/39755-corrige-harmonise-national-epreuve-de-citizenship-education-visually-impaired-bepc-bilingue-2025-cameroun/download,epreuvesetcorriges
BEPC,2025,Corrigé Harmonisé National – Épreuve de Citizenship Education – BEPC Bilingue 2025 Cameroun,https://epreuvesetcorriges.com/categories/cameroun/examens/bepc/39756-corrige-harmonise-national-epreuve-de-citizenship-education-bepc-bilingue-2025-cameroun,https://epreuvesetcorriges.com/categories/cameroun/examens/bepc/39756-corrige-harmonise-national-epreuve-de-citizenship-education-bepc-bilingue-2025-cameroun/download,epreuvesetcorriges
BEPC,2025,Corrigé Harmonisé National – Épreuve de Correction Orthographique (Malentendants) – BEPC 2025 Cameroun,https://epreuvesetcorriges.com/categories/cameroun/examens/bepc/39757-corrige-harmonise-national-epreuve-de-correction-orthographique-malentendants-bepc-2025-cameroun,https://epreuvesetcorriges.com/categories/cameroun/examens/bepc/39757-corrige-harmonise-national-epreuve-de-correction-orthographique-malentendants-bepc-2025-cameroun/download,epreuvesetcorriges
BEPC,2025,Corrigé Harmonisé National – Épreuve de Correction Orthographique – BEPC 2025 Cameroun,https://epreuvesetcorriges.com/categories/cameroun/examens/bepc/39758-corrige-harmonise-national-epreuve-de-correction-orthographique-bepc-2025-cameroun,https://epreuvesetcorriges.com/categories/cameroun/examens/bepc/39758-corrige-harmonise-national-epreuve-de-correction-orthographique-bepc-2025-cameroun/download,epreuvesetcorriges
BEPC,2025,Corrigé Harmonisé National – Épreuve de Dessin d’Art – BEPC 2025 Cameroun,https://epreuvesetcorriges.com/categories/cameroun/examens/bepc/39759-corrige-harmonise-national-epreuve-de-dessin-d-art-bepc-2025-cameroun,https://epreuvesetcorriges.com/categories/cameroun/examens/bepc/39759-corrige-harmonise-national-epreuve-de-dessin-d-art-bepc-2025-cameroun/download,epreuvesetcorriges
BEPC,2025,Corrigé Harmonisé National – Épreuve de Dictée (Malvoyants) – BEPC 2025 Cameroun,https://epreuvesetcorriges.com/categories/cameroun/examens/bepc/39760-corrige-harmonise-national-epreuve-de-dictee-malvoyants-bepc-2025-cameroun,https://epreuvesetcorriges.com/categories/cameroun/examens/bepc/39760-corrige-harmonise-national-epreuve-de-dictee-malvoyants-bepc-2025-cameroun/download,epreuvesetcorriges
BEPC,2025,Corrigé Harmonisé National – Épreuve de ECM – BEPC 2025 Cameroun,https://epreuvesetcorriges.com/categories/cameroun/examens/bepc/39762-corrige-harmonise-national-epreuve-de-ecm-bepc-2025-cameroun,https://epreuvesetcorriges.com/categories/cameroun/examens/bepc/39762-corrige-harmonise-national-epreuve-de-ecm-bepc-2025-cameroun/download,epreuvesetcorriges
BEPC,2025,Corrigé Harmonisé National – Épreuve de EPS (Malvoyants) – BEPC 2025 Cameroun,https://epreuvesetcorriges.com/categories/cameroun/examens/bepc/39763-corrige-harmonise-national-epreuve-de-eps-malvoyants-bepc-2025-cameroun,https://epreuvesetcorriges.com/categories/cameroun/examens/bepc/39763-corrige-harmonise-national-epreuve-de-eps-malvoyants-bepc-2025-cameroun/download,epreuvesetcorriges
BEPC,2025,Corrigé Harmonisé National – Épreuve de EPS – BEPC 2025 Cameroun,https://epreuvesetcorriges.com/categories/cameroun/examens/bepc/39764-corrige-harmonise-national-epreuve-de-eps-bepc-2025-cameroun,https://epreuvesetcorriges.com/categories/cameroun/examens/bepc/39764-corrige-harmonise-national-epreuve-de-eps-bepc-2025-cameroun/download,epreuvesetcorriges
BEPC,2025,Corrigé Harmonisé National – Épreuve d’Espagnol – BEPC 2025 Cameroun,https://epreuvesetcorriges.com/categories/cameroun/examens/bepc/39765-corrige-harmonise-national-epreuve-d-espagnol-bepc-2025-cameroun,https://epreuvesetcorriges.com/categories/cameroun/examens/bepc/39765-corrige-harmonise-national-epreuve-d-espagnol-bepc-2025-cameroun/download,epreuvesetcorriges
BEPC,2025,Corrigé Harmonisé National – Épreuve d’Étude de Texte – BEPC 2025 Cameroun,https://epreuvesetcorriges.com/categories/cameroun/examens/bepc/39766-corrige-harmonise-national-epreuve-d-etude-de-texte-bepc-2025-cameroun,https://epreuvesetcorriges.com/categories/cameroun/examens/bepc/39766-corrige-harmonise-national-epreuve-d-etude-de-texte-bepc-2025-cameroun/download,epreuvesetcorriges
BEPC,2025,Corrigé Harmonisé National – Épreuve d’Expression Écrite – BEPC 2025 Cameroun,https://epreuvesetcorriges.com/categories/cameroun/examens/bepc/39767-corrige-harmonise-national-epreuve-d-expression-ecrite-bepc-2025-cameroun,https://epreuvesetcorriges.com/categories/cameroun/examens/bepc/39767-corrige-harmonise-national-epreuve-d-expression-ecrite-bepc-2025-cameroun/download,epreuvesetcorriges
BEPC,2025,Corrigé Harmonisé National – Épreuve de Grec 2 – BEPC 2025 Cameroun,https://epreuvesetcorriges.com/categories/cameroun/examens/bepc/39768-corrige-harmonise-national-epreuve-de-grec-2-bepc-2025-cameroun,https://epreuvesetcorriges.com/categories/cameroun/examens/bepc/39768-corrige-harmonise-national-epreuve-de-grec-2-bepc-2025-cameroun/download,epreuvesetcorriges
BEPC,2025,Corrigé Harmonisé National – Épreuve d’Histoire (Non Voyants) – BEPC 2025 Cameroun,https://epreuvesetcorriges.com/categories/cameroun/examens/bepc/39769-corrige-harmonise-national-epreuve-d-histoire-non-voyants-bepc-2025-cameroun,https://epreuvesetcorriges.com/categories/cameroun/examens/bepc/39769-corrige-harmonise-national-epreuve-d-histoire-non-voyants-bepc-2025-cameroun/download,epreuvesetcorriges
BEPC,2025,Corrigé Harmonisé National – Épreuve de Grec – BEPC 2025 Cameroun,https://epreuvesetcorriges.com/categories/cameroun/examens/bepc/39770-corrige-harmonise-national-epreuve-de-grec-bepc-2025-cameroun,https://epreuvesetcorriges.com/categories/cameroun/examens/bepc/39770-corrige-harmonise-national-epreuve-de-grec-bepc-2025-cameroun/download,epreuvesetcorriges
BEPC,2025,Corrigé Harmonisé National – Épreuve d’Histoire – BEPC 2025 Cameroun,https://epreuvesetcorriges.com/categories/cameroun/examens/bepc/39771-corrige-harmonise-national-epreuve-d-histoire-bepc-2025-cameroun,https://epreuvesetcorriges.com/categories/cameroun/examens/bepc/39771-corrige-harmonise-national-epreuve-d-histoire-bepc-2025-cameroun/download,epreuvesetcorriges
BEPC,2025,Corrigé Harmonisé National – Épreuve d’Informatique – BEPC 2025 Cameroun,https://epreuvesetcorriges.com/categories/cameroun/examens/bepc/39772-corrige-harmonise-national-epreuve-d-informatique-bepc-2025-cameroun,https://epreuvesetcorriges.com/categories/cameroun/examens/bepc/39772-corrige-harmonise-national-epreuve-d-informatique-bepc-2025-cameroun/download,epreuvesetcorriges
BEPC,2025,Corrigé Harmonisé National – Épreuve de Intensive English – BEPC Bilingue 2025 Cameroun,https://epreuvesetcorriges.com/categories/cameroun/examens/bepc/39773-corrige-harmonise-national-epreuve-de-intensive-english-bepc-bilingue-2025-cameroun,https://epreuvesetcorriges.com/categories/cameroun/examens/bepc/39773-corrige-harmonise-national-epreuve-de-intensive-english-bepc-bilingue-2025-cameroun/download,epreuvesetcorriges
BEPC,2025,Corrigé Harmonisé National – Épreuve d’Italien – BEPC 2025 Cameroun,https://epreuvesetcorriges.com/categories/cameroun/examens/bepc/39774-corrige-harmonise-national-epreuve-d-italien-bepc-2025-cameroun,https://epreuvesetcorriges.com/categories/cameroun/examens/bepc/39774-corrige-harmonise-national-epreuve-d-italien-bepc-2025-cameroun/download,epreuvesetcorriges
BEPC,2025,Corrigé Harmonisé National – Épreuve de Latin – BEPC 2025 Cameroun,https://epreuvesetcorriges.com/categories/cameroun/examens/bepc/39775-corrige-harmonise-national-epreuve-de-latin-bepc-2025-cameroun,https://epreuvesetcorriges.com/categories/cameroun/examens/bepc/39775-corrige-harmonise-national-epreuve-de-latin-bepc-2025-cameroun/download,epreuvesetcorriges
BEPC,2025,Corrigé Harmonisé National – Épreuve de LCN – BEPC 2025 Cameroun,https://epreuvesetcorriges.com/categories/cameroun/examens/bepc/39776-corrige-harmonise-national-epreuve-de-lcn-bepc-2025-cameroun,https://epreuvesetcorriges.com/categories/cameroun/examens/bepc/39776-corrige-harmonise-national-epreuve-de-lcn-bepc-2025-cameroun/download,epreuvesetcorriges
BEPC,2025,Corrigé Harmonisé National – Épreuve de Manual Labor 2 (Normal Vision) – BEPC Bilingue 2025 Cameroun,https://epreuvesetcorriges.com/categories/cameroun/examens/bepc/39777-corrige-harmonise-national-epreuve-de-manual-labor-2-normal-vision-bepc-bilingue-2025-cameroun,https://epreuvesetcorriges.com/categories/cameroun/examens/bepc/39777-corrige-harmonise-national-epreuve-de-manual-labor-2-normal-vision-bepc-bilingue-2025-cameroun/download,epreuvesetcorriges
BEPC,2025,Corrigé Harmonisé National – Épreuve de Manual Labor 2 (Visually Impaired) – BEPC Bilingue 2025 Cameroun,https://epreuvesetcorriges.com/categories/cameroun/examens/bepc/39778-corrige-harmonise-national-epreuve-de-manual-labor-2-visually-impaired-bepc-bilingue-2025-cameroun,https://epreuvesetcorriges.com/categories/cameroun/examens/bepc/39778-corrige-harmonise-national-epreuve-de-manual-labor-2-visually-impaired-bepc-bilingue-2025-cameroun/download,epreuvesetcorriges
BEPC,2025,Corrigé Harmonisé National – Épreuve de Manual Labor (Normal Vision) – BEPC Bilingue 2025 Cameroun,https://epreuvesetcorriges.com/categories/cameroun/examens/bepc/39779-corrige-harmonise-national-epreuve-de-manual-labor-normal-vision-bepc-bilingue-2025-cameroun,https://epreuvesetcorriges.com/categories/cameroun/examens/bepc/39779-corrige-harmonise-national-epreuve-de-manual-labor-normal-vision-bepc-bilingue-2025-cameroun/download,epreuvesetcorriges
BEPC,2025,Corrigé Harmonisé National – Épreuve de Manual Labor (Visually Impaired) – BEPC Bilingue 2025 Cameroun,https://epreuvesetcorriges.com/categories/cameroun/examens/bepc/39780-corrige-harmonise-national-epreuve-de-manual-labor-visually-impaired-bepc-bilingue-2025-cameroun,https://epreuvesetcorriges.com/categories/cameroun/examens/bepc/39780-corrige-harmonise-national-epreuve-de-manual-labor-visually-impaired-bepc-bilingue-2025-cameroun/download,epreuvesetcorriges
BEPC,2025,Corrigé Harmonisé National – Épreuve de Mathématiques (Non Voyants) – BEPC 2025 Cameroun,https://epreuvesetcorriges.com/categories/cameroun/examens/bepc/39781-corrige-harmonise-national-epreuve-de-mathematiques-non-voyants-bepc-2025-cameroun,https://epreuvesetcorriges.com/categories/cameroun/examens/bepc/39781-corrige-harmonise-national-epreuve-de-mathematiques-non-voyants-bepc-2025-cameroun/download,epreuvesetcorriges
BEPC,2025,Corrigé Harmonisé National – Épreuve de Mathématiques – BEPC 2025 Cameroun,https://epreuvesetcorriges.com/categories/cameroun/examens/bepc/39782-corrige-harmonise-national-epreuve-de-mathematiques-bepc-2025-cameroun,https://epreuvesetcorriges.com/categories/cameroun/examens/bepc/39782-corrige-harmonise-national-epreuve-de-mathematiques-bepc-2025-cameroun/download,epreuvesetcorriges
BEPC,2025,Corrigé Harmonisé National – Épreuve de Physique-Chimie-Technologie (Malvoyants) – BEPC 2025 Cameroun,https://epreuvesetcorriges.com/categories/cameroun/examens/bepc/39783-corrige-harmonise-national-epreuve-de-physique-chimie-technologie-malvoyants-bepc-2025-cameroun,https://epreuvesetcorriges.com/categories/cameroun/examens/bepc/39783-corrige-harmonise-national-epreuve-de-physique-chimie-technologie-malvoyants-bepc-2025-cameroun/download,epreuvesetcorriges
BEPC,2025,Corrigé Harmonisé National – Épreuve de Physique-Chimie-Technologie – BEPC 2025 Cameroun,https://epreuvesetcorriges.com/categories/cameroun/examens/bepc/39784-corrige-harmonise-national-epreuve-de-physique-chimie-technologie-bepc-2025-cameroun,https://epreuvesetcorriges.com/categories/cameroun/examens/bepc/39784-corrige-harmonise-national-epreuve-de-physique-chimie-technologie-bepc-2025-cameroun/download,epreuvesetcorriges
BEPC,2025,Corrigé Harmonisé National – Épreuve de PES – BEPC Bilingue 2025 Cameroun,https://epreuvesetcorriges.com/categories/cameroun/examens/bepc/39785-corrige-harmonise-national-epreuve-de-pes-bepc-bilingue-2025-cameroun,https://epreuvesetcorriges.com/categories/cameroun/examens/bepc/39785-corrige-harmonise-national-epreuve-de-pes-bepc-bilingue-2025-cameroun/download,epreuvesetcorriges
BEPC,2025,Corrigé Harmonisé National – Épreuve de SVTEEHB – BEPC 2025 Cameroun,https://epreuvesetcorriges.com/categories/cameroun/examens/bepc/39786-corrige-harmonise-national-epreuve-de-svteehb-bepc-2025-cameroun,https://epreuvesetcorriges.com/categories/cameroun/examens/bepc/39786-corrige-harmonise-national-epreuve-de-svteehb-bepc-2025-cameroun/download,epreuvesetcorriges
BEPC,2025,Corrigé Harmonisé National – Épreuve Facultative de Grec – BEPC 2025 Cameroun,https://epreuvesetcorriges.com/categories/cameroun/examens/bepc/39787-corrige-harmonise-national-epreuve-facultative-de-grec-bepc-2025-cameroun,https://epreuvesetcorriges.com/categories/cameroun/examens/bepc/39787-corrige-harmonise-national-epreuve-facultative-de-grec-bepc-2025-cameroun/download,epreuvesetcorriges
BEPC,2025,Corrigé Harmonisé National – Épreuve Facultative de Latin – BEPC 2025 Cameroun,https://epreuvesetcorriges.com/categories/cameroun/examens/bepc/39788-corrige-harmonise-national-epreuve-facultative-de-latin-bepc-2025-cameroun,https://epreuvesetcorriges.com/categories/cameroun/examens/bepc/39788-corrige-harmonise-national-epreuve-facultative-de-latin-bepc-2025-cameroun/download,epreuvesetcorriges
BEPC,2025,Corrigé Harmonisé National – Épreuve Facultative de Musique – BEPC 2025 Cameroun,https://epreuvesetcorriges.com/categories/cameroun/examens/bepc/39789-corrige-harmonise-national-epreuve-facultative-de-musique-bepc-2025-cameroun,https://epreuvesetcorriges.com/categories/cameroun/examens/bepc/39789-corrige-harmonise-national-epreuve-facultative-de-musique-bepc-2025-cameroun/download,epreuvesetcorriges
BEPC,2021,BEPC 2021 CORRIGÉ HARMONISÉ NATIONAL D’ORTHOGRAPHE CAMEROUN,https://epreuvesetcorriges.com/categories/cameroun/examens/bepc/3105-bepc-2021-corrige-harmonise-national-d-orthographe-cameroun,https://epreuvesetcorriges.com/categories/cameroun/examens/bepc/3105-bepc-2021-corrige-harmonise-national-d-orthographe-cameroun/download,epreuvesetcorriges
BEPC,2021,BEPC 2021 CORRIGÉ HARMONISÉ NATIONAL DE GÉOGRAPHIE CAMEROUN,https://epreuvesetcorriges.com/categories/cameroun/examens/bepc/3106-bepc-2021-corrige-harmonise-national-de-geographie-cameroun,https://epreuvesetcorriges.com/categories/cameroun/examens/bepc/3106-bepc-2021-corrige-harmonise-national-de-geographie-cameroun/download,epreuvesetcorriges
BEPC,2021,BEPC 2021 CORRIGÉ HARMONISÉ NATIONAL DE L’ÉPREUVE D’ÉDUCATION À LA CITOYENNETÉ CAMEROUN,https://epreuvesetcorriges.com/categories/cameroun/examens/bepc/3107-bepc-2021-corrige-harmonise-national-de-l-epreuve-d-education-a-la-citoyennete-cameroun,https://epreuvesetcorriges.com/categories/cameroun/examens/bepc/3107-bepc-2021-corrige-harmonise-national-de-l-epreuve-d-education-a-la-citoyennete-cameroun/download,epreuvesetcorriges
BEPC,2021,BEPC 2021 CORRIGÉ HARMONISÉ NATIONAL DE MATHÉMATIQUES CAMEROUN,https://epreuvesetcorriges.com/categories/cameroun/examens/bepc/3108-bepc-2021-corrige-harmonise-national-de-mathematiques-cameroun,https://epreuvesetcorriges.com/categories/cameroun/examens/bepc/3108-bepc-2021-corrige-harmonise-national-de-mathematiques-cameroun/download,epreuvesetcorriges
BEPC,2021,BEPC 2021 CORRIGÉ HARMONISÉ NATIONAL DE PCT CAMEROUN,https://epreuvesetcorriges.com/categories/cameroun/examens/bepc/3109-bepc-2021-corrige-harmonise-national-de-pct-cameroun,https://epreuvesetcorriges.com/categories/cameroun/examens/bepc/3109-bepc-2021-corrige-harmonise-national-de-pct-cameroun/download,epreuvesetcorriges
BEPC,2021,BEPC 2021 CORRIGÉ HARMONISÉ NATIONAL DE SVTEEHB CAMEROUN,https://epreuvesetcorriges.com/categories/cameroun/examens/bepc/3110-bepc-2021-corrige-harmonise-national-de-svteehb-cameroun,https://epreuvesetcorriges.com/categories/cameroun/examens/bepc/3110-bepc-2021-corrige-harmonise-national-de-svteehb-cameroun/download,epreuvesetcorriges
BEPC,2022,CORRIGÉ HARMONISÉ NATIONAL - BEPC SESSION 2022  EPS CAMEROUN,https://epreuvesetcorriges.com/categories/cameroun/examens/bepc/27124-corrige-harmonise-national-bepc-session-2022-eps-cameroun,https://epreuvesetcorriges.com/categories/cameroun/examens/bepc/27124-corrige-harmonise-national-bepc-session-2022-eps-cameroun/download,epreuvesetcorriges
BEPC,2021,BEPC 2021 CORRIGÉ HARMONISÉ NATIONAL EXPRESSION ÉCRITE CAMEROUN,https://epreuvesetcorriges.com/categories/cameroun/examens/bepc/3111-bepc-2021-corrige-harmonise-national-expression-ecrite-cameroun,https://epreuvesetcorriges.com/categories/cameroun/examens/bepc/3111-bepc-2021-corrige-harmonise-national-expression-ecrite-cameroun/download,epreuvesetcorriges
BEPC,2022,CORRIGÉ HARMONISÉ NATIONAL - BEPC SESSION 2022 ALLEMAND CAMEROUN,https://epreuvesetcorriges.com/categories/cameroun/examens/bepc/27125-corrige-harmonise-national-bepc-session-2022-allemand-cameroun,https://epreuvesetcorriges.com/categories/cameroun/examens/bepc/27125-corrige-harmonise-national-bepc-session-2022-allemand-cameroun/download,epreuvesetcorriges
BEPC,2021,BEPC 2021 DICTÉE-ÉPREUVE ZÉRO CAMEROUN,https://epreuvesetcorriges.com/categories/cameroun/examens/bepc/3112-bepc-2021-dictee-epreuve-zero-cameroun,https://epreuvesetcorriges.com/categories/cameroun/examens/bepc/3112-bepc-2021-dictee-epreuve-zero-cameroun/download,epreuvesetcorriges
BEPC,2022,CORRIGÉ HARMONISÉ NATIONAL - BEPC SESSION 2022 ANGLAIS CAMEROUN,https://epreuvesetcorriges.com/categories/cameroun/examens/bepc/27126-corrige-harmonise-national-bepc-session-2022-anglais-cameroun,https://epreuvesetcorriges.com/categories/cameroun/examens/bepc/27126-corrige-harmonise-national-bepc-session-2022-anglais-cameroun/download,epreuvesetcorriges
BEPC,2021,BEPC 2021 ECM-ÉPREUVE ZÉRO CAMEROUN,https://epreuvesetcorriges.com/categories/cameroun/examens/bepc/3113-bepc-2021-ecm-epreuve-zero-cameroun,https://epreuvesetcorriges.com/categories/cameroun/examens/bepc/3113-bepc-2021-ecm-epreuve-zero-cameroun/download,epreuvesetcorriges
BEPC,2022,CORRIGÉ HARMONISÉ NATIONAL - BEPC SESSION 2022 CHINOIS CAMEROUN,https://epreuvesetcorriges.com/categories/cameroun/examens/bepc/27127-corrige-harmonise-national-bepc-session-2022-chinois-cameroun,https://epreuvesetcorriges.com/categories/cameroun/examens/bepc/27127-corrige-harmonise-national-bepc-session-2022-chinois-cameroun/download,epreuvesetcorriges
BEPC,2022,CORRIGÉ HARMONISÉ NATIONAL - BEPC SESSION 2022 CORRECTION ORTHOGRAPHIQUE CAMEROUN,https://epreuvesetcorriges.com/categories/cameroun/examens/bepc/27128-corrige-harmonise-national-bepc-session-2022-correction-orthographique-cameroun,https://epreuvesetcorriges.com/categories/cameroun/examens/bepc/27128-corrige-harmonise-national-bepc-session-2022-correction-orthographique-cameroun/download,epreuvesetcorriges
BEPC,2022,CORRIGÉ HARMONISÉ NATIONAL - BEPC SESSION 2022 ECM CAMEROUN,https://epreuvesetcorriges.com/categories/cameroun/examens/bepc/27129-corrige-harmonise-national-bepc-session-2022-ecm-cameroun,https://epreuvesetcorriges.com/categories/cameroun/examens/bepc/27129-corrige-harmonise-national-bepc-session-2022-ecm-cameroun/download,epreuvesetcorriges
BEPC,2022,CORRIGÉ HARMONISÉ NATIONAL - BEPC SESSION 2022 EPS MAL VOYANTS CAMEROUN,https://epreuvesetcorriges.com/categories/cameroun/examens/bepc/27130-corrige-harmonise-national-bepc-session-2022-eps-mal-voyants-cameroun,https://epreuvesetcorriges.com/categories/cameroun/examens/bepc/27130-corrige-harmonise-national-bepc-session-2022-eps-mal-voyants-cameroun/download,epreuvesetcorriges
BEPC,2022,CORRIGÉ HARMONISÉ NATIONAL - BEPC SESSION 2022 ESPAGNOL CAMEROUN,https://epreuvesetcorriges.com/categories/cameroun/examens/bepc/27131-corrige-harmonise-national-bepc-session-2022-espagnol-cameroun,https://epreuvesetcorriges.com/categories/cameroun/examens/bepc/27131-corrige-harmonise-national-bepc-session-2022-espagnol-cameroun/download,epreuvesetcorriges
BEPC,2023,CORRIGÉ HARMONISÉ BEPC 2023 CORRECTION ORTHOGRAPHIQUE CAMEROUN,https://epreuvesetcorriges.com/categories/cameroun/examens/bepc/31809-corrige-harmonise-bepc-2023-correction-orthographique-cameroun,https://epreuvesetcorriges.com/categories/cameroun/examens/bepc/31809-corrige-harmonise-bepc-2023-correction-orthographique-cameroun/download,epreuvesetcorriges
BEPC,2022,CORRIGÉ HARMONISÉ NATIONAL - BEPC SESSION 2022 ETUDE DE TEXTE CAMEROUN,https://epreuvesetcorriges.com/categories/cameroun/examens/bepc/27132-corrige-harmonise-national-bepc-session-2022-etude-de-texte-cameroun,https://epreuvesetcorriges.com/categories/cameroun/examens/bepc/27132-corrige-harmonise-national-bepc-session-2022-etude-de-texte-cameroun/download,epreuvesetcorriges
BEPC,2023,CORRIGÉ HARMONISÉ BEPC 2023 ETUDE DE TEXTE CAMEROUN,https://epreuvesetcorriges.com/categories/cameroun/examens/bepc/31810-corrige-harmonise-bepc-2023-etude-de-texte-cameroun,https://epreuvesetcorriges.com/categories/cameroun/examens/bepc/31810-corrige-harmonise-bepc-2023-etude-de-texte-cameroun/download,epreuvesetcorriges
BEPC,2022,CORRIGÉ HARMONISÉ NATIONAL - BEPC SESSION 2022 HISTOIRE CAMEROUN,https://epreuvesetcorriges.com/categories/cameroun/examens/bepc/27133-corrige-harmonise-national-bepc-session-2022-histoire-cameroun,https://epreuvesetcorriges.com/categories/cameroun/examens/bepc/27133-corrige-harmonise-national-bepc-session-2022-histoire-cameroun/download,epreuvesetcorriges
BEPC,2023,CORRIGÉ HARMONISÉ BEPC 2023 EXPRESSION ECRITE CAMEROUN,https://epreuvesetcorriges.com/categories/cameroun/examens/bepc/31811-corrige-harmonise-bepc-2023-expression-ecrite-cameroun,https://epreuvesetcorriges.com/categories/cameroun/examens/bepc/31811-corrige-harmonise-bepc-2023-expression-ecrite-cameroun/download,epreuvesetcorriges
BEPC,2021,ÉPREUVE BEPC 2021 ÉTUDE DE TEXTE -EPREUVE ZERO CAMEROUN,https://epreuvesetcorriges.com/categories/cameroun/examens/bepc/3120-epreuve-bepc-2021-etude-de-texte-epreuve-zero-cameroun,https://epreuvesetcorriges.com/categories/cameroun/examens/bepc/3120-epreuve-bepc-2021-etude-de-texte-epreuve-zero-cameroun/download,epreuvesetcorriges
BEPC,2022,CORRIGÉ HARMONISÉ NATIONAL - BEPC SESSION 2022 INFORMATIQUE CAMEROUN,https://epreuvesetcorriges.com/categories/cameroun/examens/bepc/27134-corrige-harmonise-national-bepc-session-2022-informatique-cameroun,https://epreuvesetcorriges.com/categories/cameroun/examens/bepc/27134-corrige-harmonise-national-bepc-session-2022-informatique-cameroun/download,epreuvesetcorriges
BEPC,2023,CORRIGÉ HARMONISÉ BEPC 2023 MATHEMATIQUES CAMEROUN,https://epreuvesetcorriges.com/categories/cameroun/examens/bepc/31812-corrige-harmonise-bepc-2023-mathematiques-cameroun,https://epreuvesetcorriges.com/categories/cameroun/examens/bepc/31812-corrige-harmonise-bepc-2023-mathematiques-cameroun/download,epreuvesetcorriges
BEPC,2022,CORRIGÉ HARMONISÉ NATIONAL - BEPC SESSION 2022 ITALIEN CAMEROUN,https://epreuvesetcorriges.com/categories/cameroun/examens/bepc/27135-corrige-harmonise-national-bepc-session-2022-italien-cameroun,https://epreuvesetcorriges.com/categories/cameroun/examens/bepc/27135-corrige-harmonise-national-bepc-session-2022-italien-cameroun/download,epreuvesetcorriges
BEPC,2021,ÉPREUVE BEPC 2021 EXPRESSION ÉCRITE EPREUVE ZERO CAMEROUN,https://epreuvesetcorriges.com/categories/cameroun/examens/bepc/3122-epreuve-bepc-2021-expression-ecrite-epreuve-zero-cameroun,https://epreuvesetcorriges.com/categories/cameroun/examens/bepc/3122-epreuve-bepc-2021-expression-ecrite-epreuve-zero-cameroun/download,epreuvesetcorriges
BEPC,2022,CORRIGÉ HARMONISÉ NATIONAL - BEPC SESSION 2022 MATHEMATIQUES CAMEROUN,https://epreuvesetcorriges.com/categories/cameroun/examens/bepc/27136-corrige-harmonise-national-bepc-session-2022-mathematiques-cameroun,https://epreuvesetcorriges.com/categories/cameroun/examens/bepc/27136-corrige-harmonise-national-bepc-session-2022-mathematiques-cameroun/download,epreuvesetcorriges
BEPC,2022,CORRIGÉ HARMONISÉ NATIONAL - BEPC SESSION 2022 PCT MAL VOYANT CAMEROUN,https://epreuvesetcorriges.com/categories/cameroun/examens/bepc/27137-corrige-harmonise-national-bepc-session-2022-pct-mal-voyant-cameroun,https://epreuvesetcorriges.com/categories/cameroun/examens/bepc/27137-corrige-harmonise-national-bepc-session-2022-pct-mal-voyant-cameroun/download,epreuvesetcorriges
BEPC,2021,ÉPREUVE BEPC 2021 GÉOGRAPHIE-EPREUVE ZERO CAMEROUN,https://epreuvesetcorriges.com/categories/cameroun/examens/bepc/3124-epreuve-bepc-2021-geographie-epreuve-zero-cameroun,https://epreuvesetcorriges.com/categories/cameroun/examens/bepc/3124-epreuve-bepc-2021-geographie-epreuve-zero-cameroun/download,epreuvesetcorriges
BEPC,2021,ÉPREUVE BEPC 2021 HISTOIRE-EPREUVE ZERO-BEPC 2021 CAMEROUN,https://epreuvesetcorriges.com/categories/cameroun/examens/bepc/3125-epreuve-bepc-2021-histoire-epreuve-zero-bepc-2021-cameroun,https://epreuvesetcorriges.com/categories/cameroun/examens/bepc/3125-epreuve-bepc-2021-histoire-epreuve-zero-bepc-2021-cameroun/download,epreuvesetcorriges
BEPC,2021,ÉPREUVE BEPC 2021 LVII-EPREUVE ZERO CAMEROUN,https://epreuvesetcorriges.com/categories/cameroun/examens/bepc/3127-epreuve-bepc-2021-lvii-epreuve-zero-cameroun,https://epreuvesetcorriges.com/categories/cameroun/examens/bepc/3127-epreuve-bepc-2021-lvii-epreuve-zero-cameroun/download,epreuvesetcorriges
BEPC,2022,CORRIGÉ - EPREUVE ZÉRO DE MATHEMATIQUES - BEPC - SESSION 2022 - CORRIGE DE LA REGION DE L’OUEST CAMEROUN,https://epreuvesetcorriges.com/categories/cameroun/examens/bepc/32220-corrige-epreuve-zero-de-mathematiques-bepc-session-2022-corrige-de-la-region-de-l-ouest-cameroun,https://epreuvesetcorriges.com/categories/cameroun/examens/bepc/32220-corrige-epreuve-zero-de-mathematiques-bepc-session-2022-corrige-de-la-region-de-l-ouest-cameroun/download,epreuvesetcorriges
BEPC,2022,CORRIGE DE L’EPREUVE ZÉRO DE MATHEMATIQUES - BEPC SESSION 2022 CAMEROUN,https://epreuvesetcorriges.com/categories/cameroun/examens/bepc/32221-corrige-de-l-epreuve-zero-de-mathematiques-bepc-session-2022-cameroun,https://epreuvesetcorriges.com/categories/cameroun/examens/bepc/32221-corrige-de-l-epreuve-zero-de-mathematiques-bepc-session-2022-cameroun/download,epreuvesetcorriges
BEPC,2022,CORRIGÉ DE L’ÉPREUVE ZÉRO DU BEPC 2022 CAMEROUN,https://epreuvesetcorriges.com/categories/cameroun/examens/bepc/32222-corrige-de-l-epreuve-zero-du-bepc-2022-cameroun,https://epreuvesetcorriges.com/categories/cameroun/examens/bepc/32222-corrige-de-l-epreuve-zero-du-bepc-2022-cameroun/download,epreuvesetcorriges
BEPC,2022,CORRIGÉ EPREUVE ZERO DE PCT - BEPC SESSION 2022 CAMEROUN,https://epreuvesetcorriges.com/categories/cameroun/examens/bepc/32223-corrige-epreuve-zero-de-pct-bepc-session-2022-cameroun,https://epreuvesetcorriges.com/categories/cameroun/examens/bepc/32223-corrige-epreuve-zero-de-pct-bepc-session-2022-cameroun/download,epreuvesetcorriges
BEPC,2022,CORRIGE ÉPREUVE ZÉRO DE SVTEEHB - BEPC - SESSION 2022 CAMEROUN,https://epreuvesetcorriges.com/categories/cameroun/examens/bepc/32224-corrige-epreuve-zero-de-svteehb-bepc-session-2022-cameroun,https://epreuvesetcorriges.com/categories/cameroun/examens/bepc/32224-corrige-epreuve-zero-de-svteehb-bepc-session-2022-cameroun/download,epreuvesetcorriges
BEPC,2022,CORRIGÉ TYPE EPREUVE ZERO D’ECM - BEPC SESSION 2022 CAMEROUN,https://epreuvesetcorriges.com/categories/cameroun/examens/bepc/32225-corrige-type-epreuve-zero-d-ecm-bepc-session-2022-cameroun,https://epreuvesetcorriges.com/categories/cameroun/examens/bepc/32225-corrige-type-epreuve-zero-d-ecm-bepc-session-2022-cameroun/download,epreuvesetcorriges
BEPC,2022,CORRIGÉ TYPE EPREUVE ZERO D’HISTOIRE - BEPC SESSION 2022 CAMEROUN,https://epreuvesetcorriges.com/categories/cameroun/examens/bepc/32226-corrige-type-epreuve-zero-d-histoire-bepc-session-2022-cameroun,https://epreuvesetcorriges.com/categories/cameroun/examens/bepc/32226-corrige-type-epreuve-zero-d-histoire-bepc-session-2022-cameroun/download,epreuvesetcorriges
BEPC,2022,CORRIGÉ TYPE ÉPREUVE ZÉRO D’INFORMATIQUE - BEPC SESSION 2022 CAMEROUN,https://epreuvesetcorriges.com/categories/cameroun/examens/bepc/32227-corrige-type-epreuve-zero-d-informatique-bepc-session-2022-cameroun,https://epreuvesetcorriges.com/categories/cameroun/examens/bepc/32227-corrige-type-epreuve-zero-d-informatique-bepc-session-2022-cameroun/download,epreuvesetcorriges
BEPC,2022,EPREUVE ZERO D’ALLEMAND - BEPC SESSION 2022 CAMEROUN,https://epreuvesetcorriges.com/categories/cameroun/examens/bepc/32230-epreuve-zero-d-allemand-bepc-session-2022-cameroun-2,https://epreuvesetcorriges.com/categories/cameroun/examens/bepc/32230-epreuve-zero-d-allemand-bepc-session-2022-cameroun-2/download,epreuvesetcorriges
BEPC,2022,EPREUVE ZERO D’ALLEMAND - PROBATOIRE A4 - SESSION 2022 CAMEROUN,https://epreuvesetcorriges.com/categories/cameroun/examens/bepc/32231-epreuve-zero-d-allemand-probatoire-a4-session-2022-cameroun-2,https://epreuvesetcorriges.com/categories/cameroun/examens/bepc/32231-epreuve-zero-d-allemand-probatoire-a4-session-2022-cameroun-2/download,epreuvesetcorriges
BEPC,2022,ÉPREUVE ZÉRO D’ESPAGNOL  - BEPC - SESSION 2022 CAMEROUN,https://epreuvesetcorriges.com/categories/cameroun/examens/bepc/32232-epreuve-zero-d-espagnol-bepc-session-2022-cameroun-2,https://epreuvesetcorriges.com/categories/cameroun/examens/bepc/32232-epreuve-zero-d-espagnol-bepc-session-2022-cameroun-2/download,epreuvesetcorriges
BEPC,2022,ÉPREUVE ZÉRO D’ÉTUDE DE TEXTE - BEPC - SESSION 2022 CAMEROUN,https://epreuvesetcorriges.com/categories/cameroun/examens/bepc/32233-epreuve-zero-d-etude-de-texte-bepc-session-2022-cameroun-2,https://epreuvesetcorriges.com/categories/cameroun/examens/bepc/32233-epreuve-zero-d-etude-de-texte-bepc-session-2022-cameroun-2/download,epreuvesetcorriges
BEPC,2022,ÉPREUVE ZÉRO D’EXPRESSION ECRITE - BEPC - SESSION 2022 CAMEROUN,https://epreuvesetcorriges.com/categories/cameroun/examens/bepc/32234-epreuve-zero-d-expression-ecrite-bepc-session-2022-cameroun-2,https://epreuvesetcorriges.com/categories/cameroun/examens/bepc/32234-epreuve-zero-d-expression-ecrite-bepc-session-2022-cameroun-2/download,epreuvesetcorriges
BEPC,2024,SUJET BEPC 2024 MATHEMATIQUES EVALUATION RÉGIONALE,https://epreuvesetcorriges.com/categories/cameroun/examens/bepc/35237-sujet-bepc-2024-mathematiques-evaluation-regionale,https://epreuvesetcorriges.com/categories/cameroun/examens/bepc/35237-sujet-bepc-2024-mathematiques-evaluation-regionale/download,epreuvesetcorriges
BEPC,2026,SVTEEHB et Corrigé Harmonisé – BEPC Blanc Régional N°1 – Session Février 2026 – Délégation Régionale du Sud,https://epreuvesetcorriges.com/categories/cameroun/examens/bepc/41926-svteehb-et-corrige-harmonise-bepc-blanc-regional-n-1-session-fevrier-2026-delegation-regionale-du-sud,https://epreuvesetcorriges.com/categories/cameroun/examens/bepc/41926-svteehb-et-corrige-harmonise-bepc-blanc-regional-n-1-session-fevrier-2026-delegation-regionale-du-sud/download,epreuvesetcorriges
BEPC,2026,Mathématiques – Épreuve zéro BEPC – Février 2026 – Délégation Régionale du Nord,https://epreuvesetcorriges.com/categories/cameroun/examens/bepc/41941-mathematiques-epreuve-zero-bepc-fevrier-2026-delegation-regionale-du-nord,https://epreuvesetcorriges.com/categories/cameroun/examens/bepc/41941-mathematiques-epreuve-zero-bepc-fevrier-2026-delegation-regionale-du-nord/download,epreuvesetcorriges
BEPC,2026,Corrigé Harmonisé National BEPC 2026 – Anglais – Cameroun (PDF),https://epreuvesetcorriges.com/categories/cameroun/examens/bepc/42878-corrige-harmonise-national-bepc-2026-anglais-cameroun-pdf,https://epreuvesetcorriges.com/categories/cameroun/examens/bepc/42878-corrige-harmonise-national-bepc-2026-anglais-cameroun-pdf/download,epreuvesetcorriges
BEPC,2026,Corrigé Harmonisé National BEPC 2026 – Etude de texte – Cameroun (PDF),https://epreuvesetcorriges.com/categories/cameroun/examens/bepc/42879-corrige-harmonise-national-bepc-2026-etude-de-texte-cameroun-pdf,https://epreuvesetcorriges.com/categories/cameroun/examens/bepc/42879-corrige-harmonise-national-bepc-2026-etude-de-texte-cameroun-pdf/download,epreuvesetcorriges
BEPC,2026,Corrigé Harmonisé National BEPC 2026 – Expression écrite – Cameroun (PDF),https://epreuvesetcorriges.com/categories/cameroun/examens/bepc/42880-corrige-harmonise-national-bepc-2026-expression-ecrite-cameroun-pdf,https://epreuvesetcorriges.com/categories/cameroun/examens/bepc/42880-corrige-harmonise-national-bepc-2026-expression-ecrite-cameroun-pdf/download,epreuvesetcorriges
BEPC,2026,Corrigé Harmonisé National BEPC 2026 – Espagnol – Cameroun (PDF),https://epreuvesetcorriges.com/categories/cameroun/examens/bepc/42881-corrige-harmonise-national-bepc-2026-espagnol-cameroun-pdf,https://epreuvesetcorriges.com/categories/cameroun/examens/bepc/42881-corrige-harmonise-national-bepc-2026-espagnol-cameroun-pdf/download,epreuvesetcorriges
BEPC,2026,Corrigé Harmonisé National BEPC 2026 – SVTEEHB – Cameroun (PDF),https://epreuvesetcorriges.com/categories/cameroun/examens/bepc/42882-corrige-harmonise-national-bepc-2026-svteehb-cameroun-pdf,https://epreuvesetcorriges.com/categories/cameroun/examens/bepc/42882-corrige-harmonise-national-bepc-2026-svteehb-cameroun-pdf/download,epreuvesetcorriges
BEPC,2026,Corrigé Harmonisé National BEPC 2026 – ECM – Cameroun (PDF),https://epreuvesetcorriges.com/categories/cameroun/examens/bepc/42883-corrige-harmonise-national-bepc-2026-ecm-cameroun-pdf,https://epreuvesetcorriges.com/categories/cameroun/examens/bepc/42883-corrige-harmonise-national-bepc-2026-ecm-cameroun-pdf/download,epreuvesetcorriges
BEPC,2026,Corrigé Harmonisé National BEPC 2026 – PCT – Cameroun (PDF),https://epreuvesetcorriges.com/categories/cameroun/examens/bepc/42884-corrige-harmonise-national-bepc-2026-pct-cameroun-pdf,https://epreuvesetcorriges.com/categories/cameroun/examens/bepc/42884-corrige-harmonise-national-bepc-2026-pct-cameroun-pdf/download,epreuvesetcorriges
BEPC,2026,Corrigé Harmonisé National BEPC 2026 – Mathématiques – Cameroun (PDF),https://epreuvesetcorriges.com/categories/cameroun/examens/bepc/42885-corrige-harmonise-national-bepc-2026-mathematiques-cameroun-pdf,https://epreuvesetcorriges.com/categories/cameroun/examens/bepc/42885-corrige-harmonise-national-bepc-2026-mathematiques-cameroun-pdf/download,epreuvesetcorriges
BEPC,2026,Corrigé Harmonisé National BEPC 2026 – Informatique Théorique – Cameroun (PDF),https://epreuvesetcorriges.com/categories/cameroun/examens/bepc/42886-corrige-harmonise-national-bepc-2026-informatique-theorique-cameroun-pdf,https://epreuvesetcorriges.com/categories/cameroun/examens/bepc/42886-corrige-harmonise-national-bepc-2026-informatique-theorique-cameroun-pdf/download,epreuvesetcorriges
BEPC,2026,Corrigé Harmonisé National BEPC 2026 – Géographie – Cameroun (PDF),https://epreuvesetcorriges.com/categories/cameroun/examens/bepc/42887-corrige-harmonise-national-bepc-2026-geographie-cameroun-pdf,https://epreuvesetcorriges.com/categories/cameroun/examens/bepc/42887-corrige-harmonise-national-bepc-2026-geographie-cameroun-pdf/download,epreuvesetcorriges
BEPC,2026,Corrigé Harmonisé National BEPC 2026 – Allemand – Cameroun (PDF),https://epreuvesetcorriges.com/categories/cameroun/examens/bepc/42888-corrige-harmonise-national-bepc-2026-allemand-cameroun-pdf,https://epreuvesetcorriges.com/categories/cameroun/examens/bepc/42888-corrige-harmonise-national-bepc-2026-allemand-cameroun-pdf/download,epreuvesetcorriges
BEPC,2026,Corrigé Harmonisé National BEPC 2026 – Dictée – Cameroun (PDF),https://epreuvesetcorriges.com/categories/cameroun/examens/bepc/42889-corrige-harmonise-national-bepc-2026-dictee-cameroun-pdf,https://epreuvesetcorriges.com/categories/cameroun/examens/bepc/42889-corrige-harmonise-national-bepc-2026-dictee-cameroun-pdf/download,epreuvesetcorriges
BEPC,2026,Fascicule Corrigés Harmonisés Nationaux BEPC 2026 – Cameroun (PDF),https://epreuvesetcorriges.com/categories/cameroun/examens/bepc/42997-fascicule-corriges-harmonises-nationaux-bepc-2026-cameroun-pdf,https://epreuvesetcorriges.com/categories/cameroun/examens/bepc/42997-fascicule-corriges-harmonises-nationaux-bepc-2026-cameroun-pdf/download,epreuvesetcorriges
Probatoire,2018,GÉOGRAPHIE EPREUVE ZÉRO PROBATOIRE A C D 2018,https://epreuvesetcorriges.com/categories/cameroun/examens/probatoire/3545-geographie-epreuve-zero-probatoire-a-c-d-2018,https://epreuvesetcorriges.com/categories/cameroun/examens/probatoire/3545-geographie-epreuve-zero-probatoire-a-c-d-2018/download,epreuvesetcorriges
Probatoire,2019,SVT DÉLÉGATION RÉGIONALE DE L’EXTRÊME NORD PROBATOIRE BLANC SÉRIE A MAI 2019,https://epreuvesetcorriges.com/categories/cameroun/examens/probatoire/3570-svt-delegation-regionale-de-l-extreme-nord-probatoire-blanc-serie-a-mai-2019,https://epreuvesetcorriges.com/categories/cameroun/examens/probatoire/3570-svt-delegation-regionale-de-l-extreme-nord-probatoire-blanc-serie-a-mai-2019/download,epreuvesetcorriges
Probatoire,2019,SVT DÉLÉGATION RÉGIONALE DE L’EXTRÊME NORD PROBATOIRE BLANC SÉRIE C MAI 2019,https://epreuvesetcorriges.com/categories/cameroun/examens/probatoire/3571-svt-delegation-regionale-de-l-extreme-nord-probatoire-blanc-serie-c-mai-2019,https://epreuvesetcorriges.com/categories/cameroun/examens/probatoire/3571-svt-delegation-regionale-de-l-extreme-nord-probatoire-blanc-serie-c-mai-2019/download,epreuvesetcorriges
Probatoire,2019,SVT DÉLÉGATION RÉGIONALE DE L’EXTRÊME NORD PROBATOIRE BLANC SÉRIE D MAI 2019,https://epreuvesetcorriges.com/categories/cameroun/examens/probatoire/3572-svt-delegation-regionale-de-l-extreme-nord-probatoire-blanc-serie-d-mai-2019,https://epreuvesetcorriges.com/categories/cameroun/examens/probatoire/3572-svt-delegation-regionale-de-l-extreme-nord-probatoire-blanc-serie-d-mai-2019/download,epreuvesetcorriges
Probatoire,2020,ALLEMAND-ÉPREUVE ZERO PROBATOIRE A4-ABI-2020 CAMEROUN,https://epreuvesetcorriges.com/categories/cameroun/examens/probatoire/4348-allemand-epreuve-zero-probatoire-a4-abi-2020-cameroun,https://epreuvesetcorriges.com/categories/cameroun/examens/probatoire/4348-allemand-epreuve-zero-probatoire-a4-abi-2020-cameroun/download,epreuvesetcorriges
Probatoire,2020,ANGLAIS-PROBATOIRE EPREUVE ZERO-SESSION 2020 CAMEROUN,https://epreuvesetcorriges.com/categories/cameroun/examens/probatoire/4354-anglais-probatoire-epreuve-zero-session-2020-cameroun,https://epreuvesetcorriges.com/categories/cameroun/examens/probatoire/4354-anglais-probatoire-epreuve-zero-session-2020-cameroun/download,epreuvesetcorriges
Probatoire,2020,"CORRIGE HARMONISE-EXAMEN  PROBATOIRE MATIERE  EPREUVE ZERO SCIENCES SERIES LITTÉRAIRES (A1, A2, A3, A4, A5 ET ABI-2020 CAMEROUN",https://epreuvesetcorriges.com/categories/cameroun/examens/probatoire/4365-corrige-harmonise-examen-probatoire-matiere-epreuve-zero-sciences-series-litteraires-a1-a2-a3-a4-a5-et-abi-2020-cameroun,https://epreuvesetcorriges.com/categories/cameroun/examens/probatoire/4365-corrige-harmonise-examen-probatoire-matiere-epreuve-zero-sciences-series-litteraires-a1-a2-a3-a4-a5-et-abi-2020-cameroun/download,epreuvesetcorriges
Probatoire,2020,CORRIGE HARMONISE-EXAMEN  PROBATOIRE MATIERE  EPREUVE ZERO SVTEEHB SERIES C & TI-2020 CAMEROUN,https://epreuvesetcorriges.com/categories/cameroun/examens/probatoire/4366-corrige-harmonise-examen-probatoire-matiere-epreuve-zero-svteehb-series-c-ti-2020-cameroun,https://epreuvesetcorriges.com/categories/cameroun/examens/probatoire/4366-corrige-harmonise-examen-probatoire-matiere-epreuve-zero-svteehb-series-c-ti-2020-cameroun/download,epreuvesetcorriges
Probatoire,,EPS-DELEGATION REGIONALE DES SPORTS ET DE L’EDUCATION PHYSIQUE REGION DU NORD-(SUJETS+CORRIGÉS) AU PROBATOIRE CAMEROUN,https://epreuvesetcorriges.com/categories/cameroun/examens/probatoire/4371-eps-delegation-regionale-des-sports-et-de-l-education-physique-region-du-nord-sujets-corriges-au-probatoire-cameroun,https://epreuvesetcorriges.com/categories/cameroun/examens/probatoire/4371-eps-delegation-regionale-des-sports-et-de-l-education-physique-region-du-nord-sujets-corriges-au-probatoire-cameroun/download,epreuvesetcorriges
Probatoire,2020,ESPAGNOL L V II-PROBATOIRE A2 EPREUVE ZÉRO-2020 CAMEROUN,https://epreuvesetcorriges.com/categories/cameroun/examens/probatoire/4373-espagnol-l-v-ii-probatoire-a2-epreuve-zero-2020-cameroun,https://epreuvesetcorriges.com/categories/cameroun/examens/probatoire/4373-espagnol-l-v-ii-probatoire-a2-epreuve-zero-2020-cameroun/download,epreuvesetcorriges
Probatoire,2020,ESPAGNOL-ÉPREUVE ZERO PROBATOIRE A4-ABI-2020 CAMEROUN,https://epreuvesetcorriges.com/categories/cameroun/examens/probatoire/4375-espagnol-epreuve-zero-probatoire-a4-abi-2020-cameroun,https://epreuvesetcorriges.com/categories/cameroun/examens/probatoire/4375-espagnol-epreuve-zero-probatoire-a4-abi-2020-cameroun/download,epreuvesetcorriges
Probatoire,2020,ESPAGNOL-ÉPREUVE ZERO PROBATOIRE DE BT-2020 CAMEROUN,https://epreuvesetcorriges.com/categories/cameroun/examens/probatoire/4376-espagnol-epreuve-zero-probatoire-de-bt-2020-cameroun,https://epreuvesetcorriges.com/categories/cameroun/examens/probatoire/4376-espagnol-epreuve-zero-probatoire-de-bt-2020-cameroun/download,epreuvesetcorriges
Probatoire,2020,ESPAGNOL-ÉPREUVE ZERO PROBATOIRE SES-2020 CAMEROUN,https://epreuvesetcorriges.com/categories/cameroun/examens/probatoire/4377-espagnol-epreuve-zero-probatoire-ses-2020-cameroun,https://epreuvesetcorriges.com/categories/cameroun/examens/probatoire/4377-espagnol-epreuve-zero-probatoire-ses-2020-cameroun/download,epreuvesetcorriges
Probatoire,2020,MATHEMATIQUES-PROBATOIRE A-ÉPREUVE ZÉRO-2020 CAMEROUN,https://epreuvesetcorriges.com/categories/cameroun/examens/probatoire/4403-mathematiques-probatoire-a-epreuve-zero-2020-cameroun,https://epreuvesetcorriges.com/categories/cameroun/examens/probatoire/4403-mathematiques-probatoire-a-epreuve-zero-2020-cameroun/download,epreuvesetcorriges
Probatoire,2020,MATHEMATIQUES-PROBATOIRE C-ÉPREUVE ZÉRO-2020 CAMEROUN,https://epreuvesetcorriges.com/categories/cameroun/examens/probatoire/4405-mathematiques-probatoire-c-epreuve-zero-2020-cameroun,https://epreuvesetcorriges.com/categories/cameroun/examens/probatoire/4405-mathematiques-probatoire-c-epreuve-zero-2020-cameroun/download,epreuvesetcorriges
Probatoire,2020,MATHEMATIQUES-PROBATOIRE D-ÉPREUVE ZÉRO-2020 CAMEROUN,https://epreuvesetcorriges.com/categories/cameroun/examens/probatoire/4406-mathematiques-probatoire-d-epreuve-zero-2020-cameroun,https://epreuvesetcorriges.com/categories/cameroun/examens/probatoire/4406-mathematiques-probatoire-d-epreuve-zero-2020-cameroun/download,epreuvesetcorriges
Probatoire,2019,SVT-CORRIGÉ HARMONISÉ NATIONAL-PROBATOIRE D-2019 CAMEROUN,https://epreuvesetcorriges.com/categories/cameroun/examens/probatoire/4427-svt-corrige-harmonise-national-probatoire-d-2019-cameroun,https://epreuvesetcorriges.com/categories/cameroun/examens/probatoire/4427-svt-corrige-harmonise-national-probatoire-d-2019-cameroun/download,epreuvesetcorriges
Probatoire,2019,SVT-DELEGATION REGIONALE DE L’EXTREME NORD-PROBATOIRE SÉRIE A BLANC -2019 CAMEROUN,https://epreuvesetcorriges.com/categories/cameroun/examens/probatoire/4428-svt-delegation-regionale-de-l-extreme-nord-probatoire-serie-a-blanc-2019-cameroun,https://epreuvesetcorriges.com/categories/cameroun/examens/probatoire/4428-svt-delegation-regionale-de-l-extreme-nord-probatoire-serie-a-blanc-2019-cameroun/download,epreuvesetcorriges
Probatoire,2019,SVT-DELEGATION REGIONALE DE L’EXTREME NORD-PROBATOIRE SÉRIE D BLANC -2019 CAMEROUN,https://epreuvesetcorriges.com/categories/cameroun/examens/probatoire/4429-svt-delegation-regionale-de-l-extreme-nord-probatoire-serie-d-blanc-2019-cameroun,https://epreuvesetcorriges.com/categories/cameroun/examens/probatoire/4429-svt-delegation-regionale-de-l-extreme-nord-probatoire-serie-d-blanc-2019-cameroun/download,epreuvesetcorriges
Probatoire,2020,SVT-EPREUVE ZÉRO-PROBATOIRE A-2020 CAMEROUN,https://epreuvesetcorriges.com/categories/cameroun/examens/probatoire/4431-svt-epreuve-zero-probatoire-a-2020-cameroun,https://epreuvesetcorriges.com/categories/cameroun/examens/probatoire/4431-svt-epreuve-zero-probatoire-a-2020-cameroun/download,epreuvesetcorriges
Probatoire,2020,SVT-ÉPREUVE ZÉRO-PROBATOIRE D  SESSION 2020 CAMEROUN,https://epreuvesetcorriges.com/categories/cameroun/examens/probatoire/4432-svt-epreuve-zero-probatoire-d-session-2020-cameroun,https://epreuvesetcorriges.com/categories/cameroun/examens/probatoire/4432-svt-epreuve-zero-probatoire-d-session-2020-cameroun/download,epreuvesetcorriges
Probatoire,2020,SVT-PROBATOIRE C & TI-ÉPREUVE ZÉRO N°2-(VOYANT)-2020 CAMEROUN,https://epreuvesetcorriges.com/categories/cameroun/examens/probatoire/4433-svt-probatoire-c-ti-epreuve-zero-n-2-voyant-2020-cameroun,https://epreuvesetcorriges.com/categories/cameroun/examens/probatoire/4433-svt-probatoire-c-ti-epreuve-zero-n-2-voyant-2020-cameroun/download,epreuvesetcorriges
Probatoire,2020,SVT-PROBATOIRE C & TI-ÉPREUVE ZÉRO N°2-2020 CAMEROUN,https://epreuvesetcorriges.com/categories/cameroun/examens/probatoire/4434-svt-probatoire-c-ti-epreuve-zero-n-2-2020-cameroun,https://epreuvesetcorriges.com/categories/cameroun/examens/probatoire/4434-svt-probatoire-c-ti-epreuve-zero-n-2-2020-cameroun/download,epreuvesetcorriges
Probatoire,2020,CHIMIE - CORRIGÉ HARMONISÉ - PROBATOIRE C D E 2020 CAMEROUN,https://epreuvesetcorriges.com/categories/cameroun/examens/probatoire/5211-chimie-corrige-harmonise-probatoire-c-d-e-2020-cameroun,https://epreuvesetcorriges.com/categories/cameroun/examens/probatoire/5211-chimie-corrige-harmonise-probatoire-c-d-e-2020-cameroun/download,epreuvesetcorriges
Probatoire,,"ÉPREUVE ZÉRO DE LANGUE FRANÇAISE - PROBATOIRE A, ABI CAMEROUN",https://epreuvesetcorriges.com/categories/cameroun/examens/probatoire/5212-epreuve-zero-de-langue-francaise-probatoire-a-abi-cameroun,https://epreuvesetcorriges.com/categories/cameroun/examens/probatoire/5212-epreuve-zero-de-langue-francaise-probatoire-a-abi-cameroun/download,epreuvesetcorriges
Probatoire,2020,EPREUVE ZERO PROBATOIRE 2020 - CORRIGE DE CHIMIE 2020 CAMEROUN,https://epreuvesetcorriges.com/categories/cameroun/examens/probatoire/5213-epreuve-zero-probatoire-2020-corrige-de-chimie-2020-cameroun,https://epreuvesetcorriges.com/categories/cameroun/examens/probatoire/5213-epreuve-zero-probatoire-2020-corrige-de-chimie-2020-cameroun/download,epreuvesetcorriges
Probatoire,2020,EPREUVE DE SCIENCES - PROBATOIRE LITTERAIRE - EPREUVE ZÉRO 2020 CAMEROUN,https://epreuvesetcorriges.com/categories/cameroun/examens/probatoire/7266-epreuve-de-sciences-probatoire-litteraire-epreuve-zero-2020-cameroun,https://epreuvesetcorriges.com/categories/cameroun/examens/probatoire/7266-epreuve-de-sciences-probatoire-litteraire-epreuve-zero-2020-cameroun/download,epreuvesetcorriges
Probatoire,,"ÉPREUVE ZÉRO DE FRANÇAIS - PROBATOIRE ACA,(ACC  CG  ACA) (FIG) CAMEROUN",https://epreuvesetcorriges.com/categories/cameroun/examens/probatoire/7267-epreuve-zero-de-francais-probatoire-aca-acc-cg-aca-fig-cameroun,https://epreuvesetcorriges.com/categories/cameroun/examens/probatoire/7267-epreuve-zero-de-francais-probatoire-aca-acc-cg-aca-fig-cameroun/download,epreuvesetcorriges
Probatoire,2020,"FRANÇAIS - PROBATOIRE F, AF, CI, ET DE BT EPREUVE ZÉRO 2020 CAMEROUN",https://epreuvesetcorriges.com/categories/cameroun/examens/probatoire/7268-francais-probatoire-f-af-ci-et-de-bt-epreuve-zero-2020-cameroun,https://epreuvesetcorriges.com/categories/cameroun/examens/probatoire/7268-francais-probatoire-f-af-ci-et-de-bt-epreuve-zero-2020-cameroun/download,epreuvesetcorriges
Probatoire,2021,ALLEMAND - ÉPREUVE ZÉRO - PROBATOIRE SÉRIE A4 A2 2021 CAMEROUN,https://epreuvesetcorriges.com/categories/cameroun/examens/probatoire/7869-allemand-epreuve-zero-probatoire-serie-a4-a2-2021-cameroun,https://epreuvesetcorriges.com/categories/cameroun/examens/probatoire/7869-allemand-epreuve-zero-probatoire-serie-a4-a2-2021-cameroun/download,epreuvesetcorriges
Probatoire,2021,CHIMIE - ÉPREUVE ZÉRO - PROBATOIRE TI 2021 CAMEROUN,https://epreuvesetcorriges.com/categories/cameroun/examens/probatoire/7871-chimie-epreuve-zero-probatoire-ti-2021-cameroun,https://epreuvesetcorriges.com/categories/cameroun/examens/probatoire/7871-chimie-epreuve-zero-probatoire-ti-2021-cameroun/download,epreuvesetcorriges
Probatoire,2021,CHIMIE - ÉPREUVE ZÉRO PROBATOIRE SÉRIE C D E 2021 CAMEROUN,https://epreuvesetcorriges.com/categories/cameroun/examens/probatoire/7872-chimie-epreuve-zero-probatoire-serie-c-d-e-2021-cameroun,https://epreuvesetcorriges.com/categories/cameroun/examens/probatoire/7872-chimie-epreuve-zero-probatoire-serie-c-d-e-2021-cameroun/download,epreuvesetcorriges
Probatoire,2021,COMPTABILITE - PROBATOIRE BLANC - COOPERATION EDUCATIVE - SESSION AVRIL 2021 - CLASSE P ACC -  CAMEROUN,https://epreuvesetcorriges.com/categories/cameroun/examens/probatoire/7888-comptabilite-probatoire-blanc-cooperation-educative-session-avril-2021-classe-p-acc-cameroun,https://epreuvesetcorriges.com/categories/cameroun/examens/probatoire/7888-comptabilite-probatoire-blanc-cooperation-educative-session-avril-2021-classe-p-acc-cameroun/download,epreuvesetcorriges
Probatoire,,"CORRECTION EPREUVE ZERO DE LANGUE FRANÇAISE EXAMEN  PROBATOIRE SERIE  C, D, E ET TI CAMEROUN",https://epreuvesetcorriges.com/categories/cameroun/examens/probatoire/7891-correction-epreuve-zero-de-langue-francaise-examen-probatoire-serie-c-d-e-et-ti-cameroun,https://epreuvesetcorriges.com/categories/cameroun/examens/probatoire/7891-correction-epreuve-zero-de-langue-francaise-examen-probatoire-serie-c-d-e-et-ti-cameroun/download,epreuvesetcorriges
Probatoire,2021,CORRIGÉ ÉPREUVE ZÉRO DE CHIMIE PROBATOIRE SÉRIE C D E 2021 CAMEROUN,https://epreuvesetcorriges.com/categories/cameroun/examens/probatoire/7892-corrige-epreuve-zero-de-chimie-probatoire-serie-c-d-e-2021-cameroun,https://epreuvesetcorriges.com/categories/cameroun/examens/probatoire/7892-corrige-epreuve-zero-de-chimie-probatoire-serie-c-d-e-2021-cameroun/download,epreuvesetcorriges
Probatoire,,CORRIGE HARMONISE - EXAMEN  PROBATOIRE MATIERE  EPREUVE ZERO SVTEEHB SERIES C & TI CAMEROUN,https://epreuvesetcorriges.com/categories/cameroun/examens/probatoire/7893-corrige-harmonise-examen-probatoire-matiere-epreuve-zero-svteehb-series-c-ti-cameroun,https://epreuvesetcorriges.com/categories/cameroun/examens/probatoire/7893-corrige-harmonise-examen-probatoire-matiere-epreuve-zero-svteehb-series-c-ti-cameroun/download,epreuvesetcorriges
Probatoire,,CORRIGE HARMONISE DE L’EPREUVE D’HISTOIRE -   PROBATOIRE ESG EPREUVE ZERO SERIES  A - B - C - D - E CAMEROUN,https://epreuvesetcorriges.com/categories/cameroun/examens/probatoire/7895-corrige-harmonise-de-l-epreuve-d-histoire-probatoire-esg-epreuve-zero-series-a-b-c-d-e-cameroun,https://epreuvesetcorriges.com/categories/cameroun/examens/probatoire/7895-corrige-harmonise-de-l-epreuve-d-histoire-probatoire-esg-epreuve-zero-series-a-b-c-d-e-cameroun/download,epreuvesetcorriges
Probatoire,,CORRIGE HARMONISE DE L’EPREUVE DE GEOGRAPHIE - EXAMEN  PROBATOIRE ESG CAMEROUN,https://epreuvesetcorriges.com/categories/cameroun/examens/probatoire/7896-corrige-harmonise-de-l-epreuve-de-geographie-examen-probatoire-esg-cameroun,https://epreuvesetcorriges.com/categories/cameroun/examens/probatoire/7896-corrige-harmonise-de-l-epreuve-de-geographie-examen-probatoire-esg-cameroun/download,epreuvesetcorriges
Probatoire,,CORRIGÉ HARMONISÉ NATIONAL - ÉPREUVE DE MATHÉMATIQUE - PROBATOIRE SÉRIE CG - ACC CAMEROUN,https://epreuvesetcorriges.com/categories/cameroun/examens/probatoire/7897-corrige-harmonise-national-epreuve-de-mathematique-probatoire-serie-cg-acc-cameroun,https://epreuvesetcorriges.com/categories/cameroun/examens/probatoire/7897-corrige-harmonise-national-epreuve-de-mathematique-probatoire-serie-cg-acc-cameroun/download,epreuvesetcorriges
Probatoire,,CORRIGÉ HARMONISÉ NATIONAL - PROBATOIRE STT - MATHÉMATIQUES APPLIQUÉES - SPÉCIALITÉ ACCCGFIG -  CAMEROUN,https://epreuvesetcorriges.com/categories/cameroun/examens/probatoire/7898-corrige-harmonise-national-probatoire-stt-mathematiques-appliquees-specialite-acccgfig-cameroun,https://epreuvesetcorriges.com/categories/cameroun/examens/probatoire/7898-corrige-harmonise-national-probatoire-stt-mathematiques-appliquees-specialite-acccgfig-cameroun/download,epreuvesetcorriges
Probatoire,,CORRIGÉ HARMONISÉ NATIONAL DE L’ÉPREUVE D’INFORMATIQUE THÉORIQUE - PROBATOIRE SÉRIE C D E CAMEROUN,https://epreuvesetcorriges.com/categories/cameroun/examens/probatoire/7899-corrige-harmonise-national-de-l-epreuve-d-informatique-theorique-probatoire-serie-c-d-e-cameroun,https://epreuvesetcorriges.com/categories/cameroun/examens/probatoire/7899-corrige-harmonise-national-de-l-epreuve-d-informatique-theorique-probatoire-serie-c-d-e-cameroun/download,epreuvesetcorriges
Probatoire,2021,CORRIGÉ HARMONISÉ NATIONAL DE L’ÉPREUVE DE CHIMIE - PROBATOIRE SÉRIE C D E - SESSION 2021 CAMEROUN,https://epreuvesetcorriges.com/categories/cameroun/examens/probatoire/7900-corrige-harmonise-national-de-l-epreuve-de-chimie-probatoire-serie-c-d-e-session-2021-cameroun,https://epreuvesetcorriges.com/categories/cameroun/examens/probatoire/7900-corrige-harmonise-national-de-l-epreuve-de-chimie-probatoire-serie-c-d-e-session-2021-cameroun/download,epreuvesetcorriges
Probatoire,,CORRIGÉ HARMONISÉ NATIONAL DE L’ÉPREUVE DE MATHÉMATIQUES  - PROBATOIRE SÉRIE CE CAMEROUN,https://epreuvesetcorriges.com/categories/cameroun/examens/probatoire/7901-corrige-harmonise-national-de-l-epreuve-de-mathematiques-probatoire-serie-ce-cameroun,https://epreuvesetcorriges.com/categories/cameroun/examens/probatoire/7901-corrige-harmonise-national-de-l-epreuve-de-mathematiques-probatoire-serie-ce-cameroun/download,epreuvesetcorriges
Probatoire,,CORRIGÉ HARMONISÉ NATIONAL DE L’ÉPREUVE DE MATHÉMATIQUES  - PROBATOIRE SÉRIE DTI -  CAMEROUN,https://epreuvesetcorriges.com/categories/cameroun/examens/probatoire/7902-corrige-harmonise-national-de-l-epreuve-de-mathematiques-probatoire-serie-dti-cameroun,https://epreuvesetcorriges.com/categories/cameroun/examens/probatoire/7902-corrige-harmonise-national-de-l-epreuve-de-mathematiques-probatoire-serie-dti-cameroun/download,epreuvesetcorriges
Probatoire,,CORRIGE NON HARMONISE - EXAMEN  PROBATOIRE ESG MATIERE  GEOGRAPHIE SERIE (S)  A - ABI CAMEROUN,https://epreuvesetcorriges.com/categories/cameroun/examens/probatoire/7903-corrige-non-harmonise-examen-probatoire-esg-matiere-geographie-serie-s-a-abi-cameroun,https://epreuvesetcorriges.com/categories/cameroun/examens/probatoire/7903-corrige-non-harmonise-examen-probatoire-esg-matiere-geographie-serie-s-a-abi-cameroun/download,epreuvesetcorriges
Probatoire,,CORRIGE NON HARMONISE - EXAMEN  PROBATOIRE ESG MATIERE HITOIRE CAMEROUN,https://epreuvesetcorriges.com/categories/cameroun/examens/probatoire/7904-corrige-non-harmonise-examen-probatoire-esg-matiere-hitoire-cameroun,https://epreuvesetcorriges.com/categories/cameroun/examens/probatoire/7904-corrige-non-harmonise-examen-probatoire-esg-matiere-hitoire-cameroun/download,epreuvesetcorriges
Probatoire,,CORRIGE NON HARMONISE - EXAMEN  PROBATOIRE ESG MATIERE HITOIRE SERIE (S) C D E TI CAMEROUN,https://epreuvesetcorriges.com/categories/cameroun/examens/probatoire/7905-corrige-non-harmonise-examen-probatoire-esg-matiere-hitoire-serie-s-c-d-e-ti-cameroun,https://epreuvesetcorriges.com/categories/cameroun/examens/probatoire/7905-corrige-non-harmonise-examen-probatoire-esg-matiere-hitoire-serie-s-c-d-e-ti-cameroun/download,epreuvesetcorriges
Probatoire,2021,ECM - ÉPREUVE ZÉRO - PROBATOIRE SÉRIE A C D TI 2021 CAMEROUN,https://epreuvesetcorriges.com/categories/cameroun/examens/probatoire/7907-ecm-epreuve-zero-probatoire-serie-a-c-d-ti-2021-cameroun,https://epreuvesetcorriges.com/categories/cameroun/examens/probatoire/7907-ecm-epreuve-zero-probatoire-serie-a-c-d-ti-2021-cameroun/download,epreuvesetcorriges
Probatoire,,EPREUVE ZERO TECHNOLOGIE ELECTRICITE ET ELECTRONIQUE -  PROBATOIRE CAMEROUN,https://epreuvesetcorriges.com/categories/cameroun/examens/probatoire/7947-epreuve-zero-technologie-electricite-et-electronique-probatoire-cameroun,https://epreuvesetcorriges.com/categories/cameroun/examens/probatoire/7947-epreuve-zero-technologie-electricite-et-electronique-probatoire-cameroun/download,epreuvesetcorriges
Probatoire,2021,ESPAGNOL - ÉPREUVE ZÉRO - PROBATOIRE SÉRIE A4  - ABI 2021 CAMEROUN,https://epreuvesetcorriges.com/categories/cameroun/examens/probatoire/7948-espagnol-epreuve-zero-probatoire-serie-a4-abi-2021-cameroun,https://epreuvesetcorriges.com/categories/cameroun/examens/probatoire/7948-espagnol-epreuve-zero-probatoire-serie-a4-abi-2021-cameroun/download,epreuvesetcorriges
Probatoire,,ESPAGNOL LVII - EPREUVE ZERO - BEPC CAMEROUN,https://epreuvesetcorriges.com/categories/cameroun/examens/probatoire/7949-espagnol-lvii-epreuve-zero-bepc-cameroun,https://epreuvesetcorriges.com/categories/cameroun/examens/probatoire/7949-espagnol-lvii-epreuve-zero-bepc-cameroun/download,epreuvesetcorriges
Probatoire,2021,GÉOGRAPHIE - ÉPREUVE ZÉRO - PROBATOIRE SÉRIE A4  - ABI 2021 CAMEROUN,https://epreuvesetcorriges.com/categories/cameroun/examens/probatoire/7951-geographie-epreuve-zero-probatoire-serie-a4-abi-2021-cameroun,https://epreuvesetcorriges.com/categories/cameroun/examens/probatoire/7951-geographie-epreuve-zero-probatoire-serie-a4-abi-2021-cameroun/download,epreuvesetcorriges
Probatoire,2021,LANGUE FRANÇAISE - ÉPREUVE ZÉRO - PROBATOIRE SÉRIE A - ABI 2021 (ÉPREUVE 2) CAMEROUN,https://epreuvesetcorriges.com/categories/cameroun/examens/probatoire/7963-langue-francaise-epreuve-zero-probatoire-serie-a-abi-2021-epreuve-2-cameroun,https://epreuvesetcorriges.com/categories/cameroun/examens/probatoire/7963-langue-francaise-epreuve-zero-probatoire-serie-a-abi-2021-epreuve-2-cameroun/download,epreuvesetcorriges
Probatoire,2021,LANGUE FRANÇAISE - ÉPREUVE ZÉRO - PROBATOIRE SÉRIE A - ABI 2021 CAMEROUN,https://epreuvesetcorriges.com/categories/cameroun/examens/probatoire/7964-langue-francaise-epreuve-zero-probatoire-serie-a-abi-2021-cameroun,https://epreuvesetcorriges.com/categories/cameroun/examens/probatoire/7964-langue-francaise-epreuve-zero-probatoire-serie-a-abi-2021-cameroun/download,epreuvesetcorriges
Probatoire,2021,LANGUE FRANCAISE - PROPOSITION DE CORRIGÉ DE L’EPREUVE ZERO 2021 - PROBATOIRE ESG - SÉRIE  C – D – E – TI CAMEROUN,https://epreuvesetcorriges.com/categories/cameroun/examens/probatoire/7965-langue-francaise-proposition-de-corrige-de-l-epreuve-zero-2021-probatoire-esg-serie-c-d-e-ti-cameroun,https://epreuvesetcorriges.com/categories/cameroun/examens/probatoire/7965-langue-francaise-proposition-de-corrige-de-l-epreuve-zero-2021-probatoire-esg-serie-c-d-e-ti-cameroun/download,epreuvesetcorriges
Probatoire,2021,LITTÉRATURE OU CULTURE GÉNÉRALE - ÉPREUVE ZÉRO - PROBATOIRE SÉRIE A - ABI 2021 CAMEROUN,https://epreuvesetcorriges.com/categories/cameroun/examens/probatoire/7966-litterature-ou-culture-generale-epreuve-zero-probatoire-serie-a-abi-2021-cameroun,https://epreuvesetcorriges.com/categories/cameroun/examens/probatoire/7966-litterature-ou-culture-generale-epreuve-zero-probatoire-serie-a-abi-2021-cameroun/download,epreuvesetcorriges
Probatoire,2021,MATHÉMATIQUES - ÉPREUVE ZÉRO - PROBATOIRE A - ABI 2021 CAMEROUN,https://epreuvesetcorriges.com/categories/cameroun/examens/probatoire/7969-mathematiques-epreuve-zero-probatoire-a-abi-2021-cameroun,https://epreuvesetcorriges.com/categories/cameroun/examens/probatoire/7969-mathematiques-epreuve-zero-probatoire-a-abi-2021-cameroun/download,epreuvesetcorriges
Probatoire,2021,MATHÉMATIQUES - ÉPREUVE ZÉRO - PROBATOIRE C 2021 CAMEROUN,https://epreuvesetcorriges.com/categories/cameroun/examens/probatoire/7970-mathematiques-epreuve-zero-probatoire-c-2021-cameroun,https://epreuvesetcorriges.com/categories/cameroun/examens/probatoire/7970-mathematiques-epreuve-zero-probatoire-c-2021-cameroun/download,epreuvesetcorriges
Probatoire,2021,MATHÉMATIQUES - ÉPREUVE ZÉRO - PROBATOIRE DTI 2021 CAMEROUN,https://epreuvesetcorriges.com/categories/cameroun/examens/probatoire/7971-mathematiques-epreuve-zero-probatoire-dti-2021-cameroun,https://epreuvesetcorriges.com/categories/cameroun/examens/probatoire/7971-mathematiques-epreuve-zero-probatoire-dti-2021-cameroun/download,epreuvesetcorriges
Probatoire,,PHYSIQUE - CORRIGÉ EPREUVE ZÉRO - PROBATOIRE DTI CAMEROUN,https://epreuvesetcorriges.com/categories/cameroun/examens/probatoire/7991-physique-corrige-epreuve-zero-probatoire-dti-cameroun,https://epreuvesetcorriges.com/categories/cameroun/examens/probatoire/7991-physique-corrige-epreuve-zero-probatoire-dti-cameroun/download,epreuvesetcorriges
Probatoire,2021,PHYSIQUE - ÉPREUVE ZÉRO - PROBATOIRE SÉRIE DTI 2021 (ÉPREUVE 2) CAMEROUN,https://epreuvesetcorriges.com/categories/cameroun/examens/probatoire/7993-physique-epreuve-zero-probatoire-serie-dti-2021-epreuve-2-cameroun,https://epreuvesetcorriges.com/categories/cameroun/examens/probatoire/7993-physique-epreuve-zero-probatoire-serie-dti-2021-epreuve-2-cameroun/download,epreuvesetcorriges
Probatoire,2021,PHYSIQUE - ÉPREUVE ZÉRO - PROBATOIRE SÉRIE DTI 2021 CAMEROUN,https://epreuvesetcorriges.com/categories/cameroun/examens/probatoire/7994-physique-epreuve-zero-probatoire-serie-dti-2021-cameroun,https://epreuvesetcorriges.com/categories/cameroun/examens/probatoire/7994-physique-epreuve-zero-probatoire-serie-dti-2021-cameroun/download,epreuvesetcorriges
Probatoire,,PROBATOIRE ESG MATIERE  SVTEEHB (EPREUVE ZERO) SERIES  PROBATOIRE D CAMEROUN,https://epreuvesetcorriges.com/categories/cameroun/examens/probatoire/8006-probatoire-esg-matiere-svteehb-epreuve-zero-series-probatoire-d-cameroun,https://epreuvesetcorriges.com/categories/cameroun/examens/probatoire/8006-probatoire-esg-matiere-svteehb-epreuve-zero-series-probatoire-d-cameroun/download,epreuvesetcorriges
Probatoire,,PROPOSITION DE CORRIGÉ REGIONAL DE L’EPREUVE ZERO PROBATOIRE C -  CAMEROUN,https://epreuvesetcorriges.com/categories/cameroun/examens/probatoire/8015-proposition-de-corrige-regional-de-l-epreuve-zero-probatoire-c-cameroun,https://epreuvesetcorriges.com/categories/cameroun/examens/probatoire/8015-proposition-de-corrige-regional-de-l-epreuve-zero-probatoire-c-cameroun/download,epreuvesetcorriges
Probatoire,2021,PROPOSITION DU CORRIGE - ÉPREUVE ZÉRO CHIMIE PROBATOIRE C D E 2021 CAMEROUN,https://epreuvesetcorriges.com/categories/cameroun/examens/probatoire/8016-proposition-du-corrige-epreuve-zero-chimie-probatoire-c-d-e-2021-cameroun,https://epreuvesetcorriges.com/categories/cameroun/examens/probatoire/8016-proposition-du-corrige-epreuve-zero-chimie-probatoire-c-d-e-2021-cameroun/download,epreuvesetcorriges
Probatoire,2021,PROPOSITION DU CORRIGE DE L’EPREUVE ZERO DES SCIENCES AU PROBATOIRE A SESSION 2021 CAMEROUN,https://epreuvesetcorriges.com/categories/cameroun/examens/probatoire/8017-proposition-du-corrige-de-l-epreuve-zero-des-sciences-au-probatoire-a-session-2021-cameroun,https://epreuvesetcorriges.com/categories/cameroun/examens/probatoire/8017-proposition-du-corrige-de-l-epreuve-zero-des-sciences-au-probatoire-a-session-2021-cameroun/download,epreuvesetcorriges
Probatoire,2021,SVTEEHB - CORRIGÉ REGIONAL DE L’EPREUVE ZERO PROBATOIRE C - TI - SESSION 2021 CAMEROUN,https://epreuvesetcorriges.com/categories/cameroun/examens/probatoire/8025-svteehb-corrige-regional-de-l-epreuve-zero-probatoire-c-ti-session-2021-cameroun,https://epreuvesetcorriges.com/categories/cameroun/examens/probatoire/8025-svteehb-corrige-regional-de-l-epreuve-zero-probatoire-c-ti-session-2021-cameroun/download,epreuvesetcorriges
Probatoire,2021,SVTEEHB - ÉPREUVE ZÉRO - PROBATOIRE SÉRIE D 2021(VOYANT) CAMEROUN,https://epreuvesetcorriges.com/categories/cameroun/examens/probatoire/8026-svteehb-epreuve-zero-probatoire-serie-d-2021-voyant-cameroun,https://epreuvesetcorriges.com/categories/cameroun/examens/probatoire/8026-svteehb-epreuve-zero-probatoire-serie-d-2021-voyant-cameroun/download,epreuvesetcorriges
Probatoire,2021,SVTEEHB - ÉPREUVE ZÉRO - PROBATOIRE SÉRIE D 2021(VOYANT) CAMEROUN,https://epreuvesetcorriges.com/categories/cameroun/examens/probatoire/8027-svteehb-epreuve-zero-probatoire-serie-d-2021-voyant-cameroun-2,https://epreuvesetcorriges.com/categories/cameroun/examens/probatoire/8027-svteehb-epreuve-zero-probatoire-serie-d-2021-voyant-cameroun-2/download,epreuvesetcorriges
Probatoire,2022,"CORRIGÉ - EPREUVE ZÉRO DE MATHEMATIQUES - PROBATOIRE - SÉRIE D,TI - SESSION 2022 CAMEROUN",https://epreuvesetcorriges.com/categories/cameroun/examens/probatoire/32241-corrige-epreuve-zero-de-mathematiques-probatoire-serie-d-ti-session-2022-cameroun,https://epreuvesetcorriges.com/categories/cameroun/examens/probatoire/32241-corrige-epreuve-zero-de-mathematiques-probatoire-serie-d-ti-session-2022-cameroun/download,epreuvesetcorriges
Probatoire,2022,CORRIGÉ EPREUVE ZERO DE CHIMIE - PROBATOIRE C D SESSION 2022 CAMEROUN,https://epreuvesetcorriges.com/categories/cameroun/examens/probatoire/32243-corrige-epreuve-zero-de-chimie-probatoire-c-d-session-2022-cameroun,https://epreuvesetcorriges.com/categories/cameroun/examens/probatoire/32243-corrige-epreuve-zero-de-chimie-probatoire-c-d-session-2022-cameroun/download,epreuvesetcorriges
Probatoire,2022,"CORRIGE ÉPREUVE ZERO DE INFORMATIQUE THÉORIQUE  PROBATOIRE SÉRIE  A,ABI,AC,SH - SESSION 2022 CAMEROUN",https://epreuvesetcorriges.com/categories/cameroun/examens/probatoire/32245-corrige-epreuve-zero-de-informatique-theorique-probatoire-serie-a-abi-ac-sh-session-2022-cameroun,https://epreuvesetcorriges.com/categories/cameroun/examens/probatoire/32245-corrige-epreuve-zero-de-informatique-theorique-probatoire-serie-a-abi-ac-sh-session-2022-cameroun/download,epreuvesetcorriges
Probatoire,2022,CORRIGÉ TYPE EPREUVE ZERO D’ECM  - PROBATOIRE SESSION 2022 CAMEROUN,https://epreuvesetcorriges.com/categories/cameroun/examens/probatoire/32247-corrige-type-epreuve-zero-d-ecm-probatoire-session-2022-cameroun,https://epreuvesetcorriges.com/categories/cameroun/examens/probatoire/32247-corrige-type-epreuve-zero-d-ecm-probatoire-session-2022-cameroun/download,epreuvesetcorriges
Probatoire,2022,CORRIGÉ TYPE EPREUVE ZERO D’HISTOIRE -  PROBATOIRE SESSION 2022 CAMEROUN,https://epreuvesetcorriges.com/categories/cameroun/examens/probatoire/32249-corrige-type-epreuve-zero-d-histoire-probatoire-session-2022-cameroun,https://epreuvesetcorriges.com/categories/cameroun/examens/probatoire/32249-corrige-type-epreuve-zero-d-histoire-probatoire-session-2022-cameroun/download,epreuvesetcorriges
Probatoire,2022,SUJET ÉPREUVE ZÉRO D’ÉTUDE DE TEXTE  -  CAP  -  SESSION 2022 CAMEROUN CAMEROUN,https://epreuvesetcorriges.com/categories/cameroun/examens/probatoire/32889-sujet-epreuve-zero-d-etude-de-texte-cap-session-2022-cameroun-cameroun,https://epreuvesetcorriges.com/categories/cameroun/examens/probatoire/32889-sujet-epreuve-zero-d-etude-de-texte-cap-session-2022-cameroun-cameroun/download,epreuvesetcorriges
Probatoire,2023,SUJET MATHEMATIQUES - EPREUVE ZERO - PROBATOIRE SERIE A - SESSION 2023 CAMEROUN,https://epreuvesetcorriges.com/categories/cameroun/examens/probatoire/32893-sujet-mathematiques-epreuve-zero-probatoire-serie-a-session-2023-cameroun,https://epreuvesetcorriges.com/categories/cameroun/examens/probatoire/32893-sujet-mathematiques-epreuve-zero-probatoire-serie-a-session-2023-cameroun/download,epreuvesetcorriges
Probatoire,2023,SUJET MATHEMATIQUES - EPREUVE ZERO - PROBATOIRE SERIE D - SESSION 2023 CAMEROUN,https://epreuvesetcorriges.com/categories/cameroun/examens/probatoire/32894-sujet-mathematiques-epreuve-zero-probatoire-serie-d-session-2023-cameroun,https://epreuvesetcorriges.com/categories/cameroun/examens/probatoire/32894-sujet-mathematiques-epreuve-zero-probatoire-serie-d-session-2023-cameroun/download,epreuvesetcorriges
Probatoire,2023,"SUJET MATHEMATIQUES - REGION DE L’ADAMAOUA - EPREUVE HARMONISÉE - PROBATOIRE C,E - SESSION 2023 CAMEROUN",https://epreuvesetcorriges.com/categories/cameroun/examens/probatoire/32896-sujet-mathematiques-region-de-l-adamaoua-epreuve-harmonisee-probatoire-c-e-session-2023-cameroun,https://epreuvesetcorriges.com/categories/cameroun/examens/probatoire/32896-sujet-mathematiques-region-de-l-adamaoua-epreuve-harmonisee-probatoire-c-e-session-2023-cameroun/download,epreuvesetcorriges
Probatoire,2023,SUJET PHYSIQUE - EPREUVE ZERO - PROBATOIRE CE - SESSION 2023 CAMEROUN,https://epreuvesetcorriges.com/categories/cameroun/examens/probatoire/32897-sujet-physique-epreuve-zero-probatoire-ce-session-2023-cameroun,https://epreuvesetcorriges.com/categories/cameroun/examens/probatoire/32897-sujet-physique-epreuve-zero-probatoire-ce-session-2023-cameroun/download,epreuvesetcorriges
Probatoire,2023,SUJET SVTEEHB - EPREUVE ZERO - PROBATOIRE CTI - SESSION 2023 CAMEROUN,https://epreuvesetcorriges.com/categories/cameroun/examens/probatoire/32898-sujet-svteehb-epreuve-zero-probatoire-cti-session-2023-cameroun,https://epreuvesetcorriges.com/categories/cameroun/examens/probatoire/32898-sujet-svteehb-epreuve-zero-probatoire-cti-session-2023-cameroun/download,epreuvesetcorriges
Probatoire,2023,"MATHEMATIQUES - EPREUVE ZERO - PROBATOIRE SERIE C, E - SESSION 2023 CAMEROUN",https://epreuvesetcorriges.com/categories/cameroun/examens/probatoire/32900-mathematiques-epreuve-zero-probatoire-serie-c-e-session-2023-cameroun,https://epreuvesetcorriges.com/categories/cameroun/examens/probatoire/32900-mathematiques-epreuve-zero-probatoire-serie-c-e-session-2023-cameroun/download,epreuvesetcorriges
Probatoire,2023,SUJET EPREUVE ZERO DE BIOLOGIE ECRITE - PROBATOIRE ESF - SESSION 2023 CAMEROUN,https://epreuvesetcorriges.com/categories/cameroun/examens/probatoire/32901-sujet-epreuve-zero-de-biologie-ecrite-probatoire-esf-session-2023-cameroun,https://epreuvesetcorriges.com/categories/cameroun/examens/probatoire/32901-sujet-epreuve-zero-de-biologie-ecrite-probatoire-esf-session-2023-cameroun/download,epreuvesetcorriges
Probatoire,2024,SUJET PROBATOIRE 2024 SERIE C MATHEMATIQUES EVALUATION RÉGIONALE,https://epreuvesetcorriges.com/categories/cameroun/examens/probatoire/35228-sujet-probatoire-2024-serie-c-mathematiques-evaluation-regionale,https://epreuvesetcorriges.com/categories/cameroun/examens/probatoire/35228-sujet-probatoire-2024-serie-c-mathematiques-evaluation-regionale/download,epreuvesetcorriges
Probatoire,2024,SUJET PROBATOIRE 2024 SERIE TI MATHEMATIQUES EVALUATION RÉGIONALE-,https://epreuvesetcorriges.com/categories/cameroun/examens/probatoire/35229-sujet-probatoire-2024-serie-ti-mathematiques-evaluation-regionale,https://epreuvesetcorriges.com/categories/cameroun/examens/probatoire/35229-sujet-probatoire-2024-serie-ti-mathematiques-evaluation-regionale/download,epreuvesetcorriges
Probatoire,2024,SUJET PROBATOIRE BLANC 2024 REGIONALE SERIE C-D CHIMIE,https://epreuvesetcorriges.com/categories/cameroun/examens/probatoire/35232-sujet-probatoire-blanc-2024-regionale-serie-c-d-chimie,https://epreuvesetcorriges.com/categories/cameroun/examens/probatoire/35232-sujet-probatoire-blanc-2024-regionale-serie-c-d-chimie/download,epreuvesetcorriges
Probatoire,,SUJET PROBATOIRE SERIE D MATHEMATIQUES EVALUATION RÉGIONALE,https://epreuvesetcorriges.com/categories/cameroun/examens/probatoire/35235-sujet-probatoire-serie-d-mathematiques-evaluation-regionale,https://epreuvesetcorriges.com/categories/cameroun/examens/probatoire/35235-sujet-probatoire-serie-d-mathematiques-evaluation-regionale/download,epreuvesetcorriges
Probatoire,2024,PROBATOIRE BLANC 2024 RÉGIONAL SERIE C-E MATHÉMATIQUES,https://epreuvesetcorriges.com/categories/cameroun/examens/probatoire/35301-probatoire-blanc-2024-regional-serie-c-e-mathematiques,https://epreuvesetcorriges.com/categories/cameroun/examens/probatoire/35301-probatoire-blanc-2024-regional-serie-c-e-mathematiques/download,epreuvesetcorriges
Probatoire,2024,CORRECTION HARMONISEE PROBATOIRE 2024  MATHEMATIQUES  SERIE C-E,https://epreuvesetcorriges.com/categories/cameroun/examens/probatoire/36001-correction-harmonisee-probatoire-2024-mathematiques-serie-c-e,https://epreuvesetcorriges.com/categories/cameroun/examens/probatoire/36001-correction-harmonisee-probatoire-2024-mathematiques-serie-c-e/download,epreuvesetcorriges
Probatoire,2024,CORRECTION HARMONISEE PROBATOIRE 2024  MATHEMATIQUES  SERIE D-TI,https://epreuvesetcorriges.com/categories/cameroun/examens/probatoire/36002-correction-harmonisee-probatoire-2024-mathematiques-serie-d-ti,https://epreuvesetcorriges.com/categories/cameroun/examens/probatoire/36002-correction-harmonisee-probatoire-2024-mathematiques-serie-d-ti/download,epreuvesetcorriges
Probatoire,2025,Probatoire Blanc Régional Avril 2025  Examen et Corrigé de Mathématiques PD - PTI,https://epreuvesetcorriges.com/categories/cameroun/examens/probatoire/39188-probatoire-blanc-regional-avril-2025-examen-et-corrige-de-mathematiques-pd-pti,https://epreuvesetcorriges.com/categories/cameroun/examens/probatoire/39188-probatoire-blanc-regional-avril-2025-examen-et-corrige-de-mathematiques-pd-pti/download,epreuvesetcorriges
Probatoire,2025,Sujet et Corrigé du Probatoire Blanc Régional 2025  Mathématiques Série D - TI,https://epreuvesetcorriges.com/categories/cameroun/examens/probatoire/39189-sujet-et-corrige-du-probatoire-blanc-regional-2025-mathematiques-serie-d-ti,https://epreuvesetcorriges.com/categories/cameroun/examens/probatoire/39189-sujet-et-corrige-du-probatoire-blanc-regional-2025-mathematiques-serie-d-ti/download,epreuvesetcorriges
Probatoire,2025,Probatoire 2025 : Épreuve Zéro Histoire Cameroun Série A-C-D-TI-SH,https://epreuvesetcorriges.com/categories/cameroun/examens/probatoire/39191-probatoire-2025-epreuve-zero-histoire-cameroun-serie-a-c-d-ti-sh,https://epreuvesetcorriges.com/categories/cameroun/examens/probatoire/39191-probatoire-2025-epreuve-zero-histoire-cameroun-serie-a-c-d-ti-sh/download,epreuvesetcorriges
Probatoire,2025,Probatoire 2025  Épreuve Zéro ECM Cameroun Série A-C-D-TI-SH,https://epreuvesetcorriges.com/categories/cameroun/examens/probatoire/39192-probatoire-2025-epreuve-zero-ecm-cameroun-serie-a-c-d-ti-sh,https://epreuvesetcorriges.com/categories/cameroun/examens/probatoire/39192-probatoire-2025-epreuve-zero-ecm-cameroun-serie-a-c-d-ti-sh/download,epreuvesetcorriges
Probatoire,2025,Sujet Probatoire Blanc Régional 2025 : Épreuve de Physique Série D et TI,https://epreuvesetcorriges.com/categories/cameroun/examens/probatoire/39193-sujet-probatoire-blanc-regional-2025-epreuve-de-physique-serie-d-et-ti,https://epreuvesetcorriges.com/categories/cameroun/examens/probatoire/39193-sujet-probatoire-blanc-regional-2025-epreuve-de-physique-serie-d-et-ti/download,epreuvesetcorriges
Probatoire,2025,Probatoire Blanc Régional 2025 : Épreuve d’Informatique Série C au Mfoundi,https://epreuvesetcorriges.com/categories/cameroun/examens/probatoire/39195-probatoire-blanc-regional-2025-epreuve-d-informatique-serie-c-au-mfoundi,https://epreuvesetcorriges.com/categories/cameroun/examens/probatoire/39195-probatoire-blanc-regional-2025-epreuve-d-informatique-serie-c-au-mfoundi/download,epreuvesetcorriges
Probatoire,2025,"Probatoire Blanc Régional 2025  Épreuve de Chimie Séries C, D, E",https://epreuvesetcorriges.com/categories/cameroun/examens/probatoire/39196-probatoire-blanc-regional-2025-epreuve-de-chimie-series-c-d-e,https://epreuvesetcorriges.com/categories/cameroun/examens/probatoire/39196-probatoire-blanc-regional-2025-epreuve-de-chimie-series-c-d-e/download,epreuvesetcorriges
Probatoire,2025,Épreuve Zéro Probatoire 2025  Langue Française – Série A4 – Région de l’Adamaoua,https://epreuvesetcorriges.com/categories/cameroun/examens/probatoire/39230-epreuve-zero-probatoire-2025-langue-francaise-serie-a4-region-de-l-adamaoua,https://epreuvesetcorriges.com/categories/cameroun/examens/probatoire/39230-epreuve-zero-probatoire-2025-langue-francaise-serie-a4-region-de-l-adamaoua/download,epreuvesetcorriges
Probatoire,2025,Épreuve Zéro Probatoire 2025  Littérature et Culture Générale – Série A4 – Région de l’Adamaoua,https://epreuvesetcorriges.com/categories/cameroun/examens/probatoire/39233-epreuve-zero-probatoire-2025-litterature-et-culture-generale-serie-a4-region-de-l-adamaoua,https://epreuvesetcorriges.com/categories/cameroun/examens/probatoire/39233-epreuve-zero-probatoire-2025-litterature-et-culture-generale-serie-a4-region-de-l-adamaoua/download,epreuvesetcorriges
Probatoire,2025,Probatoire Blanc Régional 2025 – SVTEEHB – Série D,https://epreuvesetcorriges.com/categories/cameroun/examens/probatoire/39273-probatoire-blanc-regional-2025-svteehb-serie-d,https://epreuvesetcorriges.com/categories/cameroun/examens/probatoire/39273-probatoire-blanc-regional-2025-svteehb-serie-d/download,epreuvesetcorriges
Probatoire,2025,"Sujet et Corrigé – Anglais Probatoire A, C, D, TI – Épreuve Zéro – Région de l’Adamawa – 2025",https://epreuvesetcorriges.com/categories/cameroun/examens/probatoire/39353-sujet-et-corrige-anglais-probatoire-a-c-d-ti-epreuve-zero-region-de-l-adamawa-2025,https://epreuvesetcorriges.com/categories/cameroun/examens/probatoire/39353-sujet-et-corrige-anglais-probatoire-a-c-d-ti-epreuve-zero-region-de-l-adamawa-2025/download,epreuvesetcorriges
Probatoire,2025,"Épreuve Zéro SVTEEHB – Probatoire C, TI – Région de l’Adamawa – 2025",https://epreuvesetcorriges.com/categories/cameroun/examens/probatoire/39354-epreuve-zero-svteehb-probatoire-c-ti-region-de-l-adamawa-2025,https://epreuvesetcorriges.com/categories/cameroun/examens/probatoire/39354-epreuve-zero-svteehb-probatoire-c-ti-region-de-l-adamawa-2025/download,epreuvesetcorriges
Probatoire,2025,Épreuve Zéro – Chimie Probatoire D et C – Région de l’Adamawa – 2025,https://epreuvesetcorriges.com/categories/cameroun/examens/probatoire/39356-epreuve-zero-chimie-probatoire-d-et-c-region-de-l-adamawa-2025,https://epreuvesetcorriges.com/categories/cameroun/examens/probatoire/39356-epreuve-zero-chimie-probatoire-d-et-c-region-de-l-adamawa-2025/download,epreuvesetcorriges
Probatoire,2025,"Épreuve Zéro – Géographie – Probatoire Régionale – Série A, C, D, TI – Session 2025",https://epreuvesetcorriges.com/categories/cameroun/examens/probatoire/39402-epreuve-zero-geographie-probatoire-regionale-serie-a-c-d-ti-session-2025,https://epreuvesetcorriges.com/categories/cameroun/examens/probatoire/39402-epreuve-zero-geographie-probatoire-regionale-serie-a-c-d-ti-session-2025/download,epreuvesetcorriges
Probatoire,2025,"Épreuve Zéro – Philosophie – Probatoire Régionale – Série C, D, E, TI – Session 2025",https://epreuvesetcorriges.com/categories/cameroun/examens/probatoire/39403-epreuve-zero-philosophie-probatoire-regionale-serie-c-d-e-ti-session-2025,https://epreuvesetcorriges.com/categories/cameroun/examens/probatoire/39403-epreuve-zero-philosophie-probatoire-regionale-serie-c-d-e-ti-session-2025/download,epreuvesetcorriges
Probatoire,2025,"Épreuve Zéro – Sciences – Probatoire Régionale – Séries A1, A2, A3, A4, ABI – Session 2025",https://epreuvesetcorriges.com/categories/cameroun/examens/probatoire/39404-epreuve-zero-sciences-probatoire-regionale-series-a1-a2-a3-a4-abi-session-2025,https://epreuvesetcorriges.com/categories/cameroun/examens/probatoire/39404-epreuve-zero-sciences-probatoire-regionale-series-a1-a2-a3-a4-abi-session-2025/download,epreuvesetcorriges
Probatoire,2025,Épreuve Zéro d’EPS – Probatoire 2025 – Région de l’Adamaoua,https://epreuvesetcorriges.com/categories/cameroun/examens/probatoire/39428-epreuve-zero-d-eps-probatoire-2025-region-de-l-adamaoua,https://epreuvesetcorriges.com/categories/cameroun/examens/probatoire/39428-epreuve-zero-d-eps-probatoire-2025-region-de-l-adamaoua/download,epreuvesetcorriges
Probatoire,2025,Épreuve de Chimie – Probatoire Blanc – Série C & D – Session 2025 – Délégation Régionale des Enseignements Secondaires de l’Ouest,https://epreuvesetcorriges.com/categories/cameroun/examens/probatoire/39486-epreuve-de-chimie-probatoire-blanc-serie-c-d-session-2025-delegation-regionale-des-enseignements-secondaires-de-l-ouest,https://epreuvesetcorriges.com/categories/cameroun/examens/probatoire/39486-epreuve-de-chimie-probatoire-blanc-serie-c-d-session-2025-delegation-regionale-des-enseignements-secondaires-de-l-ouest/download,epreuvesetcorriges
Probatoire,2025,Épreuve de Physique – Probatoire Blanc – Série C – Session 2025 – Délégation Régionale des Enseignements Secondaires de l’Ouest,https://epreuvesetcorriges.com/categories/cameroun/examens/probatoire/39487-epreuve-de-physique-probatoire-blanc-serie-c-session-2025-delegation-regionale-des-enseignements-secondaires-de-l-ouest,https://epreuvesetcorriges.com/categories/cameroun/examens/probatoire/39487-epreuve-de-physique-probatoire-blanc-serie-c-session-2025-delegation-regionale-des-enseignements-secondaires-de-l-ouest/download,epreuvesetcorriges
Probatoire,2025,Épreuve de Physique – Probatoire Blanc – Série D & TI – Session 2025 – Délégation Régionale des Enseignements Secondaires de l’Ouest,https://epreuvesetcorriges.com/categories/cameroun/examens/probatoire/39488-epreuve-de-physique-probatoire-blanc-serie-d-ti-session-2025-delegation-regionale-des-enseignements-secondaires-de-l-ouest,https://epreuvesetcorriges.com/categories/cameroun/examens/probatoire/39488-epreuve-de-physique-probatoire-blanc-serie-d-ti-session-2025-delegation-regionale-des-enseignements-secondaires-de-l-ouest/download,epreuvesetcorriges
Probatoire,2026,Sciences et Corrigé Harmonisé – Probatoire Blanc Régional N°1 – Série Littéraire – Session Février 2026 – Délégation Régionale du Sud,https://epreuvesetcorriges.com/categories/cameroun/examens/probatoire/41924-sciences-et-corrige-harmonise-probatoire-blanc-regional-n-1-serie-litteraire-session-fevrier-2026-delegation-regionale-du-sud,https://epreuvesetcorriges.com/categories/cameroun/examens/probatoire/41924-sciences-et-corrige-harmonise-probatoire-blanc-regional-n-1-serie-litteraire-session-fevrier-2026-delegation-regionale-du-sud/download,epreuvesetcorriges
Probatoire,2026,SVTEEHB Théorique et Corrigé Harmonisé – Probatoire Blanc Régional N°1 – Série D – Session Février 2026 – Délégation Régionale du Sud,https://epreuvesetcorriges.com/categories/cameroun/examens/probatoire/41925-svteehb-theorique-et-corrige-harmonise-probatoire-blanc-regional-n-1-serie-d-session-fevrier-2026-delegation-regionale-du-sud,https://epreuvesetcorriges.com/categories/cameroun/examens/probatoire/41925-svteehb-theorique-et-corrige-harmonise-probatoire-blanc-regional-n-1-serie-d-session-fevrier-2026-delegation-regionale-du-sud/download,epreuvesetcorriges
Probatoire,2026,Mathématiques – Épreuve harmonisée régionale Probatoire Blanc Nº1 – Série IH-ESF – Février 2026 – Région de l’Adamaoua,https://epreuvesetcorriges.com/categories/cameroun/examens/probatoire/41942-mathematiques-epreuve-harmonisee-regionale-probatoire-blanc-n-1-serie-ih-esf-fevrier-2026-region-de-l-adamaoua,https://epreuvesetcorriges.com/categories/cameroun/examens/probatoire/41942-mathematiques-epreuve-harmonisee-regionale-probatoire-blanc-n-1-serie-ih-esf-fevrier-2026-region-de-l-adamaoua/download,epreuvesetcorriges
Probatoire,2026,"Mathématiques – Épreuve harmonisée régionale Probatoire Blanc Nº1 – Séries F1, F2, F3 – Février 2026 – Région de l’Adamaoua",https://epreuvesetcorriges.com/categories/cameroun/examens/probatoire/41943-mathematiques-epreuve-harmonisee-regionale-probatoire-blanc-n-1-series-f1-f2-f3-fevrier-2026-region-de-l-adamaoua,https://epreuvesetcorriges.com/categories/cameroun/examens/probatoire/41943-mathematiques-epreuve-harmonisee-regionale-probatoire-blanc-n-1-series-f1-f2-f3-fevrier-2026-region-de-l-adamaoua/download,epreuvesetcorriges
Probatoire,2026,"Mathématiques – Épreuve harmonisée régionale Probatoire Blanc Nº1 – Séries F4, BA – Février 2026 – Région de l’Adamaoua",https://epreuvesetcorriges.com/categories/cameroun/examens/probatoire/41944-mathematiques-epreuve-harmonisee-regionale-probatoire-blanc-n-1-series-f4-ba-fevrier-2026-region-de-l-adamaoua,https://epreuvesetcorriges.com/categories/cameroun/examens/probatoire/41944-mathematiques-epreuve-harmonisee-regionale-probatoire-blanc-n-1-series-f4-ba-fevrier-2026-region-de-l-adamaoua/download,epreuvesetcorriges
Probatoire,2026,Mathématiques – Épreuve zéro régionale – Probatoire Série A4 – Février 2026 – Région du Nord | Sujet d’entraînement,https://epreuvesetcorriges.com/categories/cameroun/examens/probatoire/41971-mathematiques-epreuve-zero-regionale-probatoire-serie-a4-fevrier-2026-region-du-nord-sujet-d-entrainement,https://epreuvesetcorriges.com/categories/cameroun/examens/probatoire/41971-mathematiques-epreuve-zero-regionale-probatoire-serie-a4-fevrier-2026-region-du-nord-sujet-d-entrainement/download,epreuvesetcorriges
Probatoire,2026,Mathématiques – Épreuve zéro régionale – Probatoire Série C – Février 2026 – Région du Nord | Sujet d’entraînement,https://epreuvesetcorriges.com/categories/cameroun/examens/probatoire/41972-mathematiques-epreuve-zero-regionale-probatoire-serie-c-fevrier-2026-region-du-nord-sujet-d-entrainement,https://epreuvesetcorriges.com/categories/cameroun/examens/probatoire/41972-mathematiques-epreuve-zero-regionale-probatoire-serie-c-fevrier-2026-region-du-nord-sujet-d-entrainement/download,epreuvesetcorriges
Probatoire,2026,Mathématiques – Épreuve zéro régionale – Probatoire Série CE – Séquence 4 – Février 2026 – Région de l’Ouest | Sujet d’entraînement,https://epreuvesetcorriges.com/categories/cameroun/examens/probatoire/41973-mathematiques-epreuve-zero-regionale-probatoire-serie-ce-sequence-4-fevrier-2026-region-de-l-ouest-sujet-d-entrainement,https://epreuvesetcorriges.com/categories/cameroun/examens/probatoire/41973-mathematiques-epreuve-zero-regionale-probatoire-serie-ce-sequence-4-fevrier-2026-region-de-l-ouest-sujet-d-entrainement/download,epreuvesetcorriges
Probatoire,2026,Mathématiques – Épreuve zéro régionale – Probatoire Série D – Février 2026 – Région du Nord | Sujet d’entraînement,https://epreuvesetcorriges.com/categories/cameroun/examens/probatoire/41974-mathematiques-epreuve-zero-regionale-probatoire-serie-d-fevrier-2026-region-du-nord-sujet-d-entrainement,https://epreuvesetcorriges.com/categories/cameroun/examens/probatoire/41974-mathematiques-epreuve-zero-regionale-probatoire-serie-d-fevrier-2026-region-du-nord-sujet-d-entrainement/download,epreuvesetcorriges
Probatoire,2026,Mathématiques – Épreuve zéro régionale – Probatoire Série ESF – Séquence 4 – Février 2026 – Région de l’Ouest | Sujet d’entraînement,https://epreuvesetcorriges.com/categories/cameroun/examens/probatoire/41975-mathematiques-epreuve-zero-regionale-probatoire-serie-esf-sequence-4-fevrier-2026-region-de-l-ouest-sujet-d-entrainement,https://epreuvesetcorriges.com/categories/cameroun/examens/probatoire/41975-mathematiques-epreuve-zero-regionale-probatoire-serie-esf-sequence-4-fevrier-2026-region-de-l-ouest-sujet-d-entrainement/download,epreuvesetcorriges
Probatoire,2026,Mathématiques – Épreuve zéro régionale – Probatoire Spécialité F6-F7-F8 – Février 2026 – Région de l’Ouest | Sujet d’entraînement,https://epreuvesetcorriges.com/categories/cameroun/examens/probatoire/41976-mathematiques-epreuve-zero-regionale-probatoire-specialite-f6-f7-f8-fevrier-2026-region-de-l-ouest-sujet-d-entrainement,https://epreuvesetcorriges.com/categories/cameroun/examens/probatoire/41976-mathematiques-epreuve-zero-regionale-probatoire-specialite-f6-f7-f8-fevrier-2026-region-de-l-ouest-sujet-d-entrainement/download,epreuvesetcorriges
Probatoire,2026,Corrigé Harmonisé National Probatoire 2026 – Informatique Théorique Séries A-ABI-SH-AC – Cameroun (PDF),https://epreuvesetcorriges.com/categories/cameroun/examens/probatoire/43084-corrige-harmonise-national-probatoire-2026-informatique-theorique-series-a-abi-sh-ac-cameroun-pdf,https://epreuvesetcorriges.com/categories/cameroun/examens/probatoire/43084-corrige-harmonise-national-probatoire-2026-informatique-theorique-series-a-abi-sh-ac-cameroun-pdf/download,epreuvesetcorriges
Probatoire,2026,Corrigé Harmonisé National Probatoire 2026 – Informatique Théorique Séries C-D-E – Cameroun (PDF),https://epreuvesetcorriges.com/categories/cameroun/examens/probatoire/43085-corrige-harmonise-national-probatoire-2026-informatique-theorique-series-c-d-e-cameroun-pdf,https://epreuvesetcorriges.com/categories/cameroun/examens/probatoire/43085-corrige-harmonise-national-probatoire-2026-informatique-theorique-series-c-d-e-cameroun-pdf/download,epreuvesetcorriges
Probatoire,2026,Corrigé Harmonisé National Probatoire 2026 – Sciences Séries A1-A2-A3-A4-A5 – Cameroun (PDF),https://epreuvesetcorriges.com/categories/cameroun/examens/probatoire/43086-corrige-harmonise-national-probatoire-2026-sciences-series-a1-a2-a3-a4-a5-cameroun-pdf,https://epreuvesetcorriges.com/categories/cameroun/examens/probatoire/43086-corrige-harmonise-national-probatoire-2026-sciences-series-a1-a2-a3-a4-a5-cameroun-pdf/download,epreuvesetcorriges
Probatoire,2026,Corrigé Harmonisé National Probatoire 2026 – Mathématiques Séries C-E – Cameroun (PDF),https://epreuvesetcorriges.com/categories/cameroun/examens/probatoire/43087-corrige-harmonise-national-probatoire-2026-mathematiques-series-c-e-cameroun-pdf,https://epreuvesetcorriges.com/categories/cameroun/examens/probatoire/43087-corrige-harmonise-national-probatoire-2026-mathematiques-series-c-e-cameroun-pdf/download,epreuvesetcorriges
Probatoire,2026,Corrigé Harmonisé National Probatoire 2026 – Mathématiques Séries D-TI – Cameroun (PDF),https://epreuvesetcorriges.com/categories/cameroun/examens/probatoire/43088-corrige-harmonise-national-probatoire-2026-mathematiques-series-d-ti-cameroun-pdf,https://epreuvesetcorriges.com/categories/cameroun/examens/probatoire/43088-corrige-harmonise-national-probatoire-2026-mathematiques-series-d-ti-cameroun-pdf/download,epreuvesetcorriges
Probatoire,2026,Corrigé Harmonisé National Probatoire 2026 – SVTEEHB Série D – Cameroun (PDF),https://epreuvesetcorriges.com/categories/cameroun/examens/probatoire/43089-corrige-harmonise-national-probatoire-2026-svteehb-serie-d-cameroun-pdf,https://epreuvesetcorriges.com/categories/cameroun/examens/probatoire/43089-corrige-harmonise-national-probatoire-2026-svteehb-serie-d-cameroun-pdf/download,epreuvesetcorriges
