niveau_devine,annee_devinee,titre,lien_page_source,lien_externe,source_site
BAC,2025,BAC 2025 EPREUVE  DE PHYSIQUE PRATIQUE SÉRIES C PROBABLE CAMEROUN,https://epreuvesetcorriges.com/categories/cameroun/examens/bac/36093-bac-2025-epreuve-de-physique-pratique-series-c-probable-cameroun,https://epreuvesetcorriges.com/categories/cameroun/examens/bac/36093-bac-2025-epreuve-de-physique-pratique-series-c-probable-cameroun/download,epreuvesetcorriges
BAC,2025,BAC 2025 EPREUVE D'ANGLAIS SÉRIES A1-A5 PROBABLE  CAMEROUN,https://epreuvesetcorriges.com/categories/cameroun/examens/bac/36094-bac-2025-epreuve-d-anglais-series-a1-a5-probable-cameroun,https://epreuvesetcorriges.com/categories/cameroun/examens/bac/36094-bac-2025-epreuve-d-anglais-series-a1-a5-probable-cameroun/download,epreuvesetcorriges
BAC,2025,BAC 2025 EPREUVE SVTEEHB PRATIQUE SÉRIE D PROBABLE CAMEROUN,https://epreuvesetcorriges.com/categories/cameroun/examens/bac/36095-bac-2025-epreuve-svteehb-pratique-serie-d-probable-cameroun,https://epreuvesetcorriges.com/categories/cameroun/examens/bac/36095-bac-2025-epreuve-svteehb-pratique-serie-d-probable-cameroun/download,epreuvesetcorriges
BAC,2025,EXAMEN BLANC N°1 DU BAC 2025 ÉPREUVE  D'ESPAGNOL ET CORRIGÉ CLASSE DE TLEA4 COLLEGE ADVENTISTE CAMEROUN,https://epreuvesetcorriges.com/categories/cameroun/examens/bac/38058-examen-blanc-n-1-du-bac-2025-epreuve-d-espagnol-et-corrige-classe-de-tlea4-college-adventiste-cameroun,https://epreuvesetcorriges.com/categories/cameroun/examens/bac/38058-examen-blanc-n-1-du-bac-2025-epreuve-d-espagnol-et-corrige-classe-de-tlea4-college-adventiste-cameroun/download,epreuvesetcorriges
BAC,2025,ÉPREUVE BAC BLANC 2025 INFORMATIQUE THEORIQUE LYCEE  TLECD ANNEE SCOLAIRE 2024-2025 CAMEROUN,https://epreuvesetcorriges.com/categories/cameroun/examens/bac/38104-epreuve-bac-blanc-2025-informatique-theorique-lycee-tlecd-annee-scolaire-2024-2025-cameroun,https://epreuvesetcorriges.com/categories/cameroun/examens/bac/38104-epreuve-bac-blanc-2025-informatique-theorique-lycee-tlecd-annee-scolaire-2024-2025-cameroun/download,epreuvesetcorriges
BAC,2025,ÉPREUVE BAC BLANC 2025 INFORMATIQUE THEORIQUE TLEA4   ANNEE SCOLAIRE 2024-2025 CAMEROUN,https://epreuvesetcorriges.com/categories/cameroun/examens/bac/38105-epreuve-bac-blanc-2025-informatique-theorique-tlea4-annee-scolaire-2024-2025-cameroun,https://epreuvesetcorriges.com/categories/cameroun/examens/bac/38105-epreuve-bac-blanc-2025-informatique-theorique-tlea4-annee-scolaire-2024-2025-cameroun/download,epreuvesetcorriges
BAC,2025,EPREUVE DU BAC BLANC 2025 PHYSIQUE PRATIQUE SERIE C CAMEROUN,https://epreuvesetcorriges.com/categories/cameroun/examens/bac/38169-epreuve-du-bac-blanc-2025-physique-pratique-serie-c-cameroun,https://epreuvesetcorriges.com/categories/cameroun/examens/bac/38169-epreuve-du-bac-blanc-2025-physique-pratique-serie-c-cameroun/download,epreuvesetcorriges
BAC,2025,EPREUVE ET CORRIGE BAC BLANC 2025 ALLEMAND  LYCEE BILINGUE CLASSE DE TLeA4,https://epreuvesetcorriges.com/categories/cameroun/examens/bac/38170-epreuve-et-corrige-bac-blanc-2025-allemand-lycee-bilingue-classe-de-tlea4,https://epreuvesetcorriges.com/categories/cameroun/examens/bac/38170-epreuve-et-corrige-bac-blanc-2025-allemand-lycee-bilingue-classe-de-tlea4/download,epreuvesetcorriges
BAC,2025,EPREUVE ET CORRIGE DU BAC BLANC 2025 SVTEEHB SERIE D CAMEROUN,https://epreuvesetcorriges.com/categories/cameroun/examens/bac/38171-epreuve-et-corrige-du-bac-blanc-2025-svteehb-serie-d-cameroun,https://epreuvesetcorriges.com/categories/cameroun/examens/bac/38171-epreuve-et-corrige-du-bac-blanc-2025-svteehb-serie-d-cameroun/download,epreuvesetcorriges
BAC,2025,ÉPREUVE BAC BLANC 2025 N°1 MATHÉMATIQUES  TLECD LYCÉE BILINGUE MARS 2025 CAMEROUN,https://epreuvesetcorriges.com/categories/cameroun/examens/bac/38642-epreuve-bac-blanc-2025-n-1-mathematiques-tlecd-lycee-bilingue-mars-2025-cameroun,https://epreuvesetcorriges.com/categories/cameroun/examens/bac/38642-epreuve-bac-blanc-2025-n-1-mathematiques-tlecd-lycee-bilingue-mars-2025-cameroun/download,epreuvesetcorriges
BAC,2025,ÉPREUVE BAC BLANC 2025 N°1 MATHÉMATIQUES TLEC  LYCÉE BILINGUE MARS 2025 CAMEROUN,https://epreuvesetcorriges.com/categories/cameroun/examens/bac/38643-epreuve-bac-blanc-2025-n-1-mathematiques-tlec-lycee-bilingue-mars-2025-cameroun,https://epreuvesetcorriges.com/categories/cameroun/examens/bac/38643-epreuve-bac-blanc-2025-n-1-mathematiques-tlec-lycee-bilingue-mars-2025-cameroun/download,epreuvesetcorriges
BAC,2025,ÉPREUVE BAC BLANC 2025 N°1 PHILOSOPHIE TLEA COLLEGE MONTESQUIEU CAMEROUN,https://epreuvesetcorriges.com/categories/cameroun/examens/bac/38644-epreuve-bac-blanc-2025-n-1-philosophie-tlea-college-montesquieu-cameroun,https://epreuvesetcorriges.com/categories/cameroun/examens/bac/38644-epreuve-bac-blanc-2025-n-1-philosophie-tlea-college-montesquieu-cameroun/download,epreuvesetcorriges
BAC,2025,ÉPREUVE  BAC BLANC 2025 MATHÉMATIQUES SERIE D-TI  RÉGIONALE HARMONISÉ ADAMAOUA CAMEROUN,https://epreuvesetcorriges.com/categories/cameroun/examens/bac/38878-epreuve-bac-blanc-2025-mathematiques-serie-d-ti-regionale-harmonise-adamaoua-cameroun,https://epreuvesetcorriges.com/categories/cameroun/examens/bac/38878-epreuve-bac-blanc-2025-mathematiques-serie-d-ti-regionale-harmonise-adamaoua-cameroun/download,epreuvesetcorriges
BAC,2025,Épreuve Bac Blanc 2025 – Mathématiques Série D-TI  Examen Régional Harmonisé Adamaoua,https://epreuvesetcorriges.com/categories/cameroun/examens/bac/39116-epreuve-bac-blanc-2025-mathematiques-serie-d-ti-examen-regional-harmonise-adamaoua,https://epreuvesetcorriges.com/categories/cameroun/examens/bac/39116-epreuve-bac-blanc-2025-mathematiques-serie-d-ti-examen-regional-harmonise-adamaoua/download,epreuvesetcorriges
BAC,2025,Bac Blanc Théorique N°2 2025 : SVTEEHB Série Terminale D,https://epreuvesetcorriges.com/categories/cameroun/examens/bac/39194-bac-blanc-theorique-n-2-2025-svteehb-serie-terminale-d,https://epreuvesetcorriges.com/categories/cameroun/examens/bac/39194-bac-blanc-theorique-n-2-2025-svteehb-serie-terminale-d/download,epreuvesetcorriges
BAC,2025,Bac Blanc 2025 : Sujet et Corrigé de Mathématiques Série C – Lycée Classique d’Edéa,https://epreuvesetcorriges.com/categories/cameroun/examens/bac/39198-bac-blanc-2025-sujet-et-corrige-de-mathematiques-serie-c-lycee-classique-d-edea,https://epreuvesetcorriges.com/categories/cameroun/examens/bac/39198-bac-blanc-2025-sujet-et-corrige-de-mathematiques-serie-c-lycee-classique-d-edea/download,epreuvesetcorriges
BAC,2025,"Bac Blanc N°2 2025  Épreuve d’Anglais Séries A4, C, D – Collège La Prévoyance",https://epreuvesetcorriges.com/categories/cameroun/examens/bac/39200-bac-blanc-n-2-2025-epreuve-d-anglais-series-a4-c-d-college-la-prevoyance,https://epreuvesetcorriges.com/categories/cameroun/examens/bac/39200-bac-blanc-n-2-2025-epreuve-d-anglais-series-a4-c-d-college-la-prevoyance/download,epreuvesetcorriges
BAC,2025,Bac Blanc N°2 2025 : Épreuve de Chimie Pratique – Séries C et D,https://epreuvesetcorriges.com/categories/cameroun/examens/bac/39201-bac-blanc-n-2-2025-epreuve-de-chimie-pratique-series-c-et-d,https://epreuvesetcorriges.com/categories/cameroun/examens/bac/39201-bac-blanc-n-2-2025-epreuve-de-chimie-pratique-series-c-et-d/download,epreuvesetcorriges
BAC,2025,Bac Blanc N°2 2025  Épreuve de Chimie Théorique – Séries C et D,https://epreuvesetcorriges.com/categories/cameroun/examens/bac/39202-bac-blanc-n-2-2025-epreuve-de-chimie-theorique-series-c-et-d,https://epreuvesetcorriges.com/categories/cameroun/examens/bac/39202-bac-blanc-n-2-2025-epreuve-de-chimie-theorique-series-c-et-d/download,epreuvesetcorriges
BAC,2025,"Bac Blanc N°2 2025  Épreuve de Dessin Séries A, C, D – Collège La Prévoyance",https://epreuvesetcorriges.com/categories/cameroun/examens/bac/39203-bac-blanc-n-2-2025-epreuve-de-dessin-series-a-c-d-college-la-prevoyance,https://epreuvesetcorriges.com/categories/cameroun/examens/bac/39203-bac-blanc-n-2-2025-epreuve-de-dessin-series-a-c-d-college-la-prevoyance/download,epreuvesetcorriges
BAC,2025,"Bac Blanc N°2 2025  Éducation à la Citoyenneté – Séries A, C, D",https://epreuvesetcorriges.com/categories/cameroun/examens/bac/39204-bac-blanc-n-2-2025-education-a-la-citoyennete-series-a-c-d,https://epreuvesetcorriges.com/categories/cameroun/examens/bac/39204-bac-blanc-n-2-2025-education-a-la-citoyennete-series-a-c-d/download,epreuvesetcorriges
BAC,2025,Bac Blanc N°2 2025 : Épreuve d’Espagnol Série A4 – Collège La Prévoyance,https://epreuvesetcorriges.com/categories/cameroun/examens/bac/39205-bac-blanc-n-2-2025-epreuve-d-espagnol-serie-a4-college-la-prevoyance,https://epreuvesetcorriges.com/categories/cameroun/examens/bac/39205-bac-blanc-n-2-2025-epreuve-d-espagnol-serie-a4-college-la-prevoyance/download,epreuvesetcorriges
BAC,2025,"Bac Blanc N°2 2025 : Épreuve de Géographie Séries A, C, D – Collège La Prévoyance",https://epreuvesetcorriges.com/categories/cameroun/examens/bac/39206-bac-blanc-n-2-2025-epreuve-de-geographie-series-a-c-d-college-la-prevoyance,https://epreuvesetcorriges.com/categories/cameroun/examens/bac/39206-bac-blanc-n-2-2025-epreuve-de-geographie-series-a-c-d-college-la-prevoyance/download,epreuvesetcorriges
BAC,2025,Bac Blanc N°2 2025 : Épreuve de Langue Française – Collège La Prévoyance,https://epreuvesetcorriges.com/categories/cameroun/examens/bac/39207-bac-blanc-n-2-2025-epreuve-de-langue-francaise-college-la-prevoyance,https://epreuvesetcorriges.com/categories/cameroun/examens/bac/39207-bac-blanc-n-2-2025-epreuve-de-langue-francaise-college-la-prevoyance/download,epreuvesetcorriges
BAC,2025,Bac Blanc Avril 2025 : Épreuve de Mathématiques Série Terminale C – Collège Vogt,https://epreuvesetcorriges.com/categories/cameroun/examens/bac/39209-bac-blanc-avril-2025-epreuve-de-mathematiques-serie-terminale-c-college-vogt,https://epreuvesetcorriges.com/categories/cameroun/examens/bac/39209-bac-blanc-avril-2025-epreuve-de-mathematiques-serie-terminale-c-college-vogt/download,epreuvesetcorriges
BAC,2025,Bac Blanc Mai 2025  Épreuve de Mathématiques Série C – Lycée Classique d’Edéa,https://epreuvesetcorriges.com/categories/cameroun/examens/bac/39210-bac-blanc-mai-2025-epreuve-de-mathematiques-serie-c-lycee-classique-d-edea,https://epreuvesetcorriges.com/categories/cameroun/examens/bac/39210-bac-blanc-mai-2025-epreuve-de-mathematiques-serie-c-lycee-classique-d-edea/download,epreuvesetcorriges
BAC,2025,Bac Blanc N°2 Mai 2025 : Épreuve de Mathématiques – Série A4 – Collège La Prévoyance,https://epreuvesetcorriges.com/categories/cameroun/examens/bac/39211-bac-blanc-n-2-mai-2025-epreuve-de-mathematiques-serie-a4-college-la-prevoyance,https://epreuvesetcorriges.com/categories/cameroun/examens/bac/39211-bac-blanc-n-2-mai-2025-epreuve-de-mathematiques-serie-a4-college-la-prevoyance/download,epreuvesetcorriges
BAC,2025,Bac Blanc N°2 Mai 2025 : Épreuve de Philosophie – Série A4 – Collège La Prévoyance,https://epreuvesetcorriges.com/categories/cameroun/examens/bac/39213-bac-blanc-n-2-mai-2025-epreuve-de-philosophie-serie-a4-college-la-prevoyance,https://epreuvesetcorriges.com/categories/cameroun/examens/bac/39213-bac-blanc-n-2-mai-2025-epreuve-de-philosophie-serie-a4-college-la-prevoyance/download,epreuvesetcorriges
BAC,2025,Bac Blanc N°2 2025  Épreuve de Philosophie – Séries C et D – Collège La Prévoyance,https://epreuvesetcorriges.com/categories/cameroun/examens/bac/39214-bac-blanc-n-2-2025-epreuve-de-philosophie-series-c-et-d-college-la-prevoyance,https://epreuvesetcorriges.com/categories/cameroun/examens/bac/39214-bac-blanc-n-2-2025-epreuve-de-philosophie-series-c-et-d-college-la-prevoyance/download,epreuvesetcorriges
BAC,2025,Bac Blanc N°2 Mai 2025  Physique Pratique – Série C – Collège La Prévoyance,https://epreuvesetcorriges.com/categories/cameroun/examens/bac/39215-bac-blanc-n-2-mai-2025-physique-pratique-serie-c-college-la-prevoyance,https://epreuvesetcorriges.com/categories/cameroun/examens/bac/39215-bac-blanc-n-2-mai-2025-physique-pratique-serie-c-college-la-prevoyance/download,epreuvesetcorriges
BAC,2025,Bac Blanc N°2 Mai 2025  Épreuve de Physique Théorique – Série C – Collège La Prévoyance,https://epreuvesetcorriges.com/categories/cameroun/examens/bac/39216-bac-blanc-n-2-mai-2025-epreuve-de-physique-theorique-serie-c-college-la-prevoyance,https://epreuvesetcorriges.com/categories/cameroun/examens/bac/39216-bac-blanc-n-2-mai-2025-epreuve-de-physique-theorique-serie-c-college-la-prevoyance/download,epreuvesetcorriges
BAC,2025,Bac Blanc N°2 2025 : Épreuve de Physique Théorique – Série D – Collège La Prévoyance,https://epreuvesetcorriges.com/categories/cameroun/examens/bac/39217-bac-blanc-n-2-2025-epreuve-de-physique-theorique-serie-d-college-la-prevoyance,https://epreuvesetcorriges.com/categories/cameroun/examens/bac/39217-bac-blanc-n-2-2025-epreuve-de-physique-theorique-serie-d-college-la-prevoyance/download,epreuvesetcorriges
BAC,2025,Bac Blanc N°2 Mai 2025  SVTEEHB Théorique – Série D – Collège La Prévoyance,https://epreuvesetcorriges.com/categories/cameroun/examens/bac/39218-bac-blanc-n-2-mai-2025-svteehb-theorique-serie-d-college-la-prevoyance,https://epreuvesetcorriges.com/categories/cameroun/examens/bac/39218-bac-blanc-n-2-mai-2025-svteehb-theorique-serie-d-college-la-prevoyance/download,epreuvesetcorriges
BAC,2014,"Épreuve d'Anglais, BAC série A, année 2014, Cameroun",https://epreuvesetcorriges.com/categories/cameroun/examens/bac/115-epreuve-d-anglais-bac-serie-a-annee-2014-cameroun,https://epreuvesetcorriges.com/categories/cameroun/examens/bac/115-epreuve-d-anglais-bac-serie-a-annee-2014-cameroun/download,epreuvesetcorriges
BAC,2025,Bac Blanc N°2 Mai 2025  Épreuve de SVTEEHB – Série C – Collège La Prévoyance,https://epreuvesetcorriges.com/categories/cameroun/examens/bac/39219-bac-blanc-n-2-mai-2025-epreuve-de-svteehb-serie-c-college-la-prevoyance,https://epreuvesetcorriges.com/categories/cameroun/examens/bac/39219-bac-blanc-n-2-mai-2025-epreuve-de-svteehb-serie-c-college-la-prevoyance/download,epreuvesetcorriges
BAC,2025,Bac Blanc A4 Mai 2025 : Épreuve et corrigé d’Informatique Théorique – Diocèse de Bafang,https://epreuvesetcorriges.com/categories/cameroun/examens/bac/39220-bac-blanc-a4-mai-2025-epreuve-d-informatique-theorique-diocese-de-bafang,https://epreuvesetcorriges.com/categories/cameroun/examens/bac/39220-bac-blanc-a4-mai-2025-epreuve-d-informatique-theorique-diocese-de-bafang/download,epreuvesetcorriges
BAC,2025,Bac Blanc N°2 Mai 2025 : Épreuve de Chimie Pratique – Séries C et D – Région du Nord-Ouest,https://epreuvesetcorriges.com/categories/cameroun/examens/bac/39223-bac-blanc-n-2-mai-2025-epreuve-de-chimie-pratique-series-c-et-d-region-du-nord-ouest,https://epreuvesetcorriges.com/categories/cameroun/examens/bac/39223-bac-blanc-n-2-mai-2025-epreuve-de-chimie-pratique-series-c-et-d-region-du-nord-ouest/download,epreuvesetcorriges
BAC,2025,Bac Blanc Zéro 2025 : Chimie Théorique – Série D – Région du Nord-Ouest,https://epreuvesetcorriges.com/categories/cameroun/examens/bac/39224-bac-blanc-zero-2025-chimie-theorique-serie-d-region-du-nord-ouest,https://epreuvesetcorriges.com/categories/cameroun/examens/bac/39224-bac-blanc-zero-2025-chimie-theorique-serie-d-region-du-nord-ouest/download,epreuvesetcorriges
BAC,2025,Bac Blanc CD Mai 2025  Épreuve d’Informatique Théorique – Diocèse de Bafang,https://epreuvesetcorriges.com/categories/cameroun/examens/bac/39228-bac-blanc-cd-mai-2025-epreuve-d-informatique-theorique-diocese-de-bafang,https://epreuvesetcorriges.com/categories/cameroun/examens/bac/39228-bac-blanc-cd-mai-2025-epreuve-d-informatique-theorique-diocese-de-bafang/download,epreuvesetcorriges
BAC,2025,"Épreuve Zéro Bac 2025  Langue Française – Séries C, D, TI – Région de l’Adamaoua",https://epreuvesetcorriges.com/categories/cameroun/examens/bac/39229-epreuve-zero-bac-2025-langue-francaise-series-c-d-ti-region-de-l-adamaoua,https://epreuvesetcorriges.com/categories/cameroun/examens/bac/39229-epreuve-zero-bac-2025-langue-francaise-series-c-d-ti-region-de-l-adamaoua/download,epreuvesetcorriges
BAC,2025,Épreuve Zéro Bac 2025 : Langue Française – Série A4 – Région de l’Adamaoua,https://epreuvesetcorriges.com/categories/cameroun/examens/bac/39231-epreuve-zero-bac-2025-langue-francaise-serie-a4-region-de-l-adamaoua,https://epreuvesetcorriges.com/categories/cameroun/examens/bac/39231-epreuve-zero-bac-2025-langue-francaise-serie-a4-region-de-l-adamaoua/download,epreuvesetcorriges
BAC,2025,Épreuve Zéro Bac D 2025 : SVTEEHB Théorique – Région du Centre,https://epreuvesetcorriges.com/categories/cameroun/examens/bac/39235-epreuve-zero-bac-d-2025-svteehb-theorique-region-du-centre,https://epreuvesetcorriges.com/categories/cameroun/examens/bac/39235-epreuve-zero-bac-d-2025-svteehb-theorique-region-du-centre/download,epreuvesetcorriges
BAC,2025,Bac Blanc Avril 2025  Épreuve de Physique Théorique – Série C – Collège Vogt,https://epreuvesetcorriges.com/categories/cameroun/examens/bac/39252-bac-blanc-avril-2025-epreuve-de-physique-theorique-serie-c-college-vogt,https://epreuvesetcorriges.com/categories/cameroun/examens/bac/39252-bac-blanc-avril-2025-epreuve-de-physique-theorique-serie-c-college-vogt/download,epreuvesetcorriges
BAC,2025,Bac Blanc Mai 2025 – Physique – Séries D & TI – Collège Vogt,https://epreuvesetcorriges.com/categories/cameroun/examens/bac/39253-bac-blanc-mai-2025-physique-series-d-ti-college-vogt,https://epreuvesetcorriges.com/categories/cameroun/examens/bac/39253-bac-blanc-mai-2025-physique-series-d-ti-college-vogt/download,epreuvesetcorriges
BAC,2025,Bac Blanc Avril 2025 – Système d’Information – Série TLeTI – Collège Vogt,https://epreuvesetcorriges.com/categories/cameroun/examens/bac/39255-bac-blanc-avril-2025-systeme-d-information-serie-tleti-college-vogt,https://epreuvesetcorriges.com/categories/cameroun/examens/bac/39255-bac-blanc-avril-2025-systeme-d-information-serie-tleti-college-vogt/download,epreuvesetcorriges
BAC,2025,Bac Blanc Avril 2025 – SVTEEHB Théorique – Série D – Collège Vogt,https://epreuvesetcorriges.com/categories/cameroun/examens/bac/39256-bac-blanc-avril-2025-svteehb-theorique-serie-d-college-vogt,https://epreuvesetcorriges.com/categories/cameroun/examens/bac/39256-bac-blanc-avril-2025-svteehb-theorique-serie-d-college-vogt/download,epreuvesetcorriges
BAC,2025,Bac Blanc Avril 2025 – SVTEEHB Pratique – Série D – Collège Vogt,https://epreuvesetcorriges.com/categories/cameroun/examens/bac/39257-bac-blanc-avril-2025-svteehb-pratique-serie-d-college-vogt,https://epreuvesetcorriges.com/categories/cameroun/examens/bac/39257-bac-blanc-avril-2025-svteehb-pratique-serie-d-college-vogt/download,epreuvesetcorriges
BAC,2025,Baccalauréat Blanc Régional 2025 – SVTEEHB – Séries C & Ti,https://epreuvesetcorriges.com/categories/cameroun/examens/bac/39271-baccalaureat-blanc-regional-2025-svteehb-series-c-ti,https://epreuvesetcorriges.com/categories/cameroun/examens/bac/39271-baccalaureat-blanc-regional-2025-svteehb-series-c-ti/download,epreuvesetcorriges
BAC,2025,Baccalauréat Blanc Régional 2025 – SVTEEHB Pratique – Série D,https://epreuvesetcorriges.com/categories/cameroun/examens/bac/39272-baccalaureat-blanc-regional-2025-svteehb-pratique-serie-d,https://epreuvesetcorriges.com/categories/cameroun/examens/bac/39272-baccalaureat-blanc-regional-2025-svteehb-pratique-serie-d/download,epreuvesetcorriges
BAC,2025,Baccalauréat Blanc Avril 2025 – Mathématiques Appliquées – Terminale SES – Collège F-X. Vogt,https://epreuvesetcorriges.com/categories/cameroun/examens/bac/39281-baccalaureat-blanc-avril-2025-mathematiques-appliquees-terminale-ses-college-f-x-vogt,https://epreuvesetcorriges.com/categories/cameroun/examens/bac/39281-baccalaureat-blanc-avril-2025-mathematiques-appliquees-terminale-ses-college-f-x-vogt/download,epreuvesetcorriges
BAC,2025,Baccalauréat Blanc Avril 2025 – Mathématiques – Terminale A4 – Collège François-Xavier Vogt,https://epreuvesetcorriges.com/categories/cameroun/examens/bac/39282-baccalaureat-blanc-avril-2025-mathematiques-terminale-a4-college-francois-xavier-vogt,https://epreuvesetcorriges.com/categories/cameroun/examens/bac/39282-baccalaureat-blanc-avril-2025-mathematiques-terminale-a4-college-francois-xavier-vogt/download,epreuvesetcorriges
BAC,2025,Baccalauréat Blanc Avril 2025 – Mathématiques – Terminale C – Collège F-X. Vogt,https://epreuvesetcorriges.com/categories/cameroun/examens/bac/39283-baccalaureat-blanc-avril-2025-mathematiques-terminale-c-college-f-x-vogt,https://epreuvesetcorriges.com/categories/cameroun/examens/bac/39283-baccalaureat-blanc-avril-2025-mathematiques-terminale-c-college-f-x-vogt/download,epreuvesetcorriges
BAC,2025,Baccalauréat Blanc Avril 2025 – Mathématiques – Terminale D – Collège F-X. Vogt,https://epreuvesetcorriges.com/categories/cameroun/examens/bac/39284-baccalaureat-blanc-avril-2025-mathematiques-terminale-d-college-f-x-vogt,https://epreuvesetcorriges.com/categories/cameroun/examens/bac/39284-baccalaureat-blanc-avril-2025-mathematiques-terminale-d-college-f-x-vogt/download,epreuvesetcorriges
BAC,2025,Baccalauréat Blanc Avril 2025 – Mathématiques – Terminale SES – Collège F-X. Vogt,https://epreuvesetcorriges.com/categories/cameroun/examens/bac/39285-baccalaureat-blanc-avril-2025-mathematiques-terminale-ses-college-f-x-vogt,https://epreuvesetcorriges.com/categories/cameroun/examens/bac/39285-baccalaureat-blanc-avril-2025-mathematiques-terminale-ses-college-f-x-vogt/download,epreuvesetcorriges
BAC,2025,Baccalauréat Blanc Avril 2025 – Mathématiques – Terminale TI – Collège François-Xavier Vogt,https://epreuvesetcorriges.com/categories/cameroun/examens/bac/39286-baccalaureat-blanc-avril-2025-mathematiques-terminale-ti-college-francois-xavier-vogt,https://epreuvesetcorriges.com/categories/cameroun/examens/bac/39286-baccalaureat-blanc-avril-2025-mathematiques-terminale-ti-college-francois-xavier-vogt/download,epreuvesetcorriges
BAC,2025,Baccalauréat Blanc Harmonisé Régional 2025 – Mathématiques – Série D – DRES Nord,https://epreuvesetcorriges.com/categories/cameroun/examens/bac/39289-baccalaureat-blanc-harmonise-regional-2025-mathematiques-serie-d-dres-nord,https://epreuvesetcorriges.com/categories/cameroun/examens/bac/39289-baccalaureat-blanc-harmonise-regional-2025-mathematiques-serie-d-dres-nord/download,epreuvesetcorriges
BAC,2025,Baccalauréat Blanc Avril 2025 – Algorithmique et Programmation – Terminale TI – Collège F-X. Vogt,https://epreuvesetcorriges.com/categories/cameroun/examens/bac/39292-baccalaureat-blanc-avril-2025-algorithmique-et-programmation-terminale-ti-college-f-x-vogt,https://epreuvesetcorriges.com/categories/cameroun/examens/bac/39292-baccalaureat-blanc-avril-2025-algorithmique-et-programmation-terminale-ti-college-f-x-vogt/download,epreuvesetcorriges
BAC,2025,Baccalauréat Blanc Avril 2025 – Allemand – Terminale A4 – Collège F-X. Vogt,https://epreuvesetcorriges.com/categories/cameroun/examens/bac/39293-baccalaureat-blanc-avril-2025-allemand-terminale-a4-college-f-x-vogt,https://epreuvesetcorriges.com/categories/cameroun/examens/bac/39293-baccalaureat-blanc-avril-2025-allemand-terminale-a4-college-f-x-vogt/download,epreuvesetcorriges
BAC,2025,Baccalauréat Blanc Avril 2025 – Allemand – Terminale SES – Collège F-X. Vogt,https://epreuvesetcorriges.com/categories/cameroun/examens/bac/39294-baccalaureat-blanc-avril-2025-allemand-terminale-ses-college-f-x-vogt,https://epreuvesetcorriges.com/categories/cameroun/examens/bac/39294-baccalaureat-blanc-avril-2025-allemand-terminale-ses-college-f-x-vogt/download,epreuvesetcorriges
BAC,2025,Baccalauréat Blanc Avril 2025 – Anglais – Terminale A4 – Collège François-Xavier Vogt,https://epreuvesetcorriges.com/categories/cameroun/examens/bac/39295-baccalaureat-blanc-avril-2025-anglais-terminale-a4-college-francois-xavier-vogt,https://epreuvesetcorriges.com/categories/cameroun/examens/bac/39295-baccalaureat-blanc-avril-2025-anglais-terminale-a4-college-francois-xavier-vogt/download,epreuvesetcorriges
BAC,2025,"Baccalauréat Blanc Avril 2025 – Anglais – Terminale C, TI, D – Collège F-X. Vogt",https://epreuvesetcorriges.com/categories/cameroun/examens/bac/39296-baccalaureat-blanc-avril-2025-anglais-terminale-c-ti-d-college-f-x-vogt,https://epreuvesetcorriges.com/categories/cameroun/examens/bac/39296-baccalaureat-blanc-avril-2025-anglais-terminale-c-ti-d-college-f-x-vogt/download,epreuvesetcorriges
BAC,2025,Baccalauréat Blanc Avril 2025 – Chimie Pratique – Terminale C et D – Collège F-X. Vogt,https://epreuvesetcorriges.com/categories/cameroun/examens/bac/39297-baccalaureat-blanc-avril-2025-chimie-pratique-terminale-c-et-d-college-f-x-vogt,https://epreuvesetcorriges.com/categories/cameroun/examens/bac/39297-baccalaureat-blanc-avril-2025-chimie-pratique-terminale-c-et-d-college-f-x-vogt/download,epreuvesetcorriges
BAC,2025,"Baccalauréat Blanc Avril 2025 – Chimie – Terminale C, D et SES – Collège F-X. Vogt",https://epreuvesetcorriges.com/categories/cameroun/examens/bac/39298-baccalaureat-blanc-avril-2025-chimie-terminale-c-d-et-ses-college-f-x-vogt,https://epreuvesetcorriges.com/categories/cameroun/examens/bac/39298-baccalaureat-blanc-avril-2025-chimie-terminale-c-d-et-ses-college-f-x-vogt/download,epreuvesetcorriges
BAC,2025,Baccalauréat Blanc Avril 2025 – Chimie – Terminale TI – Collège Mgr. F-X. Vogt,https://epreuvesetcorriges.com/categories/cameroun/examens/bac/39299-baccalaureat-blanc-avril-2025-chimie-terminale-ti-college-mgr-f-x-vogt,https://epreuvesetcorriges.com/categories/cameroun/examens/bac/39299-baccalaureat-blanc-avril-2025-chimie-terminale-ti-college-mgr-f-x-vogt/download,epreuvesetcorriges
BAC,2025,Baccalauréat Blanc Avril 2025 – Comptabilité – Terminale SES – Collège F-X. Vogt,https://epreuvesetcorriges.com/categories/cameroun/examens/bac/39302-baccalaureat-blanc-avril-2025-comptabilite-terminale-ses-college-f-x-vogt,https://epreuvesetcorriges.com/categories/cameroun/examens/bac/39302-baccalaureat-blanc-avril-2025-comptabilite-terminale-ses-college-f-x-vogt/download,epreuvesetcorriges
BAC,2025,Baccalauréat Blanc Avril 2025 –  Dissertation Économique – Terminale SES – Collège F-X. Vogt,https://epreuvesetcorriges.com/categories/cameroun/examens/bac/39303-baccalaureat-blanc-avril-2025-dissertation-economique-terminale-ses-college-f-x-vogt,https://epreuvesetcorriges.com/categories/cameroun/examens/bac/39303-baccalaureat-blanc-avril-2025-dissertation-economique-terminale-ses-college-f-x-vogt/download,epreuvesetcorriges
BAC,2025,"Baccalauréat Blanc Mai 2025 – Anglais – Terminale A, C, D – Collège Mongo Beti",https://epreuvesetcorriges.com/categories/cameroun/examens/bac/39308-baccalaureat-blanc-mai-2025-anglais-terminale-a-c-d-college-mongo-beti,https://epreuvesetcorriges.com/categories/cameroun/examens/bac/39308-baccalaureat-blanc-mai-2025-anglais-terminale-a-c-d-college-mongo-beti/download,epreuvesetcorriges
BAC,2025,Baccalauréat Blanc Mai 2025 – SVTEEHB – Terminale D – Collège Mongo Beti,https://epreuvesetcorriges.com/categories/cameroun/examens/bac/39309-baccalaureat-blanc-mai-2025-svteehb-terminale-d-college-mongo-beti,https://epreuvesetcorriges.com/categories/cameroun/examens/bac/39309-baccalaureat-blanc-mai-2025-svteehb-terminale-d-college-mongo-beti/download,epreuvesetcorriges
BAC,2025,Sujet et Corrigé – Histoire BAC A4 – Baccalauréat Blanc Mai 2025,https://epreuvesetcorriges.com/categories/cameroun/examens/bac/39346-sujet-et-corrige-histoire-bac-a4-baccalaureat-blanc-mai-2025,https://epreuvesetcorriges.com/categories/cameroun/examens/bac/39346-sujet-et-corrige-histoire-bac-a4-baccalaureat-blanc-mai-2025/download,epreuvesetcorriges
BAC,2025,Sujet et Corrigé – Mathématiques BAC Série C – Institut Bilingue Tsimi Evouna – Baccalauréat Blanc N°2 – Mai 2025,https://epreuvesetcorriges.com/categories/cameroun/examens/bac/39347-sujet-et-corrige-mathematiques-bac-serie-c-institut-bilingue-tsimi-evouna-baccalaureat-blanc-n-2-mai-2025,https://epreuvesetcorriges.com/categories/cameroun/examens/bac/39347-sujet-et-corrige-mathematiques-bac-serie-c-institut-bilingue-tsimi-evouna-baccalaureat-blanc-n-2-mai-2025/download,epreuvesetcorriges
BAC,2025,Sujet et Corrigé – Philosophie BAC A4 – Collège Bilingue Montesquieu – Baccalauréat Blanc Mai 2025,https://epreuvesetcorriges.com/categories/cameroun/examens/bac/39348-sujet-et-corrige-philosophie-bac-a4-college-bilingue-montesquieu-baccalaureat-blanc-mai-2025,https://epreuvesetcorriges.com/categories/cameroun/examens/bac/39348-sujet-et-corrige-philosophie-bac-a4-college-bilingue-montesquieu-baccalaureat-blanc-mai-2025/download,epreuvesetcorriges
BAC,2025,Sujet et Corrigé – Philosophie BAC TCD – Collège Privé Bilingue Montesquieu – Baccalauréat Blanc Mai 2025,https://epreuvesetcorriges.com/categories/cameroun/examens/bac/39349-sujet-et-corrige-philosophie-bac-tcd-college-prive-bilingue-montesquieu-baccalaureat-blanc-mai-2025,https://epreuvesetcorriges.com/categories/cameroun/examens/bac/39349-sujet-et-corrige-philosophie-bac-tcd-college-prive-bilingue-montesquieu-baccalaureat-blanc-mai-2025/download,epreuvesetcorriges
BAC,2025,"Sujet et Corrigé – Sciences BAC A1, A2, A3, A4, ABI – Baccalauréat Blanc Régional 2025",https://epreuvesetcorriges.com/categories/cameroun/examens/bac/39350-sujet-et-corrige-sciences-bac-a1-a2-a3-a4-abi-baccalaureat-blanc-regional-2025,https://epreuvesetcorriges.com/categories/cameroun/examens/bac/39350-sujet-et-corrige-sciences-bac-a1-a2-a3-a4-abi-baccalaureat-blanc-regional-2025/download,epreuvesetcorriges
BAC,2025,Sujet et Corrigé – SVTEEHB BAC Tle D – Collège Privé Montesquieu – Baccalauréat Blanc Mai 2025,https://epreuvesetcorriges.com/categories/cameroun/examens/bac/39351-sujet-et-corrige-svteehb-bac-tle-d-college-prive-montesquieu-baccalaureat-blanc-mai-2025,https://epreuvesetcorriges.com/categories/cameroun/examens/bac/39351-sujet-et-corrige-svteehb-bac-tle-d-college-prive-montesquieu-baccalaureat-blanc-mai-2025/download,epreuvesetcorriges
BAC,2025,"Épreuve de Chimie Théorique – Baccalauréat Blanc Régional – Région du Centre – Mai 2025 – Série C, D, E",https://epreuvesetcorriges.com/categories/cameroun/examens/bac/39381-epreuve-de-chimie-theorique-baccalaureat-blanc-regional-region-du-centre-mai-2025-serie-c-d-e,https://epreuvesetcorriges.com/categories/cameroun/examens/bac/39381-epreuve-de-chimie-theorique-baccalaureat-blanc-regional-region-du-centre-mai-2025-serie-c-d-e/download,epreuvesetcorriges
BAC,2025,Épreuve de Chimie Théorique – Baccalauréat Blanc – Collège Privé Montesquieu – Mai 2025 – Terminale C-D,https://epreuvesetcorriges.com/categories/cameroun/examens/bac/39382-epreuve-de-chimie-theorique-baccalaureat-blanc-college-prive-montesquieu-mai-2025-terminale-c-d,https://epreuvesetcorriges.com/categories/cameroun/examens/bac/39382-epreuve-de-chimie-theorique-baccalaureat-blanc-college-prive-montesquieu-mai-2025-terminale-c-d/download,epreuvesetcorriges
BAC,2025,Épreuve Blanche – Mathématiques – Baccalauréat 2025 – Terminale A4 – Collège Privé Bilingue Montesquieu,https://epreuvesetcorriges.com/categories/cameroun/examens/bac/39383-epreuve-blanche-mathematiques-baccalaureat-2025-terminale-a4-college-prive-bilingue-montesquieu,https://epreuvesetcorriges.com/categories/cameroun/examens/bac/39383-epreuve-blanche-mathematiques-baccalaureat-2025-terminale-a4-college-prive-bilingue-montesquieu/download,epreuvesetcorriges
BAC,2025,Épreuve Blanche – Mathématiques – Baccalauréat 2025 – Série C/E – Collège Privé Bilingue Montesquieu,https://epreuvesetcorriges.com/categories/cameroun/examens/bac/39384-epreuve-blanche-mathematiques-baccalaureat-2025-serie-c-e-college-prive-bilingue-montesquieu,https://epreuvesetcorriges.com/categories/cameroun/examens/bac/39384-epreuve-blanche-mathematiques-baccalaureat-2025-serie-c-e-college-prive-bilingue-montesquieu/download,epreuvesetcorriges
BAC,2025,Épreuve de Philosophie – Baccalauréat Blanc – Collège Privé Montesquieu – Terminale A4 – Mai 2025,https://epreuvesetcorriges.com/categories/cameroun/examens/bac/39385-epreuve-de-philosophie-baccalaureat-blanc-college-prive-montesquieu-terminale-a4-mai-2025,https://epreuvesetcorriges.com/categories/cameroun/examens/bac/39385-epreuve-de-philosophie-baccalaureat-blanc-college-prive-montesquieu-terminale-a4-mai-2025/download,epreuvesetcorriges
BAC,2025,Épreuve de Physique Pratique – Baccalauréat Blanc – Collège Privé Bilingue Montesquieu – Mai 2025 – Terminale C-D,https://epreuvesetcorriges.com/categories/cameroun/examens/bac/39386-epreuve-de-physique-pratique-baccalaureat-blanc-college-prive-bilingue-montesquieu-mai-2025-terminale-c-d,https://epreuvesetcorriges.com/categories/cameroun/examens/bac/39386-epreuve-de-physique-pratique-baccalaureat-blanc-college-prive-bilingue-montesquieu-mai-2025-terminale-c-d/download,epreuvesetcorriges
BAC,2025,Épreuve de Physique Théorique – Baccalauréat Blanc – Collège Privé Montesquieu – Mai 2025 – Terminale C,https://epreuvesetcorriges.com/categories/cameroun/examens/bac/39387-epreuve-de-physique-theorique-baccalaureat-blanc-college-prive-montesquieu-mai-2025-terminale-c,https://epreuvesetcorriges.com/categories/cameroun/examens/bac/39387-epreuve-de-physique-theorique-baccalaureat-blanc-college-prive-montesquieu-mai-2025-terminale-c/download,epreuvesetcorriges
BAC,2025,Épreuve de Physique – Baccalauréat Blanc – Collège Privé Bilingue Montesquieu – Mai 2025 – Terminale D,https://epreuvesetcorriges.com/categories/cameroun/examens/bac/39388-epreuve-de-physique-baccalaureat-blanc-college-prive-bilingue-montesquieu-mai-2025-terminale-d,https://epreuvesetcorriges.com/categories/cameroun/examens/bac/39388-epreuve-de-physique-baccalaureat-blanc-college-prive-bilingue-montesquieu-mai-2025-terminale-d/download,epreuvesetcorriges
BAC,2025,Épreuve Blanche – Sciences – Baccalauréat Blanc – Collège Privé Bilingue Montesquieu – Mai 2025 – Terminale A4,https://epreuvesetcorriges.com/categories/cameroun/examens/bac/39389-epreuve-blanche-sciences-baccalaureat-blanc-college-prive-bilingue-montesquieu-mai-2025-terminale-a4,https://epreuvesetcorriges.com/categories/cameroun/examens/bac/39389-epreuve-blanche-sciences-baccalaureat-blanc-college-prive-bilingue-montesquieu-mai-2025-terminale-a4/download,epreuvesetcorriges
BAC,2025,Épreuve d’Informatique – Examen Blanc N°3 – Terminale C&D – Collège Bilingue Charles de Gaulle – Mai 2025,https://epreuvesetcorriges.com/categories/cameroun/examens/bac/39390-epreuve-d-informatique-examen-blanc-n-3-terminale-c-d-college-bilingue-charles-de-gaulle-mai-2025,https://epreuvesetcorriges.com/categories/cameroun/examens/bac/39390-epreuve-d-informatique-examen-blanc-n-3-terminale-c-d-college-bilingue-charles-de-gaulle-mai-2025/download,epreuvesetcorriges
BAC,2025,Baccalauréat Blanc Régional – Mathématiques – Série A4 – Session 2025,https://epreuvesetcorriges.com/categories/cameroun/examens/bac/39466-baccalaureat-blanc-regional-mathematiques-serie-a4-session-2025,https://epreuvesetcorriges.com/categories/cameroun/examens/bac/39466-baccalaureat-blanc-regional-mathematiques-serie-a4-session-2025/download,epreuvesetcorriges
BAC,2025,"Épreuve et Corrigé de Géographie – Épreuve Zéro Nationale – Baccalauréat Série A, B, C, D, E et TI – Session 2025",https://epreuvesetcorriges.com/categories/cameroun/examens/bac/39481-epreuve-et-corrige-de-geographie-epreuve-zero-nationale-baccalaureat-serie-a-b-c-d-e-et-ti-session-2025,https://epreuvesetcorriges.com/categories/cameroun/examens/bac/39481-epreuve-et-corrige-de-geographie-epreuve-zero-nationale-baccalaureat-serie-a-b-c-d-e-et-ti-session-2025/download,epreuvesetcorriges
BAC,2025,Épreuve de Chimie Pratique – Baccalauréat Blanc – Séries C & D – Session 2025,https://epreuvesetcorriges.com/categories/cameroun/examens/bac/39482-epreuve-de-chimie-pratique-baccalaureat-blanc-series-c-d-session-2025,https://epreuvesetcorriges.com/categories/cameroun/examens/bac/39482-epreuve-de-chimie-pratique-baccalaureat-blanc-series-c-d-session-2025/download,epreuvesetcorriges
BAC,2025,Épreuve de Chimie Théorique – Baccalauréat Blanc – Séries C & D – Session 2025,https://epreuvesetcorriges.com/categories/cameroun/examens/bac/39483-epreuve-de-chimie-theorique-baccalaureat-blanc-series-c-d-session-2025,https://epreuvesetcorriges.com/categories/cameroun/examens/bac/39483-epreuve-de-chimie-theorique-baccalaureat-blanc-series-c-d-session-2025/download,epreuvesetcorriges
BAC,2025,Épreuve de Physique Théorique – Baccalauréat Blanc – Série C – Session 2025 – Délégation Régionale de l’Ouest,https://epreuvesetcorriges.com/categories/cameroun/examens/bac/39484-epreuve-de-physique-theorique-baccalaureat-blanc-serie-c-session-2025-delegation-regionale-de-l-ouest,https://epreuvesetcorriges.com/categories/cameroun/examens/bac/39484-epreuve-de-physique-theorique-baccalaureat-blanc-serie-c-session-2025-delegation-regionale-de-l-ouest/download,epreuvesetcorriges
BAC,2025,Épreuve de Physique – Baccalauréat Blanc – Série D – Session 2025 – Délégation Régionale des Enseignements Secondaires de l’Ouest,https://epreuvesetcorriges.com/categories/cameroun/examens/bac/39485-epreuve-de-physique-baccalaureat-blanc-serie-d-session-2025-delegation-regionale-des-enseignements-secondaires-de-l-ouest,https://epreuvesetcorriges.com/categories/cameroun/examens/bac/39485-epreuve-de-physique-baccalaureat-blanc-serie-d-session-2025-delegation-regionale-des-enseignements-secondaires-de-l-ouest/download,epreuvesetcorriges
BAC,2025,Épreuve de Physique Théorique – Baccalauréat Série C – Session 2025 – Cameroun,https://epreuvesetcorriges.com/categories/cameroun/examens/bac/39563-epreuve-de-physique-theorique-baccalaureat-serie-c-session-2025-cameroun,https://epreuvesetcorriges.com/categories/cameroun/examens/bac/39563-epreuve-de-physique-theorique-baccalaureat-serie-c-session-2025-cameroun/download,epreuvesetcorriges
BAC,2025,Épreuve de Physique Théorique – Baccalauréat Série D – Session 2025 – Cameroun,https://epreuvesetcorriges.com/categories/cameroun/examens/bac/39564-epreuve-de-physique-theorique-baccalaureat-serie-d-session-2025-cameroun,https://epreuvesetcorriges.com/categories/cameroun/examens/bac/39564-epreuve-de-physique-theorique-baccalaureat-serie-d-session-2025-cameroun/download,epreuvesetcorriges
BAC,2025,Épreuve de Mathématiques – Baccalauréat Série A-ABI – Session 2025 – Cameroun,https://epreuvesetcorriges.com/categories/cameroun/examens/bac/39565-epreuve-de-mathematiques-baccalaureat-serie-a-abi-session-2025-cameroun,https://epreuvesetcorriges.com/categories/cameroun/examens/bac/39565-epreuve-de-mathematiques-baccalaureat-serie-a-abi-session-2025-cameroun/download,epreuvesetcorriges
BAC,2025,"Épreuve de Mathématiques – Baccalauréat Série C,E – Session 2025 – Cameroun",https://epreuvesetcorriges.com/categories/cameroun/examens/bac/39566-epreuve-de-mathematiques-baccalaureat-serie-c-e-session-2025-cameroun,https://epreuvesetcorriges.com/categories/cameroun/examens/bac/39566-epreuve-de-mathematiques-baccalaureat-serie-c-e-session-2025-cameroun/download,epreuvesetcorriges
BAC,2025,"Épreuve de Mathématiques – Baccalauréat Série D, TI – Session 2025 – Cameroun",https://epreuvesetcorriges.com/categories/cameroun/examens/bac/39567-epreuve-de-mathematiques-baccalaureat-serie-d-ti-session-2025-cameroun,https://epreuvesetcorriges.com/categories/cameroun/examens/bac/39567-epreuve-de-mathematiques-baccalaureat-serie-d-ti-session-2025-cameroun/download,epreuvesetcorriges
BAC,2025,"Proposition de Corrigé – Éducation à la Citoyenneté – Baccalauréat A, C, D, E, TI – Session 2025",https://epreuvesetcorriges.com/categories/cameroun/examens/bac/39568-proposition-de-corrige-education-a-la-citoyennete-baccalaureat-a-c-d-e-ti-session-2025,https://epreuvesetcorriges.com/categories/cameroun/examens/bac/39568-proposition-de-corrige-education-a-la-citoyennete-baccalaureat-a-c-d-e-ti-session-2025/download,epreuvesetcorriges
BAC,2025,Proposition de Corrigé – Épreuve de Géographie – Baccalauréat A-ABI – Session 2025 – Cameroun,https://epreuvesetcorriges.com/categories/cameroun/examens/bac/39569-proposition-de-corrige-epreuve-de-geographie-baccalaureat-a-abi-session-2025-cameroun,https://epreuvesetcorriges.com/categories/cameroun/examens/bac/39569-proposition-de-corrige-epreuve-de-geographie-baccalaureat-a-abi-session-2025-cameroun/download,epreuvesetcorriges
BAC,2025,"Proposition de Corrigé – Épreuve de Géographie – Baccalauréat C, D, E, TI – Session 2025 – Cameroun",https://epreuvesetcorriges.com/categories/cameroun/examens/bac/39570-proposition-de-corrige-epreuve-de-geographie-baccalaureat-c-d-e-ti-session-2025-cameroun,https://epreuvesetcorriges.com/categories/cameroun/examens/bac/39570-proposition-de-corrige-epreuve-de-geographie-baccalaureat-c-d-e-ti-session-2025-cameroun/download,epreuvesetcorriges
BAC,2025,Proposition de Corrigé – Épreuve d’Histoire – Baccalauréat A-ABI – Session 2025,https://epreuvesetcorriges.com/categories/cameroun/examens/bac/39571-proposition-de-corrige-epreuve-d-histoire-baccalaureat-a-abi-session-2025,https://epreuvesetcorriges.com/categories/cameroun/examens/bac/39571-proposition-de-corrige-epreuve-d-histoire-baccalaureat-a-abi-session-2025/download,epreuvesetcorriges
BAC,2025,"Épreuve et proposition de Corrigé d’Anglais – Baccalauréat Série A1, A2, A3, A4, A5 – Session 2025",https://epreuvesetcorriges.com/categories/cameroun/examens/bac/39634-epreuve-et-corrige-d-anglais-baccalaureat-serie-a1-a2-a3-a4-a5-session-2025,https://epreuvesetcorriges.com/categories/cameroun/examens/bac/39634-epreuve-et-corrige-d-anglais-baccalaureat-serie-a1-a2-a3-a4-a5-session-2025/download,epreuvesetcorriges
BAC,2025,Épreuve et Corrigé d’Espagnol – Baccalauréat Série A4-ABI – Session 2025,https://epreuvesetcorriges.com/categories/cameroun/examens/bac/39635-epreuve-et-corrige-d-espagnol-baccalaureat-serie-a4-abi-session-2025,https://epreuvesetcorriges.com/categories/cameroun/examens/bac/39635-epreuve-et-corrige-d-espagnol-baccalaureat-serie-a4-abi-session-2025/download,epreuvesetcorriges
BAC,2025,"Épreuve et Corrigé de Géographie – Baccalauréat Série A, ABI – Session 2025",https://epreuvesetcorriges.com/categories/cameroun/examens/bac/39639-epreuve-et-corrige-de-geographie-baccalaureat-serie-a-abi-session-2025,https://epreuvesetcorriges.com/categories/cameroun/examens/bac/39639-epreuve-et-corrige-de-geographie-baccalaureat-serie-a-abi-session-2025/download,epreuvesetcorriges
BAC,2025,"Épreuve et Corrigé d’Histoire – Baccalauréat Série A, ABI – Session 2025",https://epreuvesetcorriges.com/categories/cameroun/examens/bac/39640-epreuve-et-corrige-d-histoire-baccalaureat-serie-a-abi-session-2025,https://epreuvesetcorriges.com/categories/cameroun/examens/bac/39640-epreuve-et-corrige-d-histoire-baccalaureat-serie-a-abi-session-2025/download,epreuvesetcorriges
BAC,2025,Épreuve et Corrigé de Langue Française – Baccalauréat Série A4-ABI-SH – Session 2025,https://epreuvesetcorriges.com/categories/cameroun/examens/bac/39641-epreuve-et-corrige-de-langue-francaise-baccalaureat-serie-a4-abi-sh-session-2025,https://epreuvesetcorriges.com/categories/cameroun/examens/bac/39641-epreuve-et-corrige-de-langue-francaise-baccalaureat-serie-a4-abi-sh-session-2025/download,epreuvesetcorriges
BAC,2025,Épreuve et Corrigé de Littérature ou Culture Générale – Baccalauréat Série A4-ABI-SH – Session 2025,https://epreuvesetcorriges.com/categories/cameroun/examens/bac/39642-epreuve-et-corrige-de-litterature-ou-culture-generale-baccalaureat-serie-a4-abi-sh-session-2025,https://epreuvesetcorriges.com/categories/cameroun/examens/bac/39642-epreuve-et-corrige-de-litterature-ou-culture-generale-baccalaureat-serie-a4-abi-sh-session-2025/download,epreuvesetcorriges
BAC,2025,"Épreuve et Corrigé de Mathématiques – Baccalauréat Série A, ABI – Session 2025",https://epreuvesetcorriges.com/categories/cameroun/examens/bac/39643-epreuve-et-corrige-de-mathematiques-baccalaureat-serie-a-abi-session-2025,https://epreuvesetcorriges.com/categories/cameroun/examens/bac/39643-epreuve-et-corrige-de-mathematiques-baccalaureat-serie-a-abi-session-2025/download,epreuvesetcorriges
BAC,2025,Épreuve et Corrigé de Philosophie – Baccalauréat Série A4-ABI – Session 2025,https://epreuvesetcorriges.com/categories/cameroun/examens/bac/39645-epreuve-et-corrige-de-philosophie-baccalaureat-serie-a4-abi-session-2025,https://epreuvesetcorriges.com/categories/cameroun/examens/bac/39645-epreuve-et-corrige-de-philosophie-baccalaureat-serie-a4-abi-session-2025/download,epreuvesetcorriges
BAC,2025,"Épreuve d’Anglais – Baccalauréat Série A1, A2, A3, A4, A5 – Session 2025",https://epreuvesetcorriges.com/categories/cameroun/examens/bac/39646-epreuve-d-anglais-baccalaureat-serie-a1-a2-a3-a4-a5-session-2025,https://epreuvesetcorriges.com/categories/cameroun/examens/bac/39646-epreuve-d-anglais-baccalaureat-serie-a1-a2-a3-a4-a5-session-2025/download,epreuvesetcorriges
BAC,2025,"Épreuve Théorique d’Éducation Physique et Sportive – Baccalauréat Série A, C, D, E, TI – Session 2025",https://epreuvesetcorriges.com/categories/cameroun/examens/bac/39647-epreuve-theorique-d-education-physique-et-sportive-baccalaureat-serie-a-c-d-e-ti-session-2025,https://epreuvesetcorriges.com/categories/cameroun/examens/bac/39647-epreuve-theorique-d-education-physique-et-sportive-baccalaureat-serie-a-c-d-e-ti-session-2025/download,epreuvesetcorriges
BAC,2025,"Épreuve d’Espagnol – Baccalauréat Série A, ABI – Session 2025",https://epreuvesetcorriges.com/categories/cameroun/examens/bac/39648-epreuve-d-espagnol-baccalaureat-serie-a-abi-session-2025,https://epreuvesetcorriges.com/categories/cameroun/examens/bac/39648-epreuve-d-espagnol-baccalaureat-serie-a-abi-session-2025/download,epreuvesetcorriges
BAC,2025,"Épreuve d’Histoire – Baccalauréat Série A, ABI – Session 2025",https://epreuvesetcorriges.com/categories/cameroun/examens/bac/39652-epreuve-d-histoire-baccalaureat-serie-a-abi-session-2025,https://epreuvesetcorriges.com/categories/cameroun/examens/bac/39652-epreuve-d-histoire-baccalaureat-serie-a-abi-session-2025/download,epreuvesetcorriges
BAC,2025,Épreuve de Chinois – Baccalauréat Série A4-ABI – Session 2025,https://epreuvesetcorriges.com/categories/cameroun/examens/bac/39655-epreuve-de-chinois-baccalaureat-serie-a4-abi-session-2025,https://epreuvesetcorriges.com/categories/cameroun/examens/bac/39655-epreuve-de-chinois-baccalaureat-serie-a4-abi-session-2025/download,epreuvesetcorriges
BAC,2025,"Épreuve de Géographie – Baccalauréat Série A, ABI – Session 2025",https://epreuvesetcorriges.com/categories/cameroun/examens/bac/39656-epreuve-de-geographie-baccalaureat-serie-a-abi-session-2025,https://epreuvesetcorriges.com/categories/cameroun/examens/bac/39656-epreuve-de-geographie-baccalaureat-serie-a-abi-session-2025/download,epreuvesetcorriges
BAC,2025,"Épreuve de Langue Arabe – Baccalauréat Série A2, A4, A5, ABI – Session 2025",https://epreuvesetcorriges.com/categories/cameroun/examens/bac/39657-epreuve-de-langue-arabe-baccalaureat-serie-a2-a4-a5-abi-session-2025,https://epreuvesetcorriges.com/categories/cameroun/examens/bac/39657-epreuve-de-langue-arabe-baccalaureat-serie-a2-a4-a5-abi-session-2025/download,epreuvesetcorriges
BAC,2025,"Épreuve de Langue Française – Baccalauréat Série A, ABI, SH – Session 2025",https://epreuvesetcorriges.com/categories/cameroun/examens/bac/39658-epreuve-de-langue-francaise-baccalaureat-serie-a-abi-sh-session-2025,https://epreuvesetcorriges.com/categories/cameroun/examens/bac/39658-epreuve-de-langue-francaise-baccalaureat-serie-a-abi-sh-session-2025/download,epreuvesetcorriges
BAC,2025,Épreuve de Littérature ou Culture Générale – Baccalauréat Série AABI-SH – Session 2025,https://epreuvesetcorriges.com/categories/cameroun/examens/bac/39659-epreuve-de-litterature-ou-culture-generale-baccalaureat-serie-aabi-sh-session-2025,https://epreuvesetcorriges.com/categories/cameroun/examens/bac/39659-epreuve-de-litterature-ou-culture-generale-baccalaureat-serie-aabi-sh-session-2025/download,epreuvesetcorriges
BAC,2025,"Épreuve de Mathématiques – Baccalauréat Série A, ABI – Session 2025",https://epreuvesetcorriges.com/categories/cameroun/examens/bac/39660-epreuve-de-mathematiques-baccalaureat-serie-a-abi-session-2025,https://epreuvesetcorriges.com/categories/cameroun/examens/bac/39660-epreuve-de-mathematiques-baccalaureat-serie-a-abi-session-2025/download,epreuvesetcorriges
BAC,2025,Épreuve de Sciences Bac 2025 Série AABI – Sujet officiel corrigé PDF,https://epreuvesetcorriges.com/categories/cameroun/examens/bac/39663-epreuve-de-sciences-bac-2025-serie-aabi-sujet-officiel-corrige-pdf,https://epreuvesetcorriges.com/categories/cameroun/examens/bac/39663-epreuve-de-sciences-bac-2025-serie-aabi-sujet-officiel-corrige-pdf/download,epreuvesetcorriges
BAC,2025,Sujet de Philosophie Bac 2025 – Séries A4 et ABI : Texte et Dissertation à Télécharger,https://epreuvesetcorriges.com/categories/cameroun/examens/bac/39664-sujet-de-philosophie-bac-2025-series-a4-et-abi-texte-et-dissertation-a-telecharger,https://epreuvesetcorriges.com/categories/cameroun/examens/bac/39664-sujet-de-philosophie-bac-2025-series-a4-et-abi-texte-et-dissertation-a-telecharger/download,epreuvesetcorriges
BAC,2025,"Sujet Informatique Théorique Bac 2025 – Séries A, ABI, SH, AC : PDF officiel à télécharger",https://epreuvesetcorriges.com/categories/cameroun/examens/bac/39665-sujet-informatique-theorique-bac-2025-series-a-abi-sh-ac-pdf-officiel-a-telecharger,https://epreuvesetcorriges.com/categories/cameroun/examens/bac/39665-sujet-informatique-theorique-bac-2025-series-a-abi-sh-ac-pdf-officiel-a-telecharger/download,epreuvesetcorriges
BAC,2025,Compilation Complète – Toutes les Épreuves du Baccalauréat Série A-ABI – Session 2025,https://epreuvesetcorriges.com/categories/cameroun/examens/bac/39696-compilation-complete-toutes-les-epreuves-du-baccalaureat-serie-a-abi-session-2025,https://epreuvesetcorriges.com/categories/cameroun/examens/bac/39696-compilation-complete-toutes-les-epreuves-du-baccalaureat-serie-a-abi-session-2025/download,epreuvesetcorriges
BAC,2025,Épreuve et Corrigé de Mathématiques – Baccalauréat Série D-TI – Session 2025 Cameroun,https://epreuvesetcorriges.com/categories/cameroun/examens/bac/39732-epreuve-et-corrige-de-mathematiques-baccalaureat-serie-d-ti-session-2025-cameroun,https://epreuvesetcorriges.com/categories/cameroun/examens/bac/39732-epreuve-et-corrige-de-mathematiques-baccalaureat-serie-d-ti-session-2025-cameroun/download,epreuvesetcorriges
BAC,2025,Épreuve de Mathématiques – Baccalauréat Série CG-ACC – Session 2025,https://epreuvesetcorriges.com/categories/cameroun/examens/bac/39737-epreuve-de-mathematiques-baccalaureat-serie-cg-acc-session-2025,https://epreuvesetcorriges.com/categories/cameroun/examens/bac/39737-epreuve-de-mathematiques-baccalaureat-serie-cg-acc-session-2025/download,epreuvesetcorriges
BAC,2025,Épreuve Théorique de SVTEEHB – Baccalauréat Blanc – Lycée de Nkolmesseng – Série D – Avril 2025,https://epreuvesetcorriges.com/categories/cameroun/examens/bac/39749-epreuve-theorique-de-svteehb-baccalaureat-blanc-lycee-de-nkolmesseng-serie-d-avril-2025,https://epreuvesetcorriges.com/categories/cameroun/examens/bac/39749-epreuve-theorique-de-svteehb-baccalaureat-blanc-lycee-de-nkolmesseng-serie-d-avril-2025/download,epreuvesetcorriges
BAC,2025,Épreuve d’Allemand + Corrigé – Baccalauréat 2025 Série A4-A BI – Cameroun,https://epreuvesetcorriges.com/categories/cameroun/examens/bac/39791-epreuve-d-allemand-corrige-baccalaureat-2025-serie-a4-a-bi-cameroun,https://epreuvesetcorriges.com/categories/cameroun/examens/bac/39791-epreuve-d-allemand-corrige-baccalaureat-2025-serie-a4-a-bi-cameroun/download,epreuvesetcorriges
BAC,2025,"Épreuve d’Anglais + Corrigé – Baccalauréat 2025 – Série C, D, E, TI – Cameroun",https://epreuvesetcorriges.com/categories/cameroun/examens/bac/39792-epreuve-d-anglais-corrige-baccalaureat-2025-serie-c-d-e-ti-cameroun,https://epreuvesetcorriges.com/categories/cameroun/examens/bac/39792-epreuve-d-anglais-corrige-baccalaureat-2025-serie-c-d-e-ti-cameroun/download,epreuvesetcorriges
BAC,2025,"Épreuve de Langue Française + Corrigé – Baccalauréat 2025 – Série C, D, E, TI – Cameroun",https://epreuvesetcorriges.com/categories/cameroun/examens/bac/39793-epreuve-de-langue-francaise-corrige-baccalaureat-2025-serie-c-d-e-ti-cameroun,https://epreuvesetcorriges.com/categories/cameroun/examens/bac/39793-epreuve-de-langue-francaise-corrige-baccalaureat-2025-serie-c-d-e-ti-cameroun/download,epreuvesetcorriges
BAC,2025,"Épreuve de Chimie Pratique – Baccalauréat 2025 – Série C, D – Cameroun",https://epreuvesetcorriges.com/categories/cameroun/examens/bac/39794-epreuve-de-chimie-pratique-baccalaureat-2025-serie-c-d-cameroun,https://epreuvesetcorriges.com/categories/cameroun/examens/bac/39794-epreuve-de-chimie-pratique-baccalaureat-2025-serie-c-d-cameroun/download,epreuvesetcorriges
BAC,2025,"Épreuve de Chimie Théorique + Corrigé – Baccalauréat 2025 – Série C, D, E – Cameroun",https://epreuvesetcorriges.com/categories/cameroun/examens/bac/39795-epreuve-de-chimie-theorique-corrige-baccalaureat-2025-serie-c-d-e-cameroun,https://epreuvesetcorriges.com/categories/cameroun/examens/bac/39795-epreuve-de-chimie-theorique-corrige-baccalaureat-2025-serie-c-d-e-cameroun/download,epreuvesetcorriges
BAC,2025,Épreuve d’Allemand – Baccalauréat 2025 – Série A4-A BI – Cameroun,https://epreuvesetcorriges.com/categories/cameroun/examens/bac/39796-epreuve-d-allemand-baccalaureat-2025-serie-a4-a-bi-cameroun,https://epreuvesetcorriges.com/categories/cameroun/examens/bac/39796-epreuve-d-allemand-baccalaureat-2025-serie-a4-a-bi-cameroun/download,epreuvesetcorriges
BAC,2025,"Épreuve de Littérature  – Baccalauréat 2025 – Série C, D, E, TI – Cameroun",https://epreuvesetcorriges.com/categories/cameroun/examens/bac/39797-epreuve-de-litterature-baccalaureat-2025-serie-c-d-e-ti-cameroun,https://epreuvesetcorriges.com/categories/cameroun/examens/bac/39797-epreuve-de-litterature-baccalaureat-2025-serie-c-d-e-ti-cameroun/download,epreuvesetcorriges
BAC,2025,"Épreuve de Philosophie – Baccalauréat 2025 – Série C, D, E, TI – Cameroun",https://epreuvesetcorriges.com/categories/cameroun/examens/bac/39798-epreuve-de-philosophie-baccalaureat-2025-serie-c-d-e-ti-cameroun,https://epreuvesetcorriges.com/categories/cameroun/examens/bac/39798-epreuve-de-philosophie-baccalaureat-2025-serie-c-d-e-ti-cameroun/download,epreuvesetcorriges
BAC,2025,"Épreuve de Géographie – Baccalauréat 2025 – Série C, D, TI – Cameroun",https://epreuvesetcorriges.com/categories/cameroun/examens/bac/39799-epreuve-de-geographie-baccalaureat-2025-serie-c-d-ti-cameroun,https://epreuvesetcorriges.com/categories/cameroun/examens/bac/39799-epreuve-de-geographie-baccalaureat-2025-serie-c-d-ti-cameroun/download,epreuvesetcorriges
BAC,2025,Épreuve Pratique de SVTEEHB – Baccalauréat 2025 – Série D – Cameroun,https://epreuvesetcorriges.com/categories/cameroun/examens/bac/39800-epreuve-pratique-de-svteehb-baccalaureat-2025-serie-d-cameroun,https://epreuvesetcorriges.com/categories/cameroun/examens/bac/39800-epreuve-pratique-de-svteehb-baccalaureat-2025-serie-d-cameroun/download,epreuvesetcorriges
BAC,2025,"Épreuve de SVTEEHB + Corrigé – Baccalauréat 2025 – Série C, TI – Cameroun",https://epreuvesetcorriges.com/categories/cameroun/examens/bac/39801-epreuve-de-svteehb-corrige-baccalaureat-2025-serie-c-ti-cameroun,https://epreuvesetcorriges.com/categories/cameroun/examens/bac/39801-epreuve-de-svteehb-corrige-baccalaureat-2025-serie-c-ti-cameroun/download,epreuvesetcorriges
BAC,2025,Épreuve de SVTEEHB + Corrigé – Baccalauréat 2025 – Série D – Cameroun,https://epreuvesetcorriges.com/categories/cameroun/examens/bac/39802-epreuve-de-svteehb-corrige-baccalaureat-2025-serie-d-cameroun,https://epreuvesetcorriges.com/categories/cameroun/examens/bac/39802-epreuve-de-svteehb-corrige-baccalaureat-2025-serie-d-cameroun/download,epreuvesetcorriges
BAC,2025,Épreuve Facultative de Dessin d’Art – Baccalauréat 2025 – Littéraire – Cameroun,https://epreuvesetcorriges.com/categories/cameroun/examens/bac/39803-epreuve-facultative-de-dessin-d-art-baccalaureat-2025-litteraire-cameroun,https://epreuvesetcorriges.com/categories/cameroun/examens/bac/39803-epreuve-facultative-de-dessin-d-art-baccalaureat-2025-litteraire-cameroun/download,epreuvesetcorriges
BAC,2025,"Épreuve Théorique d’Informatique – Baccalauréat 2025 – Série C, D, E – Cameroun",https://epreuvesetcorriges.com/categories/cameroun/examens/bac/39804-epreuve-theorique-d-informatique-baccalaureat-2025-serie-c-d-e-cameroun,https://epreuvesetcorriges.com/categories/cameroun/examens/bac/39804-epreuve-theorique-d-informatique-baccalaureat-2025-serie-c-d-e-cameroun/download,epreuvesetcorriges
BAC,2025,"Épreuve de Langue Française – Baccalauréat 2025 – Série C, D, E, TI – Cameroun",https://epreuvesetcorriges.com/categories/cameroun/examens/bac/39805-epreuve-de-langue-francaise-baccalaureat-2025-serie-c-d-e-ti-cameroun,https://epreuvesetcorriges.com/categories/cameroun/examens/bac/39805-epreuve-de-langue-francaise-baccalaureat-2025-serie-c-d-e-ti-cameroun/download,epreuvesetcorriges
BAC,2025,Épreuve Pratique de Physique – Baccalauréat 2025 – Série C – Cameroun,https://epreuvesetcorriges.com/categories/cameroun/examens/bac/39806-epreuve-pratique-de-physique-baccalaureat-2025-serie-c-cameroun,https://epreuvesetcorriges.com/categories/cameroun/examens/bac/39806-epreuve-pratique-de-physique-baccalaureat-2025-serie-c-cameroun/download,epreuvesetcorriges
BAC,2025,"Épreuve de Littérature ou Culture Générale + Corrigé – Baccalauréat 2025 – Série C, D, E, TI – Cameroun",https://epreuvesetcorriges.com/categories/cameroun/examens/bac/39819-epreuve-de-litterature-ou-culture-generale-corrige-baccalaureat-2025-serie-c-d-e-ti-cameroun,https://epreuvesetcorriges.com/categories/cameroun/examens/bac/39819-epreuve-de-litterature-ou-culture-generale-corrige-baccalaureat-2025-serie-c-d-e-ti-cameroun/download,epreuvesetcorriges
BAC,2025,"Épreuve de Philosophie + Corrigé – Baccalauréat 2025 – Série C, D, E, TI – Cameroun",https://epreuvesetcorriges.com/categories/cameroun/examens/bac/39820-epreuve-de-philosophie-corrige-baccalaureat-2025-serie-c-d-e-ti-cameroun,https://epreuvesetcorriges.com/categories/cameroun/examens/bac/39820-epreuve-de-philosophie-corrige-baccalaureat-2025-serie-c-d-e-ti-cameroun/download,epreuvesetcorriges
BAC,2021,BAC 2021 PROPOSITION CORRIGÉ MATHS BACC C E CAMEROUN,https://epreuvesetcorriges.com/categories/cameroun/examens/bac/3042-bac-2021-proposition-corrige-maths-bacc-c-e-cameroun,https://epreuvesetcorriges.com/categories/cameroun/examens/bac/3042-bac-2021-proposition-corrige-maths-bacc-c-e-cameroun/download,epreuvesetcorriges
BAC,2024,SUJET MATHEMATIQUES BAC BLANC  2024 SERIE DTI CAMEROUN,https://epreuvesetcorriges.com/categories/cameroun/examens/bac/35059-sujet-mathematiques-bac-blanc-2024-serie-dti-cameroun,https://epreuvesetcorriges.com/categories/cameroun/examens/bac/35059-sujet-mathematiques-bac-blanc-2024-serie-dti-cameroun/download,epreuvesetcorriges
BAC,2015,"Épreuve d'Anglais, BAC série A, année 2015, Cameroun",https://epreuvesetcorriges.com/categories/cameroun/examens/bac/116-epreuve-d-anglais-bac-serie-a-annee-2015-cameroun,https://epreuvesetcorriges.com/categories/cameroun/examens/bac/116-epreuve-d-anglais-bac-serie-a-annee-2015-cameroun/download,epreuvesetcorriges
BAC,2021,BAC 2021 PROPOSITION DE CORRIGE – GÉOGRAPHIE -SÉRIE A4-ABI CAMEROUN,https://epreuvesetcorriges.com/categories/cameroun/examens/bac/3043-bac-2021-proposition-de-corrige-geographie-serie-a4-abi-cameroun,https://epreuvesetcorriges.com/categories/cameroun/examens/bac/3043-bac-2021-proposition-de-corrige-geographie-serie-a4-abi-cameroun/download,epreuvesetcorriges
BAC,2022,EPREUVE BAC 2022 CHIMIE SÉRIE C D E CAMEROUN,https://epreuvesetcorriges.com/categories/cameroun/examens/bac/13531-epreuve-bac-2022-chimie-serie-c-d-e-cameroun,https://epreuvesetcorriges.com/categories/cameroun/examens/bac/13531-epreuve-bac-2022-chimie-serie-c-d-e-cameroun/download,epreuvesetcorriges
BAC,2023,EPREUVE BAC 2023 CHIMIE THEORIQUE SÉRIE C D E CAMEROUN,https://epreuvesetcorriges.com/categories/cameroun/examens/bac/30619-epreuve-bac-2023-chimie-serie-c-d-e-cameroun,https://epreuvesetcorriges.com/categories/cameroun/examens/bac/30619-epreuve-bac-2023-chimie-serie-c-d-e-cameroun/download,epreuvesetcorriges
BAC,2024,SUJET MATHEMATIQUES BAC BLANC N°2 Série CE CPGS Mars 2024 CAMEROUN,https://epreuvesetcorriges.com/categories/cameroun/examens/bac/35060-sujet-mathematiques-bac-blanc-n-2-serie-ce-cpgs-mars-2024-cameroun,https://epreuvesetcorriges.com/categories/cameroun/examens/bac/35060-sujet-mathematiques-bac-blanc-n-2-serie-ce-cpgs-mars-2024-cameroun/download,epreuvesetcorriges
BAC,2016,"Épreuve d'Anglais, BAC série A, année 2016, Cameroun",https://epreuvesetcorriges.com/categories/cameroun/examens/bac/117-epreuve-d-anglais-bac-serie-a-annee-2016-cameroun,https://epreuvesetcorriges.com/categories/cameroun/examens/bac/117-epreuve-d-anglais-bac-serie-a-annee-2016-cameroun/download,epreuvesetcorriges
BAC,2021,BAC 2021 PROPOSITION DE CORRIGÉ DE L’EPREUVE DE SVTEEHB  SÉRIE C CAMEROUN,https://epreuvesetcorriges.com/categories/cameroun/examens/bac/3044-bac-2021-proposition-de-corrige-de-l-epreuve-de-svteehb-serie-c-cameroun,https://epreuvesetcorriges.com/categories/cameroun/examens/bac/3044-bac-2021-proposition-de-corrige-de-l-epreuve-de-svteehb-serie-c-cameroun/download,epreuvesetcorriges
BAC,2022,EPREUVE BAC 2022 ECM SÉRIE A C D E TI CAMEROUN,https://epreuvesetcorriges.com/categories/cameroun/examens/bac/13532-epreuve-bac-2022-ecm-serie-a-c-d-e-ti-cameroun,https://epreuvesetcorriges.com/categories/cameroun/examens/bac/13532-epreuve-bac-2022-ecm-serie-a-c-d-e-ti-cameroun/download,epreuvesetcorriges
BAC,2023,EPREUVE BAC 2023 ECM SÉRIE A C D E TI CAMEROUN,https://epreuvesetcorriges.com/categories/cameroun/examens/bac/30620-epreuve-bac-2023-ecm-serie-a-c-d-e-ti-cameroun,https://epreuvesetcorriges.com/categories/cameroun/examens/bac/30620-epreuve-bac-2023-ecm-serie-a-c-d-e-ti-cameroun/download,epreuvesetcorriges
BAC,2024,SUJET MATHEMATIQUES BAC BLANC N°2 Série DTI CPGS  Mars 2024 CAMEROUN,https://epreuvesetcorriges.com/categories/cameroun/examens/bac/35061-sujet-mathematiques-bac-blanc-n-2-serie-dti-cpgs-mars-2024-cameroun,https://epreuvesetcorriges.com/categories/cameroun/examens/bac/35061-sujet-mathematiques-bac-blanc-n-2-serie-dti-cpgs-mars-2024-cameroun/download,epreuvesetcorriges
BAC,2017,"Épreuve d'Anglais, BAC série A, année 2017, Cameroun",https://epreuvesetcorriges.com/categories/cameroun/examens/bac/118-epreuve-d-anglais-bac-serie-a-annee-2017-cameroun,https://epreuvesetcorriges.com/categories/cameroun/examens/bac/118-epreuve-d-anglais-bac-serie-a-annee-2017-cameroun/download,epreuvesetcorriges
BAC,2021,BAC 2021 PROPOSITION DE CORRIGÉ MATHS PROBATOIRE D TI CAMEROUN,https://epreuvesetcorriges.com/categories/cameroun/examens/bac/3045-bac-2021-proposition-de-corrige-maths-probatoire-d-ti-cameroun,https://epreuvesetcorriges.com/categories/cameroun/examens/bac/3045-bac-2021-proposition-de-corrige-maths-probatoire-d-ti-cameroun/download,epreuvesetcorriges
BAC,2022,EPREUVE BAC 2022 GÉOGRAPHIE SÉRIE C D E TI CAMEROUN,https://epreuvesetcorriges.com/categories/cameroun/examens/bac/13533-epreuve-bac-2022-geographie-serie-c-d-e-ti-cameroun,https://epreuvesetcorriges.com/categories/cameroun/examens/bac/13533-epreuve-bac-2022-geographie-serie-c-d-e-ti-cameroun/download,epreuvesetcorriges
BAC,2023,EPREUVE BAC 2023  ECM - BACCALAUREAT SERIE A-C-D-E-TI CAMEROUN,https://epreuvesetcorriges.com/categories/cameroun/examens/bac/31695-epreuve-bac-2023-ecm-baccalaureat-serie-a-c-d-e-ti-cameroun,https://epreuvesetcorriges.com/categories/cameroun/examens/bac/31695-epreuve-bac-2023-ecm-baccalaureat-serie-a-c-d-e-ti-cameroun/download,epreuvesetcorriges
BAC,2017,"Épreuve d'Anglais, BAC séries C-D-TI-E, année 2017, Cameroun",https://epreuvesetcorriges.com/categories/cameroun/examens/bac/119-epreuve-d-anglais-bac-series-c-d-ti-e-annee-2017-cameroun,https://epreuvesetcorriges.com/categories/cameroun/examens/bac/119-epreuve-d-anglais-bac-series-c-d-ti-e-annee-2017-cameroun/download,epreuvesetcorriges
BAC,2021,BAC 2021 PROPOSITION DE CORRIGÉ PHYSIQUE BAC D CAMEROUN,https://epreuvesetcorriges.com/categories/cameroun/examens/bac/3046-bac-2021-proposition-de-corrige-physique-bac-d-cameroun,https://epreuvesetcorriges.com/categories/cameroun/examens/bac/3046-bac-2021-proposition-de-corrige-physique-bac-d-cameroun/download,epreuvesetcorriges
BAC,2023,EPREUVE BAC 2023 ALLEMAND - BACCALAUREAT SERIE A4- ABI CAMEROUN,https://epreuvesetcorriges.com/categories/cameroun/examens/bac/31696-epreuve-bac-2023-allemand-baccalaureat-serie-a4-abi-cameroun,https://epreuvesetcorriges.com/categories/cameroun/examens/bac/31696-epreuve-bac-2023-allemand-baccalaureat-serie-a4-abi-cameroun/download,epreuvesetcorriges
BAC,2014,"Épreuve de Chimie, BAC séries C-D, année 2014, Cameroun",https://epreuvesetcorriges.com/categories/cameroun/examens/bac/120-epreuve-de-chimie-bac-series-c-d-annee-2014-cameroun,https://epreuvesetcorriges.com/categories/cameroun/examens/bac/120-epreuve-de-chimie-bac-series-c-d-annee-2014-cameroun/download,epreuvesetcorriges
BAC,2021,BAC 2021 PROPOSITION DE CORRIGÉ-ÉPREUVE DE PHYSIQUESÉRIE C CAMEROUN,https://epreuvesetcorriges.com/categories/cameroun/examens/bac/3047-bac-2021-proposition-de-corrige-epreuve-de-physiqueserie-c-cameroun,https://epreuvesetcorriges.com/categories/cameroun/examens/bac/3047-bac-2021-proposition-de-corrige-epreuve-de-physiqueserie-c-cameroun/download,epreuvesetcorriges
BAC,2022,CORRIGÉ BAC 2022 MATHÉMATIQUES SERIE D CAMEROUN,https://epreuvesetcorriges.com/categories/cameroun/examens/bac/27006-corrige-bac-2022-mathematiques-serie-d-cameroun,https://epreuvesetcorriges.com/categories/cameroun/examens/bac/27006-corrige-bac-2022-mathematiques-serie-d-cameroun/download,epreuvesetcorriges
BAC,2023,EPREUVE BAC 2023 CHIMIE THEORIQUE - BACCALAUREAT SERIE C-D-E CAMEROUN,https://epreuvesetcorriges.com/categories/cameroun/examens/bac/31697-epreuve-bac-2023-chimie-theorique-baccalaureat-serie-c-d-e-cameroun,https://epreuvesetcorriges.com/categories/cameroun/examens/bac/31697-epreuve-bac-2023-chimie-theorique-baccalaureat-serie-c-d-e-cameroun/download,epreuvesetcorriges
BAC,2015,"Épreuve de Chimie, BAC séries C-D, année 2015, Cameroun",https://epreuvesetcorriges.com/categories/cameroun/examens/bac/121-epreuve-de-chimie-bac-series-c-d-annee-2015-cameroun,https://epreuvesetcorriges.com/categories/cameroun/examens/bac/121-epreuve-de-chimie-bac-series-c-d-annee-2015-cameroun/download,epreuvesetcorriges
BAC,2021,CORRIGÉ HARMONISÉ NATIONAL DE L’ÉPREUVE DE CHIMIE PRATIQUE AU BACCALAURÉAT SÉRIE CD-SESSION 2021 CAMEROUN,https://epreuvesetcorriges.com/categories/cameroun/examens/bac/3048-corrige-harmonise-national-de-l-epreuve-de-chimie-pratique-au-baccalaureat-serie-cd-session-2021-cameroun,https://epreuvesetcorriges.com/categories/cameroun/examens/bac/3048-corrige-harmonise-national-de-l-epreuve-de-chimie-pratique-au-baccalaureat-serie-cd-session-2021-cameroun/download,epreuvesetcorriges
BAC,2022,CORRIGE-EPREUVE THEORIQUE D’INFORMATIQUE-BAC 2022 SERIE C D E CAMEROUN,https://epreuvesetcorriges.com/categories/cameroun/examens/bac/27007-corrige-epreuve-theorique-d-informatique-bac-2022-serie-c-d-e-cameroun,https://epreuvesetcorriges.com/categories/cameroun/examens/bac/27007-corrige-epreuve-theorique-d-informatique-bac-2022-serie-c-d-e-cameroun/download,epreuvesetcorriges
BAC,2023,EPREUVE BAC 2023 EPREUVE FACULTATIVE DE TRAVAIL MANUEL - BACCALAUREAT ESG CAMEROUN,https://epreuvesetcorriges.com/categories/cameroun/examens/bac/31698-epreuve-bac-2023-epreuve-facultative-de-travail-manuel-baccalaureat-esg-cameroun,https://epreuvesetcorriges.com/categories/cameroun/examens/bac/31698-epreuve-bac-2023-epreuve-facultative-de-travail-manuel-baccalaureat-esg-cameroun/download,epreuvesetcorriges
BAC,2017,"Épreuve de Langue française, BAC séries A-ABI, année 2017, Cameroun",https://epreuvesetcorriges.com/categories/cameroun/examens/bac/122-epreuve-de-langue-francaise-bac-series-a-abi-annee-2017-cameroun,https://epreuvesetcorriges.com/categories/cameroun/examens/bac/122-epreuve-de-langue-francaise-bac-series-a-abi-annee-2017-cameroun/download,epreuvesetcorriges
BAC,2021,CORRIGÉ HARMONISÉ NATIONAL DE L’ÉPREUVE DE CHIMIE THÉORIQUE-AU BACCALAURÉAT SÉRIES C D E-SESSION 2021 CAMEROUN,https://epreuvesetcorriges.com/categories/cameroun/examens/bac/3049-corrige-harmonise-national-de-l-epreuve-de-chimie-theorique-au-baccalaureat-series-c-d-e-session-2021-cameroun,https://epreuvesetcorriges.com/categories/cameroun/examens/bac/3049-corrige-harmonise-national-de-l-epreuve-de-chimie-theorique-au-baccalaureat-series-c-d-e-session-2021-cameroun/download,epreuvesetcorriges
BAC,2022,EPREUVE BAC 2022 CHIMIE PRATIQUE SÉRIE C D CAMEROUN,https://epreuvesetcorriges.com/categories/cameroun/examens/bac/27008-epreuve-bac-2022-chimie-pratique-serie-c-d-cameroun,https://epreuvesetcorriges.com/categories/cameroun/examens/bac/27008-epreuve-bac-2022-chimie-pratique-serie-c-d-cameroun/download,epreuvesetcorriges
BAC,2023,EPREUVE BAC 2023 GEOGRAPHIE - BACCALAUREAT SERIE A-ABI CAMEROUN,https://epreuvesetcorriges.com/categories/cameroun/examens/bac/31699-epreuve-bac-2023-geographie-baccalaureat-serie-a-abi-cameroun,https://epreuvesetcorriges.com/categories/cameroun/examens/bac/31699-epreuve-bac-2023-geographie-baccalaureat-serie-a-abi-cameroun/download,epreuvesetcorriges
BAC,2017,"Épreuve de Langue française, BAC séries C-E, année 2017, Cameroun",https://epreuvesetcorriges.com/categories/cameroun/examens/bac/123-epreuve-de-langue-francaise-bac-series-c-e-annee-2017-cameroun,https://epreuvesetcorriges.com/categories/cameroun/examens/bac/123-epreuve-de-langue-francaise-bac-series-c-e-annee-2017-cameroun/download,epreuvesetcorriges
BAC,2021,CORRIGÉ HARMONISÉ NATIONAL DE L’ÉPREUVE DE MATHÉMATIQUES AU BACCALAURÉAT-SÉRIE A-ABI-SESSION 2021 CAMEROUN,https://epreuvesetcorriges.com/categories/cameroun/examens/bac/3050-corrige-harmonise-national-de-l-epreuve-de-mathematiques-au-baccalaureat-serie-a-abi-session-2021-cameroun,https://epreuvesetcorriges.com/categories/cameroun/examens/bac/3050-corrige-harmonise-national-de-l-epreuve-de-mathematiques-au-baccalaureat-serie-a-abi-session-2021-cameroun/download,epreuvesetcorriges
BAC,2022,EPREUVE BAC 2022 INFORMATIQUE THEORIQUE SÉRIE C D E CAMEROUN,https://epreuvesetcorriges.com/categories/cameroun/examens/bac/27009-epreuve-bac-2022-informatique-theorique-serie-c-d-e-cameroun,https://epreuvesetcorriges.com/categories/cameroun/examens/bac/27009-epreuve-bac-2022-informatique-theorique-serie-c-d-e-cameroun/download,epreuvesetcorriges
BAC,2023,EPREUVE BAC 2023 GEOGRAPHIE - BACCALAUREAT SERIE C-D-TI CAMEROUN,https://epreuvesetcorriges.com/categories/cameroun/examens/bac/31700-epreuve-bac-2023-geographie-baccalaureat-serie-c-d-ti-cameroun,https://epreuvesetcorriges.com/categories/cameroun/examens/bac/31700-epreuve-bac-2023-geographie-baccalaureat-serie-c-d-ti-cameroun/download,epreuvesetcorriges
BAC,2016,"Épreuve de Langue française, BAC séries D-TI, année 2016, Cameroun",https://epreuvesetcorriges.com/categories/cameroun/examens/bac/124-epreuve-de-langue-francaise-bac-series-d-ti-annee-2016-cameroun,https://epreuvesetcorriges.com/categories/cameroun/examens/bac/124-epreuve-de-langue-francaise-bac-series-d-ti-annee-2016-cameroun/download,epreuvesetcorriges
BAC,2021,CORRIGÉ HARMONISÉ NATIONAL DE L’ÉPREUVE DE PHYSIQUE PRATIQUE AU BACCALAURÉAT SÉRIE C-SESSION 2021 CAMEROUN,https://epreuvesetcorriges.com/categories/cameroun/examens/bac/3051-corrige-harmonise-national-de-l-epreuve-de-physique-pratique-au-baccalaureat-serie-c-session-2021-cameroun,https://epreuvesetcorriges.com/categories/cameroun/examens/bac/3051-corrige-harmonise-national-de-l-epreuve-de-physique-pratique-au-baccalaureat-serie-c-session-2021-cameroun/download,epreuvesetcorriges
BAC,2022,EPREUVE BAC 2022 LITTERATURE OU CULTURE GENERALE SÉRIE D TI CAMEROUN,https://epreuvesetcorriges.com/categories/cameroun/examens/bac/27010-epreuve-bac-2022-litterature-ou-culture-generale-serie-d-ti-cameroun,https://epreuvesetcorriges.com/categories/cameroun/examens/bac/27010-epreuve-bac-2022-litterature-ou-culture-generale-serie-d-ti-cameroun/download,epreuvesetcorriges
BAC,2023,EPREUVE BAC 2023 HISTOIRE - BACCALAUREAT SERIE A-ABI CAMEROUN,https://epreuvesetcorriges.com/categories/cameroun/examens/bac/31701-epreuve-bac-2023-histoire-baccalaureat-serie-a-abi-cameroun,https://epreuvesetcorriges.com/categories/cameroun/examens/bac/31701-epreuve-bac-2023-histoire-baccalaureat-serie-a-abi-cameroun/download,epreuvesetcorriges
BAC,2014,"Épreuve de Langue, BAC série A, année 2014, Cameroun",https://epreuvesetcorriges.com/categories/cameroun/examens/bac/125-epreuve-de-langue-bac-serie-a-annee-2014-cameroun,https://epreuvesetcorriges.com/categories/cameroun/examens/bac/125-epreuve-de-langue-bac-serie-a-annee-2014-cameroun/download,epreuvesetcorriges
BAC,2021,CORRIGÉ HARMONISÉ NATIONAL DE PHILOSOPHIE-BACCALAURÉAT-SÉRIE A-ABI-SESSION 2021 CAMEROUN,https://epreuvesetcorriges.com/categories/cameroun/examens/bac/3052-corrige-harmonise-national-de-philosophie-baccalaureat-serie-a-abi-session-2021-cameroun,https://epreuvesetcorriges.com/categories/cameroun/examens/bac/3052-corrige-harmonise-national-de-philosophie-baccalaureat-serie-a-abi-session-2021-cameroun/download,epreuvesetcorriges
BAC,2022,EPREUVE BAC 2022 MATHEMATIQUES SÉRIE C CAMEROUN,https://epreuvesetcorriges.com/categories/cameroun/examens/bac/27011-epreuve-bac-2022-mathematiques-serie-c-cameroun,https://epreuvesetcorriges.com/categories/cameroun/examens/bac/27011-epreuve-bac-2022-mathematiques-serie-c-cameroun/download,epreuvesetcorriges
BAC,2023,EPREUVE BAC 2023 INFORMATIQUE - BACCALAUREAT SERIE A-ABI-SH-AC CAMEROUN,https://epreuvesetcorriges.com/categories/cameroun/examens/bac/31702-epreuve-bac-2023-informatique-baccalaureat-serie-a-abi-sh-ac-cameroun,https://epreuvesetcorriges.com/categories/cameroun/examens/bac/31702-epreuve-bac-2023-informatique-baccalaureat-serie-a-abi-sh-ac-cameroun/download,epreuvesetcorriges
BAC,2015,"Épreuve de Langue, BAC série A, année 2015, Cameroun",https://epreuvesetcorriges.com/categories/cameroun/examens/bac/126-epreuve-de-langue-bac-serie-a-annee-2015-cameroun,https://epreuvesetcorriges.com/categories/cameroun/examens/bac/126-epreuve-de-langue-bac-serie-a-annee-2015-cameroun/download,epreuvesetcorriges
BAC,2021,CORRIGÉ HARMONISÉ NATIONAL-DE L’ ÉPREUVE DE MATHÉMATIQUES AU BACCALAURÉAT-SÉRIE D-TI-SESSION 2021 CAMEROUN,https://epreuvesetcorriges.com/categories/cameroun/examens/bac/3053-corrige-harmonise-national-de-l-epreuve-de-mathematiques-au-baccalaureat-serie-d-ti-session-2021-cameroun,https://epreuvesetcorriges.com/categories/cameroun/examens/bac/3053-corrige-harmonise-national-de-l-epreuve-de-mathematiques-au-baccalaureat-serie-d-ti-session-2021-cameroun/download,epreuvesetcorriges
BAC,2022,EPREUVE BAC 2022 MATHEMATIQUES SÉRIE D CAMEROUN,https://epreuvesetcorriges.com/categories/cameroun/examens/bac/27012-epreuve-bac-2022-mathematiques-serie-d-cameroun,https://epreuvesetcorriges.com/categories/cameroun/examens/bac/27012-epreuve-bac-2022-mathematiques-serie-d-cameroun/download,epreuvesetcorriges
BAC,2023,EPREUVE BAC 2023 INFORMATIQUE THEORIQUE - BACCALAUREAT SERIE C-D-E CAMEROUN,https://epreuvesetcorriges.com/categories/cameroun/examens/bac/31703-epreuve-bac-2023-informatique-theorique-baccalaureat-serie-c-d-e-cameroun,https://epreuvesetcorriges.com/categories/cameroun/examens/bac/31703-epreuve-bac-2023-informatique-theorique-baccalaureat-serie-c-d-e-cameroun/download,epreuvesetcorriges
BAC,2014,"Épreuve de Langue, BAC séries C-D-E-TI, année 2014, Cameroun",https://epreuvesetcorriges.com/categories/cameroun/examens/bac/127-epreuve-de-langue-bac-series-c-d-e-ti-annee-2014-cameroun,https://epreuvesetcorriges.com/categories/cameroun/examens/bac/127-epreuve-de-langue-bac-series-c-d-e-ti-annee-2014-cameroun/download,epreuvesetcorriges
BAC,2021,CORRIGÉ HARMONISÉ NATIONAL-ÉPREUVE DE CHIMIE-BACCALAURÉAT SÉRIE TI-SESSION 2021 CAMEROUN,https://epreuvesetcorriges.com/categories/cameroun/examens/bac/3054-corrige-harmonise-national-epreuve-de-chimie-baccalaureat-serie-ti-session-2021-cameroun,https://epreuvesetcorriges.com/categories/cameroun/examens/bac/3054-corrige-harmonise-national-epreuve-de-chimie-baccalaureat-serie-ti-session-2021-cameroun/download,epreuvesetcorriges
BAC,2022,EPREUVE BAC 2022 MATHEMATIQUES SERIE F CAMEROUN,https://epreuvesetcorriges.com/categories/cameroun/examens/bac/27013-epreuve-bac-2022-mathematiques-serie-f-cameroun,https://epreuvesetcorriges.com/categories/cameroun/examens/bac/27013-epreuve-bac-2022-mathematiques-serie-f-cameroun/download,epreuvesetcorriges
BAC,2023,EPREUVE BAC 2023 LANGUE FRANÇAISE - BACCALAUREAT SERIE A-ABI CAMEROUN,https://epreuvesetcorriges.com/categories/cameroun/examens/bac/31704-epreuve-bac-2023-langue-francaise-baccalaureat-serie-a-abi-cameroun,https://epreuvesetcorriges.com/categories/cameroun/examens/bac/31704-epreuve-bac-2023-langue-francaise-baccalaureat-serie-a-abi-cameroun/download,epreuvesetcorriges
BAC,2015,"Épreuve de Langue, BAC séries C-D-E-TI, année 2015, Cameroun",https://epreuvesetcorriges.com/categories/cameroun/examens/bac/128-epreuve-de-langue-bac-series-c-d-e-ti-annee-2015-cameroun,https://epreuvesetcorriges.com/categories/cameroun/examens/bac/128-epreuve-de-langue-bac-series-c-d-e-ti-annee-2015-cameroun/download,epreuvesetcorriges
BAC,2021,"CORRIGÉ HARMONISÉ NATIONAL-ÉPREUVE DE ECM-BACCALAURÉAT SÉRIE A1, A2, A3, A4, A5, C, D, E, TI-SESSION 2021 CAMEROUN",https://epreuvesetcorriges.com/categories/cameroun/examens/bac/3055-corrige-harmonise-national-epreuve-de-ecm-baccalaureat-serie-a1-a2-a3-a4-a5-c-d-e-ti-session-2021-cameroun,https://epreuvesetcorriges.com/categories/cameroun/examens/bac/3055-corrige-harmonise-national-epreuve-de-ecm-baccalaureat-serie-a1-a2-a3-a4-a5-c-d-e-ti-session-2021-cameroun/download,epreuvesetcorriges
BAC,2022,EPREUVE BAC 2022 PHILOSOPHIE SÉRIE C E CAMEROUN,https://epreuvesetcorriges.com/categories/cameroun/examens/bac/27014-epreuve-bac-2022-philosophie-serie-c-e-cameroun,https://epreuvesetcorriges.com/categories/cameroun/examens/bac/27014-epreuve-bac-2022-philosophie-serie-c-e-cameroun/download,epreuvesetcorriges
BAC,2023,EPREUVE BAC 2023 LANGUE FRANÇAISE - BACCALAUREAT SERIE C-D-E-TI CAMEROUN,https://epreuvesetcorriges.com/categories/cameroun/examens/bac/31705-epreuve-bac-2023-langue-francaise-baccalaureat-serie-c-d-e-ti-cameroun,https://epreuvesetcorriges.com/categories/cameroun/examens/bac/31705-epreuve-bac-2023-langue-francaise-baccalaureat-serie-c-d-e-ti-cameroun/download,epreuvesetcorriges
BAC,2017,"Épreuve de Littérature ou Culture générale, BAC séries A-ABI, année 2017, Cameroun",https://epreuvesetcorriges.com/categories/cameroun/examens/bac/129-epreuve-de-litterature-ou-culture-generale-bac-series-a-abi-annee-2017-cameroun,https://epreuvesetcorriges.com/categories/cameroun/examens/bac/129-epreuve-de-litterature-ou-culture-generale-bac-series-a-abi-annee-2017-cameroun/download,epreuvesetcorriges
BAC,2021,CORRIGÉ HARMONISÉ NATIONAL-ÉPREUVE DE LANGUE FRANÇAISE-BACCALAURÉAT SÉRIE CE-SESSION 2021 CAMEROUN,https://epreuvesetcorriges.com/categories/cameroun/examens/bac/3056-corrige-harmonise-national-epreuve-de-langue-francaise-baccalaureat-serie-ce-session-2021-cameroun,https://epreuvesetcorriges.com/categories/cameroun/examens/bac/3056-corrige-harmonise-national-epreuve-de-langue-francaise-baccalaureat-serie-ce-session-2021-cameroun/download,epreuvesetcorriges
BAC,2022,EPREUVE BAC 2022 PHYSIQUE PRATIQUE SÉRIE C CAMEROUN,https://epreuvesetcorriges.com/categories/cameroun/examens/bac/27015-epreuve-bac-2022-physique-pratique-serie-c-cameroun,https://epreuvesetcorriges.com/categories/cameroun/examens/bac/27015-epreuve-bac-2022-physique-pratique-serie-c-cameroun/download,epreuvesetcorriges
BAC,2023,EPREUVE BAC 2023 LITTERATURE OU CULTURE GÉNÉRALE - BACCALAUREAT SERIE A-ABI CAMEROUN,https://epreuvesetcorriges.com/categories/cameroun/examens/bac/31706-epreuve-bac-2023-litterature-ou-culture-generale-baccalaureat-serie-a-abi-cameroun,https://epreuvesetcorriges.com/categories/cameroun/examens/bac/31706-epreuve-bac-2023-litterature-ou-culture-generale-baccalaureat-serie-a-abi-cameroun/download,epreuvesetcorriges
BAC,2017,"Épreuve de Littérature ou Culture générale, BAC séries C-E, année 2017, Cameroun",https://epreuvesetcorriges.com/categories/cameroun/examens/bac/130-epreuve-de-litterature-ou-culture-generale-bac-series-c-e-annee-2017-cameroun,https://epreuvesetcorriges.com/categories/cameroun/examens/bac/130-epreuve-de-litterature-ou-culture-generale-bac-series-c-e-annee-2017-cameroun/download,epreuvesetcorriges
BAC,2021,CORRIGÉ HARMONISÉ NATIONAL-ÉPREUVE DE PHILOSOPHIE-BACCALAURÉAT SÉRIE DTI-SESSION 2021 CAMEROUN,https://epreuvesetcorriges.com/categories/cameroun/examens/bac/3057-corrige-harmonise-national-epreuve-de-philosophie-baccalaureat-serie-dti-session-2021-cameroun,https://epreuvesetcorriges.com/categories/cameroun/examens/bac/3057-corrige-harmonise-national-epreuve-de-philosophie-baccalaureat-serie-dti-session-2021-cameroun/download,epreuvesetcorriges
BAC,2022,EPREUVE BAC 2022 PHYSIQUE SÉRIE C CAMEROUN,https://epreuvesetcorriges.com/categories/cameroun/examens/bac/27016-epreuve-bac-2022-physique-serie-c-cameroun,https://epreuvesetcorriges.com/categories/cameroun/examens/bac/27016-epreuve-bac-2022-physique-serie-c-cameroun/download,epreuvesetcorriges
BAC,2023,EPREUVE BAC 2023 LITTERATURE OU CULTURE GÉNÉRALE - BACCALAUREAT SERIE C-D-E-TI CAMEROUN,https://epreuvesetcorriges.com/categories/cameroun/examens/bac/31707-epreuve-bac-2023-litterature-ou-culture-generale-baccalaureat-serie-c-d-e-ti-cameroun,https://epreuvesetcorriges.com/categories/cameroun/examens/bac/31707-epreuve-bac-2023-litterature-ou-culture-generale-baccalaureat-serie-c-d-e-ti-cameroun/download,epreuvesetcorriges
BAC,2014,"Épreuve de Littérature, BAC série A, année 2014, Cameroun",https://epreuvesetcorriges.com/categories/cameroun/examens/bac/131-epreuve-de-litterature-bac-serie-a-annee-2014-cameroun,https://epreuvesetcorriges.com/categories/cameroun/examens/bac/131-epreuve-de-litterature-bac-serie-a-annee-2014-cameroun/download,epreuvesetcorriges
BAC,,CORRIGÉ HARMONISÉ NATIONAL-ÉPREUVE DE SVTEEHB-BACCALAURÉAT SÉRIE D-SESSION CAMEROUN,https://epreuvesetcorriges.com/categories/cameroun/examens/bac/3058-corrige-harmonise-national-epreuve-de-svteehb-baccalaureat-serie-d-session-cameroun,https://epreuvesetcorriges.com/categories/cameroun/examens/bac/3058-corrige-harmonise-national-epreuve-de-svteehb-baccalaureat-serie-d-session-cameroun/download,epreuvesetcorriges
BAC,2022,EPREUVE BAC 2022 PHYSIQUE SÉRIE D CAMEROUN,https://epreuvesetcorriges.com/categories/cameroun/examens/bac/27017-epreuve-bac-2022-physique-serie-d-cameroun,https://epreuvesetcorriges.com/categories/cameroun/examens/bac/27017-epreuve-bac-2022-physique-serie-d-cameroun/download,epreuvesetcorriges
BAC,2023,EPREUVE BAC 2023 MATHEMATIQUES - BACCALAUREAT SERIE C CAMEROUN,https://epreuvesetcorriges.com/categories/cameroun/examens/bac/31708-epreuve-bac-2023-mathematiques-baccalaureat-serie-c-cameroun,https://epreuvesetcorriges.com/categories/cameroun/examens/bac/31708-epreuve-bac-2023-mathematiques-baccalaureat-serie-c-cameroun/download,epreuvesetcorriges
BAC,2015,"Épreuve de Littérature, BAC série A, année 2015, Cameroun",https://epreuvesetcorriges.com/categories/cameroun/examens/bac/132-epreuve-de-litterature-bac-serie-a-annee-2015-cameroun,https://epreuvesetcorriges.com/categories/cameroun/examens/bac/132-epreuve-de-litterature-bac-serie-a-annee-2015-cameroun/download,epreuvesetcorriges
BAC,2021,CORRIGÉ HARMONISÉ NATIONAL-ÉPREUVE DE SVTEEHB-BACCALAURÉAT SÉRIE TI-SESSION 2021 CAMEROUN,https://epreuvesetcorriges.com/categories/cameroun/examens/bac/3059-corrige-harmonise-national-epreuve-de-svteehb-baccalaureat-serie-ti-session-2021-cameroun,https://epreuvesetcorriges.com/categories/cameroun/examens/bac/3059-corrige-harmonise-national-epreuve-de-svteehb-baccalaureat-serie-ti-session-2021-cameroun/download,epreuvesetcorriges
BAC,2022,EPREUVE BAC 2022 SVTEEHB PRATIQUE SÉRIE D CAMEROUN,https://epreuvesetcorriges.com/categories/cameroun/examens/bac/27018-epreuve-bac-2022-svteehb-pratique-serie-d-cameroun,https://epreuvesetcorriges.com/categories/cameroun/examens/bac/27018-epreuve-bac-2022-svteehb-pratique-serie-d-cameroun/download,epreuvesetcorriges
BAC,2023,EPREUVE BAC 2023 MATHEMATIQUES - BACCALAUREAT SERIE D CAMEROUN,https://epreuvesetcorriges.com/categories/cameroun/examens/bac/31709-epreuve-bac-2023-mathematiques-baccalaureat-serie-d-cameroun,https://epreuvesetcorriges.com/categories/cameroun/examens/bac/31709-epreuve-bac-2023-mathematiques-baccalaureat-serie-d-cameroun/download,epreuvesetcorriges
BAC,2016,"Épreuve de Littérature, BAC séries A-BI, année 2016, Cameroun",https://epreuvesetcorriges.com/categories/cameroun/examens/bac/133-epreuve-de-litterature-bac-series-a-bi-annee-2016-cameroun,https://epreuvesetcorriges.com/categories/cameroun/examens/bac/133-epreuve-de-litterature-bac-series-a-bi-annee-2016-cameroun/download,epreuvesetcorriges
BAC,2021,ELECTRONIQUE-BACCALAURÉAT DE TECHNICIEN-SÉRIE F2 ÉLECTRONIQUE-SESSION 2021 CAMEROUN,https://epreuvesetcorriges.com/categories/cameroun/examens/bac/3060-electronique-baccalaureat-de-technicien-serie-f2-electronique-session-2021-cameroun,https://epreuvesetcorriges.com/categories/cameroun/examens/bac/3060-electronique-baccalaureat-de-technicien-serie-f2-electronique-session-2021-cameroun/download,epreuvesetcorriges
BAC,2022,EPREUVE BAC 2022 SVTEEHB SÉRIE C TI CAMEROUN,https://epreuvesetcorriges.com/categories/cameroun/examens/bac/27019-epreuve-bac-2022-svteehb-serie-c-ti-cameroun,https://epreuvesetcorriges.com/categories/cameroun/examens/bac/27019-epreuve-bac-2022-svteehb-serie-c-ti-cameroun/download,epreuvesetcorriges
BAC,2023,EPREUVE BAC 2023 MATHEMATIQUES SERIE A-ABI CAMEROUN CAMEROUN,https://epreuvesetcorriges.com/categories/cameroun/examens/bac/31710-epreuve-bac-2023-mathematiques-serie-a-abi-cameroun-cameroun,https://epreuvesetcorriges.com/categories/cameroun/examens/bac/31710-epreuve-bac-2023-mathematiques-serie-a-abi-cameroun-cameroun/download,epreuvesetcorriges
BAC,2014,"Épreuve de Littérature, BAC séries C-D-E-TI, année 2014, Cameroun",https://epreuvesetcorriges.com/categories/cameroun/examens/bac/134-epreuve-de-litterature-bac-series-c-d-e-ti-annee-2014-cameroun,https://epreuvesetcorriges.com/categories/cameroun/examens/bac/134-epreuve-de-litterature-bac-series-c-d-e-ti-annee-2014-cameroun/download,epreuvesetcorriges
BAC,2021,EPREUVE BAC 2021 ALLEMAND L V II SÉRIE A4 – ABI CAMEROUN,https://epreuvesetcorriges.com/categories/cameroun/examens/bac/3061-epreuve-bac-2021-allemand-l-v-ii-serie-a4-abi-cameroun,https://epreuvesetcorriges.com/categories/cameroun/examens/bac/3061-epreuve-bac-2021-allemand-l-v-ii-serie-a4-abi-cameroun/download,epreuvesetcorriges
BAC,2022,EPREUVE BAC 2022 SVTEEHB SÉRIE D CAMEROUN,https://epreuvesetcorriges.com/categories/cameroun/examens/bac/27020-epreuve-bac-2022-svteehb-serie-d-cameroun,https://epreuvesetcorriges.com/categories/cameroun/examens/bac/27020-epreuve-bac-2022-svteehb-serie-d-cameroun/download,epreuvesetcorriges
BAC,2023,EPREUVE BAC 2023 PHILOSOPHIE - BACCALAUREAT SERIE C -D-E-TI CAMEROUN,https://epreuvesetcorriges.com/categories/cameroun/examens/bac/31711-epreuve-bac-2023-philosophie-baccalaureat-serie-c-d-e-ti-cameroun,https://epreuvesetcorriges.com/categories/cameroun/examens/bac/31711-epreuve-bac-2023-philosophie-baccalaureat-serie-c-d-e-ti-cameroun/download,epreuvesetcorriges
BAC,2014,"Épreuve de Mathématiques, BAC série A, normale, année 2014, Cameroun",https://epreuvesetcorriges.com/categories/cameroun/examens/bac/135-epreuve-de-mathematiques-bac-serie-a-normale-annee-2014-cameroun,https://epreuvesetcorriges.com/categories/cameroun/examens/bac/135-epreuve-de-mathematiques-bac-serie-a-normale-annee-2014-cameroun/download,epreuvesetcorriges
BAC,2021,EPREUVE BAC 2021 ANGLAIS SÉRIES A1-A5 CAMEROUN,https://epreuvesetcorriges.com/categories/cameroun/examens/bac/3062-epreuve-bac-2021-anglais-series-a1-a5-cameroun,https://epreuvesetcorriges.com/categories/cameroun/examens/bac/3062-epreuve-bac-2021-anglais-series-a1-a5-cameroun/download,epreuvesetcorriges
BAC,2022,EPREUVE FACULTATIVE DE TRAVAIL MANUEL-BACCALAUREAT-SESSION 2022 CAMEROUN,https://epreuvesetcorriges.com/categories/cameroun/examens/bac/27021-epreuve-facultative-de-travail-manuel-baccalaureat-session-2022-cameroun,https://epreuvesetcorriges.com/categories/cameroun/examens/bac/27021-epreuve-facultative-de-travail-manuel-baccalaureat-session-2022-cameroun/download,epreuvesetcorriges
BAC,2023,EPREUVE BAC 2023 PHYSIQUE PRATIQUE - BACCALAUREAT SERIE C CAMEROUN,https://epreuvesetcorriges.com/categories/cameroun/examens/bac/31712-epreuve-bac-2023-physique-pratique-baccalaureat-serie-c-cameroun,https://epreuvesetcorriges.com/categories/cameroun/examens/bac/31712-epreuve-bac-2023-physique-pratique-baccalaureat-serie-c-cameroun/download,epreuvesetcorriges
BAC,2015,"Épreuve de Mathématiques, BAC série A, normale, année 2015, Cameroun",https://epreuvesetcorriges.com/categories/cameroun/examens/bac/136-epreuve-de-mathematiques-bac-serie-a-normale-annee-2015-cameroun,https://epreuvesetcorriges.com/categories/cameroun/examens/bac/136-epreuve-de-mathematiques-bac-serie-a-normale-annee-2015-cameroun/download,epreuvesetcorriges
BAC,2021,EPREUVE BAC 2021 ANGLAIS SÉRIES C D E TI CAMEROUN,https://epreuvesetcorriges.com/categories/cameroun/examens/bac/3063-epreuve-bac-2021-anglais-series-c-d-e-ti-cameroun,https://epreuvesetcorriges.com/categories/cameroun/examens/bac/3063-epreuve-bac-2021-anglais-series-c-d-e-ti-cameroun/download,epreuvesetcorriges
BAC,2022,ANGLAIS - BACCALAUREAT SERIE A SESSION 2022 CAMEROUN,https://epreuvesetcorriges.com/categories/cameroun/examens/bac/27138-anglais-baccalaureat-serie-a-session-2022-cameroun,https://epreuvesetcorriges.com/categories/cameroun/examens/bac/27138-anglais-baccalaureat-serie-a-session-2022-cameroun/download,epreuvesetcorriges
BAC,2023,EPREUVE BAC 2023 PHYSIQUE THEORIQUE - BACCALAUREAT SERIE C CAMEROUN,https://epreuvesetcorriges.com/categories/cameroun/examens/bac/31713-epreuve-bac-2023-physique-theorique-baccalaureat-serie-c-cameroun,https://epreuvesetcorriges.com/categories/cameroun/examens/bac/31713-epreuve-bac-2023-physique-theorique-baccalaureat-serie-c-cameroun/download,epreuvesetcorriges
BAC,2017,"Épreuve de Mathématiques, BAC séries A-ABI, année 2017, Cameroun",https://epreuvesetcorriges.com/categories/cameroun/examens/bac/137-epreuve-de-mathematiques-bac-series-a-abi-annee-2017-cameroun,https://epreuvesetcorriges.com/categories/cameroun/examens/bac/137-epreuve-de-mathematiques-bac-series-a-abi-annee-2017-cameroun/download,epreuvesetcorriges
BAC,2021,EPREUVE BAC 2021 CHIMIE PRATIQUE SÉRIE C D CAMEROUN,https://epreuvesetcorriges.com/categories/cameroun/examens/bac/3064-epreuve-bac-2021-chimie-pratique-serie-c-d-cameroun,https://epreuvesetcorriges.com/categories/cameroun/examens/bac/3064-epreuve-bac-2021-chimie-pratique-serie-c-d-cameroun/download,epreuvesetcorriges
BAC,2022,ANGLAIS - BACCALAUREAT SERIE C - D - E - TI SESSION 2022 CAMEROUN,https://epreuvesetcorriges.com/categories/cameroun/examens/bac/27139-anglais-baccalaureat-serie-c-d-e-ti-session-2022-cameroun,https://epreuvesetcorriges.com/categories/cameroun/examens/bac/27139-anglais-baccalaureat-serie-c-d-e-ti-session-2022-cameroun/download,epreuvesetcorriges
BAC,2023,EPREUVE BAC 2023 PHYSIQUE THEORIQUE - BACCALAUREAT SERIE D CAMEROUN,https://epreuvesetcorriges.com/categories/cameroun/examens/bac/31714-epreuve-bac-2023-physique-theorique-baccalaureat-serie-d-cameroun,https://epreuvesetcorriges.com/categories/cameroun/examens/bac/31714-epreuve-bac-2023-physique-theorique-baccalaureat-serie-d-cameroun/download,epreuvesetcorriges
BAC,2017,"Épreuve de Mathématiques, BAC séries C-E, année 2017, Cameroun",https://epreuvesetcorriges.com/categories/cameroun/examens/bac/138-epreuve-de-mathematiques-bac-series-c-e-annee-2017-cameroun,https://epreuvesetcorriges.com/categories/cameroun/examens/bac/138-epreuve-de-mathematiques-bac-series-c-e-annee-2017-cameroun/download,epreuvesetcorriges
BAC,2021,EPREUVE BAC 2021 CHIMIE SÉRIE C D E CAMEROUN,https://epreuvesetcorriges.com/categories/cameroun/examens/bac/3065-epreuve-bac-2021-chimie-serie-c-d-e-cameroun,https://epreuvesetcorriges.com/categories/cameroun/examens/bac/3065-epreuve-bac-2021-chimie-serie-c-d-e-cameroun/download,epreuvesetcorriges
BAC,2022,CHIMIE - BACCALAUREAT SERIE C - D - E SESSION 2022 CAMEROUN,https://epreuvesetcorriges.com/categories/cameroun/examens/bac/27140-chimie-baccalaureat-serie-c-d-e-session-2022-cameroun,https://epreuvesetcorriges.com/categories/cameroun/examens/bac/27140-chimie-baccalaureat-serie-c-d-e-session-2022-cameroun/download,epreuvesetcorriges
BAC,2023,EPREUVE BAC 2023 SCIENCES - BACCALAUREAT SERIE A1-A2-A3-A4-A5-ABI CAMEROUN,https://epreuvesetcorriges.com/categories/cameroun/examens/bac/31715-epreuve-bac-2023-sciences-baccalaureat-serie-a1-a2-a3-a4-a5-abi-cameroun,https://epreuvesetcorriges.com/categories/cameroun/examens/bac/31715-epreuve-bac-2023-sciences-baccalaureat-serie-a1-a2-a3-a4-a5-abi-cameroun/download,epreuvesetcorriges
BAC,2016,"Épreuve de Mathématiques, BAC séries D-TI, année 2016, Cameroun",https://epreuvesetcorriges.com/categories/cameroun/examens/bac/139-epreuve-de-mathematiques-bac-series-d-ti-annee-2016-cameroun,https://epreuvesetcorriges.com/categories/cameroun/examens/bac/139-epreuve-de-mathematiques-bac-series-d-ti-annee-2016-cameroun/download,epreuvesetcorriges
BAC,2021,EPREUVE BAC 2021 COMPTABILITÉ  STT SPÉCIALITÉ ACC CAMEROUN,https://epreuvesetcorriges.com/categories/cameroun/examens/bac/3066-epreuve-bac-2021-comptabilite-stt-specialite-acc-cameroun,https://epreuvesetcorriges.com/categories/cameroun/examens/bac/3066-epreuve-bac-2021-comptabilite-stt-specialite-acc-cameroun/download,epreuvesetcorriges
BAC,2022,CULTURES NATIONALES - BACCALAUREAT SERIE A SESSION 2022 CAMEROUN,https://epreuvesetcorriges.com/categories/cameroun/examens/bac/27141-cultures-nationales-baccalaureat-serie-a-session-2022-cameroun,https://epreuvesetcorriges.com/categories/cameroun/examens/bac/27141-cultures-nationales-baccalaureat-serie-a-session-2022-cameroun/download,epreuvesetcorriges
BAC,2023,EPREUVE BAC 2023 SVTEEHB PRATIQUE - BACCALAUREAT SERIE D CAMEROUN,https://epreuvesetcorriges.com/categories/cameroun/examens/bac/31716-epreuve-bac-2023-svteehb-pratique-baccalaureat-serie-d-cameroun,https://epreuvesetcorriges.com/categories/cameroun/examens/bac/31716-epreuve-bac-2023-svteehb-pratique-baccalaureat-serie-d-cameroun/download,epreuvesetcorriges
BAC,2017,"Épreuve de Mathématiques, BAC séries D-TI, année 2017, Cameroun",https://epreuvesetcorriges.com/categories/cameroun/examens/bac/140-epreuve-de-mathematiques-bac-series-d-ti-annee-2017-cameroun,https://epreuvesetcorriges.com/categories/cameroun/examens/bac/140-epreuve-de-mathematiques-bac-series-d-ti-annee-2017-cameroun/download,epreuvesetcorriges
BAC,2021,EPREUVE BAC 2021 COMPTABILITÉ DE MANAGEMENT STT SPÉCIALITÉ CG CAMEROUN,https://epreuvesetcorriges.com/categories/cameroun/examens/bac/3067-epreuve-bac-2021-comptabilite-de-management-stt-specialite-cg-cameroun,https://epreuvesetcorriges.com/categories/cameroun/examens/bac/3067-epreuve-bac-2021-comptabilite-de-management-stt-specialite-cg-cameroun/download,epreuvesetcorriges
BAC,2022,DESSIN - BACCALAUREAT SESSION 2022 CAMEROUN,https://epreuvesetcorriges.com/categories/cameroun/examens/bac/27142-dessin-baccalaureat-session-2022-cameroun,https://epreuvesetcorriges.com/categories/cameroun/examens/bac/27142-dessin-baccalaureat-session-2022-cameroun/download,epreuvesetcorriges
BAC,2023,EPREUVE BAC 2023 SVTEEHB THEORIQUE - BACCALAUREAT SERIE D CAMEROUN,https://epreuvesetcorriges.com/categories/cameroun/examens/bac/31717-epreuve-bac-2023-svteehb-theorique-baccalaureat-serie-d-cameroun,https://epreuvesetcorriges.com/categories/cameroun/examens/bac/31717-epreuve-bac-2023-svteehb-theorique-baccalaureat-serie-d-cameroun/download,epreuvesetcorriges
BAC,2014,"Épreuve de Mathématiques, BAC séries D-TI, normale, année 2014, Cameroun",https://epreuvesetcorriges.com/categories/cameroun/examens/bac/141-epreuve-de-mathematiques-bac-series-d-ti-normale-annee-2014-cameroun,https://epreuvesetcorriges.com/categories/cameroun/examens/bac/141-epreuve-de-mathematiques-bac-series-d-ti-normale-annee-2014-cameroun/download,epreuvesetcorriges
BAC,2021,EPREUVE BAC 2021 ECM SÉRIE A C D E TI CAMEROUN,https://epreuvesetcorriges.com/categories/cameroun/examens/bac/3068-epreuve-bac-2021-ecm-serie-a-c-d-e-ti-cameroun,https://epreuvesetcorriges.com/categories/cameroun/examens/bac/3068-epreuve-bac-2021-ecm-serie-a-c-d-e-ti-cameroun/download,epreuvesetcorriges
BAC,2022,ECM - BACCALAUREAT SERIE TOUTES SESSION 2022 CAMEROUN,https://epreuvesetcorriges.com/categories/cameroun/examens/bac/27143-ecm-baccalaureat-serie-toutes-session-2022-cameroun,https://epreuvesetcorriges.com/categories/cameroun/examens/bac/27143-ecm-baccalaureat-serie-toutes-session-2022-cameroun/download,epreuvesetcorriges
BAC,2023,BAC 2023 PROPOSITION DE CORRIGÉ  PHYSIQUE SERIE C CAMEROUN,https://epreuvesetcorriges.com/categories/cameroun/examens/bac/31718-bac-2023-proposition-de-corrige-physique-serie-c-cameroun,https://epreuvesetcorriges.com/categories/cameroun/examens/bac/31718-bac-2023-proposition-de-corrige-physique-serie-c-cameroun/download,epreuvesetcorriges
BAC,2015,"Épreuve de Mathématiques, BAC séries D-TI, normale, année 2015, Cameroun",https://epreuvesetcorriges.com/categories/cameroun/examens/bac/142-epreuve-de-mathematiques-bac-series-d-ti-normale-annee-2015-cameroun,https://epreuvesetcorriges.com/categories/cameroun/examens/bac/142-epreuve-de-mathematiques-bac-series-d-ti-normale-annee-2015-cameroun/download,epreuvesetcorriges
BAC,2021,EPREUVE BAC 2021 ESPAGNOL LV II SÉRIES A-ABI CAMEROUN,https://epreuvesetcorriges.com/categories/cameroun/examens/bac/3069-epreuve-bac-2021-espagnol-lv-ii-series-a-abi-cameroun,https://epreuvesetcorriges.com/categories/cameroun/examens/bac/3069-epreuve-bac-2021-espagnol-lv-ii-series-a-abi-cameroun/download,epreuvesetcorriges
BAC,2022,EPREUVE PRATIQUE D’INFORMATIQUE - BACCALAUREAT SERIE TOUTES SAUF TI SESSION 2022 CAMEROUN,https://epreuvesetcorriges.com/categories/cameroun/examens/bac/27144-epreuve-pratique-d-informatique-baccalaureat-serie-toutes-sauf-ti-session-2022-cameroun,https://epreuvesetcorriges.com/categories/cameroun/examens/bac/27144-epreuve-pratique-d-informatique-baccalaureat-serie-toutes-sauf-ti-session-2022-cameroun/download,epreuvesetcorriges
BAC,2023,BAC 2023 PROPOSITION DE CORRIGÉ  PHYSIQUE SERIE D-TI CAMEROUN,https://epreuvesetcorriges.com/categories/cameroun/examens/bac/31719-bac-2023-proposition-de-corrige-physique-serie-d-ti-cameroun,https://epreuvesetcorriges.com/categories/cameroun/examens/bac/31719-bac-2023-proposition-de-corrige-physique-serie-d-ti-cameroun/download,epreuvesetcorriges
BAC,2014,"Épreuve de Philosophie, BAC série A, année 2014, Cameroun",https://epreuvesetcorriges.com/categories/cameroun/examens/bac/143-epreuve-de-philosophie-bac-serie-a-annee-2014-cameroun,https://epreuvesetcorriges.com/categories/cameroun/examens/bac/143-epreuve-de-philosophie-bac-serie-a-annee-2014-cameroun/download,epreuvesetcorriges
BAC,2021,EPREUVE BAC 2021 ÉTUDE DE PROJET-BACCALAURÉAT DE TECHNICIEN-SÉRIE F2 ELECTRONIQUE CAMEROUN,https://epreuvesetcorriges.com/categories/cameroun/examens/bac/3070-epreuve-bac-2021-etude-de-projet-baccalaureat-de-technicien-serie-f2-electronique-cameroun,https://epreuvesetcorriges.com/categories/cameroun/examens/bac/3070-epreuve-bac-2021-etude-de-projet-baccalaureat-de-technicien-serie-f2-electronique-cameroun/download,epreuvesetcorriges
BAC,2022,EPREUVE PRATIQUE FACULTATIVE D’INFORMATIQUE - BACCALAUREAT SERIE TOUTES SAUF TI SESSION 2022 CAMEROUN,https://epreuvesetcorriges.com/categories/cameroun/examens/bac/27145-epreuve-pratique-facultative-d-informatique-baccalaureat-serie-toutes-sauf-ti-session-2022-cameroun,https://epreuvesetcorriges.com/categories/cameroun/examens/bac/27145-epreuve-pratique-facultative-d-informatique-baccalaureat-serie-toutes-sauf-ti-session-2022-cameroun/download,epreuvesetcorriges
BAC,2023,BAC 2023 PROPOSITION DE CORRIGÉ MATHEMATIQUES SERIE C CAMEROUN,https://epreuvesetcorriges.com/categories/cameroun/examens/bac/31720-bac-2023-proposition-de-corrige-mathematiques-serie-c-cameroun,https://epreuvesetcorriges.com/categories/cameroun/examens/bac/31720-bac-2023-proposition-de-corrige-mathematiques-serie-c-cameroun/download,epreuvesetcorriges
BAC,2015,"Épreuve de Philosophie, BAC série A, année 2015, Cameroun",https://epreuvesetcorriges.com/categories/cameroun/examens/bac/144-epreuve-de-philosophie-bac-serie-a-annee-2015-cameroun,https://epreuvesetcorriges.com/categories/cameroun/examens/bac/144-epreuve-de-philosophie-bac-serie-a-annee-2015-cameroun/download,epreuvesetcorriges
BAC,2021,EPREUVE BAC 2021 FACULTATIVE D’ESF SÉRIE TOUTE CAMEROUN,https://epreuvesetcorriges.com/categories/cameroun/examens/bac/3071-epreuve-bac-2021-facultative-d-esf-serie-toute-cameroun,https://epreuvesetcorriges.com/categories/cameroun/examens/bac/3071-epreuve-bac-2021-facultative-d-esf-serie-toute-cameroun/download,epreuvesetcorriges
BAC,2022,EPS - BACCALAUREAT SERIE TOUTES SESSION 2022 CAMEROUN,https://epreuvesetcorriges.com/categories/cameroun/examens/bac/27146-eps-baccalaureat-serie-toutes-session-2022-cameroun,https://epreuvesetcorriges.com/categories/cameroun/examens/bac/27146-eps-baccalaureat-serie-toutes-session-2022-cameroun/download,epreuvesetcorriges
BAC,2016,"Épreuve de Philosophie, BAC séries A-ABI, année 2016, Cameroun",https://epreuvesetcorriges.com/categories/cameroun/examens/bac/145-epreuve-de-philosophie-bac-series-a-abi-annee-2016-cameroun,https://epreuvesetcorriges.com/categories/cameroun/examens/bac/145-epreuve-de-philosophie-bac-series-a-abi-annee-2016-cameroun/download,epreuvesetcorriges
BAC,2021,EPREUVE BAC 2021 FACULTATIVE DE MUSIQUE  ESG BAC TI CAMEROUN,https://epreuvesetcorriges.com/categories/cameroun/examens/bac/3072-epreuve-bac-2021-facultative-de-musique-esg-bac-ti-cameroun,https://epreuvesetcorriges.com/categories/cameroun/examens/bac/3072-epreuve-bac-2021-facultative-de-musique-esg-bac-ti-cameroun/download,epreuvesetcorriges
BAC,2022,ESF - BACCALAUREAT SESSION 2022 CAMEROUN,https://epreuvesetcorriges.com/categories/cameroun/examens/bac/27147-esf-baccalaureat-session-2022-cameroun,https://epreuvesetcorriges.com/categories/cameroun/examens/bac/27147-esf-baccalaureat-session-2022-cameroun/download,epreuvesetcorriges
BAC,2023,EPREUVE BAC 2023 ANGLAIS SERIE A1-A2-A3-A4-A5 CAMEROUN,https://epreuvesetcorriges.com/categories/cameroun/examens/bac/31737-epreuve-bac-2023-anglais-serie-a1-a2-a3-a4-a5-cameroun,https://epreuvesetcorriges.com/categories/cameroun/examens/bac/31737-epreuve-bac-2023-anglais-serie-a1-a2-a3-a4-a5-cameroun/download,epreuvesetcorriges
BAC,2017,"Épreuve de Philosophie, BAC séries A-ABI, année 2017, Cameroun",https://epreuvesetcorriges.com/categories/cameroun/examens/bac/146-epreuve-de-philosophie-bac-series-a-abi-annee-2017-cameroun,https://epreuvesetcorriges.com/categories/cameroun/examens/bac/146-epreuve-de-philosophie-bac-series-a-abi-annee-2017-cameroun/download,epreuvesetcorriges
BAC,2021,EPREUVE BAC 2021 FACULTATIVE DE SVT SÉRIES C D TI CAMEROUN,https://epreuvesetcorriges.com/categories/cameroun/examens/bac/3073-epreuve-bac-2021-facultative-de-svt-series-c-d-ti-cameroun,https://epreuvesetcorriges.com/categories/cameroun/examens/bac/3073-epreuve-bac-2021-facultative-de-svt-series-c-d-ti-cameroun/download,epreuvesetcorriges
BAC,2022,ESPAGNOL - BACCALAUREAT SERIE A4 - ABI SESSION 2022 CAMEROUN,https://epreuvesetcorriges.com/categories/cameroun/examens/bac/27148-espagnol-baccalaureat-serie-a4-abi-session-2022-cameroun,https://epreuvesetcorriges.com/categories/cameroun/examens/bac/27148-espagnol-baccalaureat-serie-a4-abi-session-2022-cameroun/download,epreuvesetcorriges
BAC,2023,EPREUVE BAC 2023 CHIMIE PRATIQUE  SERIE C-D CAMEROUN,https://epreuvesetcorriges.com/categories/cameroun/examens/bac/31738-epreuve-bac-2023-chimie-pratique-serie-c-d-cameroun,https://epreuvesetcorriges.com/categories/cameroun/examens/bac/31738-epreuve-bac-2023-chimie-pratique-serie-c-d-cameroun/download,epreuvesetcorriges
BAC,2014,"Épreuve de Philosophie, BAC séries C-E, année 2014, Cameroun",https://epreuvesetcorriges.com/categories/cameroun/examens/bac/147-epreuve-de-philosophie-bac-series-c-e-annee-2014-cameroun,https://epreuvesetcorriges.com/categories/cameroun/examens/bac/147-epreuve-de-philosophie-bac-series-c-e-annee-2014-cameroun/download,epreuvesetcorriges
BAC,2021,EPREUVE BAC 2021 FINANCE D’ENTREPRISE STT SPÉCIALITÉ CG CAMEROUN,https://epreuvesetcorriges.com/categories/cameroun/examens/bac/3074-epreuve-bac-2021-finance-d-entreprise-stt-specialite-cg-cameroun,https://epreuvesetcorriges.com/categories/cameroun/examens/bac/3074-epreuve-bac-2021-finance-d-entreprise-stt-specialite-cg-cameroun/download,epreuvesetcorriges
BAC,2022,GEOGRAPHIE - BACCALAUREAT SERIE A4 - ABI SESSION 2022 CAMEROUN,https://epreuvesetcorriges.com/categories/cameroun/examens/bac/27149-geographie-baccalaureat-serie-a4-abi-session-2022-cameroun,https://epreuvesetcorriges.com/categories/cameroun/examens/bac/27149-geographie-baccalaureat-serie-a4-abi-session-2022-cameroun/download,epreuvesetcorriges
BAC,2023,EPREUVE BAC 2023 CULTURES NATIONALES SERIE A CAMEROUN,https://epreuvesetcorriges.com/categories/cameroun/examens/bac/31739-epreuve-bac-2023-cultures-nationales-serie-a-cameroun,https://epreuvesetcorriges.com/categories/cameroun/examens/bac/31739-epreuve-bac-2023-cultures-nationales-serie-a-cameroun/download,epreuvesetcorriges
BAC,2016,"Épreuve de Philosophie, BAC séries C-E, année 2016, Cameroun",https://epreuvesetcorriges.com/categories/cameroun/examens/bac/148-epreuve-de-philosophie-bac-series-c-e-annee-2016-cameroun,https://epreuvesetcorriges.com/categories/cameroun/examens/bac/148-epreuve-de-philosophie-bac-series-c-e-annee-2016-cameroun/download,epreuvesetcorriges
BAC,2021,EPREUVE BAC 2021 GÉOGRAPHIE SÉRIE A – ABI CAMEROUN,https://epreuvesetcorriges.com/categories/cameroun/examens/bac/3075-epreuve-bac-2021-geographie-serie-a-abi-cameroun,https://epreuvesetcorriges.com/categories/cameroun/examens/bac/3075-epreuve-bac-2021-geographie-serie-a-abi-cameroun/download,epreuvesetcorriges
BAC,2022,GEOGRAPHIE - BACCALAUREAT SERIE C - D - E - TI SESSION 2022 CAMEROUN,https://epreuvesetcorriges.com/categories/cameroun/examens/bac/27150-geographie-baccalaureat-serie-c-d-e-ti-session-2022-cameroun,https://epreuvesetcorriges.com/categories/cameroun/examens/bac/27150-geographie-baccalaureat-serie-c-d-e-ti-session-2022-cameroun/download,epreuvesetcorriges
BAC,2023,EPREUVE BAC 2023 DESSIN D’ART  SERIE A CAMEROUN,https://epreuvesetcorriges.com/categories/cameroun/examens/bac/31740-epreuve-bac-2023-dessin-d-art-serie-a-cameroun,https://epreuvesetcorriges.com/categories/cameroun/examens/bac/31740-epreuve-bac-2023-dessin-d-art-serie-a-cameroun/download,epreuvesetcorriges
BAC,2015,"Épreuve de Philosophie, BAC séries D-TI, année 2015, Cameroun",https://epreuvesetcorriges.com/categories/cameroun/examens/bac/149-epreuve-de-philosophie-bac-series-d-ti-annee-2015-cameroun,https://epreuvesetcorriges.com/categories/cameroun/examens/bac/149-epreuve-de-philosophie-bac-series-d-ti-annee-2015-cameroun/download,epreuvesetcorriges
BAC,2021,EPREUVE BAC 2021 GÉOGRAPHIE SÉRIE A4 – ABI CAMEROUN,https://epreuvesetcorriges.com/categories/cameroun/examens/bac/3076-epreuve-bac-2021-geographie-serie-a4-abi-cameroun,https://epreuvesetcorriges.com/categories/cameroun/examens/bac/3076-epreuve-bac-2021-geographie-serie-a4-abi-cameroun/download,epreuvesetcorriges
BAC,2022,HISTOIRE - BACCALAUREAT SERIE A - ABI SESSION 2022 CAMEROUN,https://epreuvesetcorriges.com/categories/cameroun/examens/bac/27151-histoire-baccalaureat-serie-a-abi-session-2022-cameroun,https://epreuvesetcorriges.com/categories/cameroun/examens/bac/27151-histoire-baccalaureat-serie-a-abi-session-2022-cameroun/download,epreuvesetcorriges
BAC,2023,EPREUVE BAC 2023 EPS THEORIQUE  SERIE A-C-D-E-TI CAMEROUN,https://epreuvesetcorriges.com/categories/cameroun/examens/bac/31741-epreuve-bac-2023-eps-theorique-serie-a-c-d-e-ti-cameroun,https://epreuvesetcorriges.com/categories/cameroun/examens/bac/31741-epreuve-bac-2023-eps-theorique-serie-a-c-d-e-ti-cameroun/download,epreuvesetcorriges
BAC,2017,"Épreuve de Philosophie, BAC séries D-TI, année 2017, Cameroun",https://epreuvesetcorriges.com/categories/cameroun/examens/bac/150-epreuve-de-philosophie-bac-series-d-ti-annee-2017-cameroun,https://epreuvesetcorriges.com/categories/cameroun/examens/bac/150-epreuve-de-philosophie-bac-series-d-ti-annee-2017-cameroun/download,epreuvesetcorriges
BAC,2021,EPREUVE BAC 2021 GÉOGRAPHIE SÉRIE C D E TI CAMEROUN,https://epreuvesetcorriges.com/categories/cameroun/examens/bac/3077-epreuve-bac-2021-geographie-serie-c-d-e-ti-cameroun,https://epreuvesetcorriges.com/categories/cameroun/examens/bac/3077-epreuve-bac-2021-geographie-serie-c-d-e-ti-cameroun/download,epreuvesetcorriges
BAC,2022,INFORMATIQUE THEORIQUE - BACCALAUREAT SERIE A - ABI SESSION 2022 CAMEROUN,https://epreuvesetcorriges.com/categories/cameroun/examens/bac/27152-informatique-theorique-baccalaureat-serie-a-abi-session-2022-cameroun,https://epreuvesetcorriges.com/categories/cameroun/examens/bac/27152-informatique-theorique-baccalaureat-serie-a-abi-session-2022-cameroun/download,epreuvesetcorriges
BAC,2023,EPREUVE BAC 2023 ESPAGNOL  SERIE A4-ABI CAMEROUN,https://epreuvesetcorriges.com/categories/cameroun/examens/bac/31742-epreuve-bac-2023-espagnol-serie-a4-abi-cameroun,https://epreuvesetcorriges.com/categories/cameroun/examens/bac/31742-epreuve-bac-2023-espagnol-serie-a4-abi-cameroun/download,epreuvesetcorriges
BAC,2014,"Épreuve de Physique, BAC séries D-TI, année 2014, Cameroun",https://epreuvesetcorriges.com/categories/cameroun/examens/bac/151-epreuve-de-physique-bac-series-d-ti-annee-2014-cameroun,https://epreuvesetcorriges.com/categories/cameroun/examens/bac/151-epreuve-de-physique-bac-series-d-ti-annee-2014-cameroun/download,epreuvesetcorriges
BAC,2021,EPREUVE BAC 2021 HISTOIRE SÉRIE A ABI CAMEROUN,https://epreuvesetcorriges.com/categories/cameroun/examens/bac/3078-epreuve-bac-2021-histoire-serie-a-abi-cameroun,https://epreuvesetcorriges.com/categories/cameroun/examens/bac/3078-epreuve-bac-2021-histoire-serie-a-abi-cameroun/download,epreuvesetcorriges
BAC,2022,INFORMATIQUE THEORIQUE - BACCALAUREAT SERIE C - D - E SESSION 2022 CAMEROUN,https://epreuvesetcorriges.com/categories/cameroun/examens/bac/27153-informatique-theorique-baccalaureat-serie-c-d-e-session-2022-cameroun,https://epreuvesetcorriges.com/categories/cameroun/examens/bac/27153-informatique-theorique-baccalaureat-serie-c-d-e-session-2022-cameroun/download,epreuvesetcorriges
BAC,2023,EPREUVE BAC 2023 INFORMATIQUE PRATIQUE  SERIE A-C-D-E CAMEROUN,https://epreuvesetcorriges.com/categories/cameroun/examens/bac/31743-epreuve-bac-2023-informatique-pratique-serie-a-c-d-e-cameroun,https://epreuvesetcorriges.com/categories/cameroun/examens/bac/31743-epreuve-bac-2023-informatique-pratique-serie-a-c-d-e-cameroun/download,epreuvesetcorriges
BAC,2015,"Épreuve de Physique, BAC séries D-TI, année 2015, Cameroun",https://epreuvesetcorriges.com/categories/cameroun/examens/bac/152-epreuve-de-physique-bac-series-d-ti-annee-2015-cameroun,https://epreuvesetcorriges.com/categories/cameroun/examens/bac/152-epreuve-de-physique-bac-series-d-ti-annee-2015-cameroun/download,epreuvesetcorriges
BAC,2021,EPREUVE BAC 2021 LANGUE FRANÇAISE SÉRIE A4 – ABI CAMEROUN,https://epreuvesetcorriges.com/categories/cameroun/examens/bac/3079-epreuve-bac-2021-langue-francaise-serie-a4-abi-cameroun,https://epreuvesetcorriges.com/categories/cameroun/examens/bac/3079-epreuve-bac-2021-langue-francaise-serie-a4-abi-cameroun/download,epreuvesetcorriges
BAC,2022,LANGUE FRANÇAISE - BACCALAUREAT SERIE A - ABI SESSION 2022 CAMEROUN,https://epreuvesetcorriges.com/categories/cameroun/examens/bac/27154-langue-francaise-baccalaureat-serie-a-abi-session-2022-cameroun,https://epreuvesetcorriges.com/categories/cameroun/examens/bac/27154-langue-francaise-baccalaureat-serie-a-abi-session-2022-cameroun/download,epreuvesetcorriges
BAC,2023,EPREUVE BAC 2023 LANGUES NATIONALES  SERIE A CAMEROUN,https://epreuvesetcorriges.com/categories/cameroun/examens/bac/31744-epreuve-bac-2023-langues-nationales-serie-a-cameroun,https://epreuvesetcorriges.com/categories/cameroun/examens/bac/31744-epreuve-bac-2023-langues-nationales-serie-a-cameroun/download,epreuvesetcorriges
BAC,2017,"Épreuve de Physique-Chimie, BAC série C, année 2017, Cameroun",https://epreuvesetcorriges.com/categories/cameroun/examens/bac/153-epreuve-de-physique-chimie-bac-serie-c-annee-2017-cameroun,https://epreuvesetcorriges.com/categories/cameroun/examens/bac/153-epreuve-de-physique-chimie-bac-serie-c-annee-2017-cameroun/download,epreuvesetcorriges
BAC,2021,EPREUVE BAC 2021 LANGUE FRANÇAISE SÉRIES C E CAMEROUN,https://epreuvesetcorriges.com/categories/cameroun/examens/bac/3080-epreuve-bac-2021-langue-francaise-series-c-e-cameroun,https://epreuvesetcorriges.com/categories/cameroun/examens/bac/3080-epreuve-bac-2021-langue-francaise-series-c-e-cameroun/download,epreuvesetcorriges
BAC,2022,LANGUE FRANÇAISE - BACCALAUREAT SERIE D - TI SESSION 2022 CAMEROUN,https://epreuvesetcorriges.com/categories/cameroun/examens/bac/27155-langue-francaise-baccalaureat-serie-d-ti-session-2022-cameroun,https://epreuvesetcorriges.com/categories/cameroun/examens/bac/27155-langue-francaise-baccalaureat-serie-d-ti-session-2022-cameroun/download,epreuvesetcorriges
BAC,2023,EPREUVE BAC 2023 PHILOSOPHIE SERIE A-ABI CAMEROUN,https://epreuvesetcorriges.com/categories/cameroun/examens/bac/31745-epreuve-bac-2023-philosophie-serie-a-abi-cameroun,https://epreuvesetcorriges.com/categories/cameroun/examens/bac/31745-epreuve-bac-2023-philosophie-serie-a-abi-cameroun/download,epreuvesetcorriges
BAC,2017,"Épreuve de Physique-Chimie, BAC séries D-TI, année 2017, Cameroun",https://epreuvesetcorriges.com/categories/cameroun/examens/bac/154-epreuve-de-physique-chimie-bac-series-d-ti-annee-2017-cameroun,https://epreuvesetcorriges.com/categories/cameroun/examens/bac/154-epreuve-de-physique-chimie-bac-series-d-ti-annee-2017-cameroun/download,epreuvesetcorriges
BAC,2021,EPREUVE BAC 2021 LITTÉRATURE OU DE CULTURE GÉNÉRALE SÉRIE A4 – ABI CAMEROUN,https://epreuvesetcorriges.com/categories/cameroun/examens/bac/3081-epreuve-bac-2021-litterature-ou-de-culture-generale-serie-a4-abi-cameroun,https://epreuvesetcorriges.com/categories/cameroun/examens/bac/3081-epreuve-bac-2021-litterature-ou-de-culture-generale-serie-a4-abi-cameroun/download,epreuvesetcorriges
BAC,2022,LANGUES NATIONALES - BACCALAUREAT SERIE A SESSION 2022 CAMEROUN,https://epreuvesetcorriges.com/categories/cameroun/examens/bac/27156-langues-nationales-baccalaureat-serie-a-session-2022-cameroun,https://epreuvesetcorriges.com/categories/cameroun/examens/bac/27156-langues-nationales-baccalaureat-serie-a-session-2022-cameroun/download,epreuvesetcorriges
BAC,2023,EPREUVE BAC 2023 SVTEEHB SERIE C-TI CAMEROUN,https://epreuvesetcorriges.com/categories/cameroun/examens/bac/31746-epreuve-bac-2023-svteehb-serie-c-ti-cameroun,https://epreuvesetcorriges.com/categories/cameroun/examens/bac/31746-epreuve-bac-2023-svteehb-serie-c-ti-cameroun/download,epreuvesetcorriges
BAC,2017,"Épreuve de Sciences de la Vie et de la Terre, BAC série D, année 2017, Cameroun",https://epreuvesetcorriges.com/categories/cameroun/examens/bac/155-epreuve-de-sciences-de-la-vie-et-de-la-terre-bac-serie-d-annee-2017-cameroun,https://epreuvesetcorriges.com/categories/cameroun/examens/bac/155-epreuve-de-sciences-de-la-vie-et-de-la-terre-bac-serie-d-annee-2017-cameroun/download,epreuvesetcorriges
BAC,2021,EPREUVE BAC 2021 MATHÉMATIQUES APPLIQUÉES  STT SPÉCIALITÉ CG ACC FIG CAMEROUN,https://epreuvesetcorriges.com/categories/cameroun/examens/bac/3082-epreuve-bac-2021-mathematiques-appliquees-stt-specialite-cg-acc-fig-cameroun,https://epreuvesetcorriges.com/categories/cameroun/examens/bac/3082-epreuve-bac-2021-mathematiques-appliquees-stt-specialite-cg-acc-fig-cameroun/download,epreuvesetcorriges
BAC,2022,LITTERATURE OU CULTURE GENERALE - BACCALAUREAT SERIE A - ABI SESSION 2022 CAMEROUN,https://epreuvesetcorriges.com/categories/cameroun/examens/bac/27157-litterature-ou-culture-generale-baccalaureat-serie-a-abi-session-2022-cameroun,https://epreuvesetcorriges.com/categories/cameroun/examens/bac/27157-litterature-ou-culture-generale-baccalaureat-serie-a-abi-session-2022-cameroun/download,epreuvesetcorriges
BAC,2023,EPREUVE BAC 2023 TRAVAIL MANUEL  SERIE A-C-D-E-T CAMEROUN,https://epreuvesetcorriges.com/categories/cameroun/examens/bac/31747-epreuve-bac-2023-travail-manuel-serie-a-c-d-e-t-cameroun,https://epreuvesetcorriges.com/categories/cameroun/examens/bac/31747-epreuve-bac-2023-travail-manuel-serie-a-c-d-e-t-cameroun/download,epreuvesetcorriges
BAC,2014,"Épreuve de Sciences de la Vie et de la Terre, BAC série D, Épreuve 1, année 2014, Cameroun",https://epreuvesetcorriges.com/categories/cameroun/examens/bac/156-epreuve-de-sciences-de-la-vie-et-de-la-terre-bac-serie-d-epreuve-1-annee-2014-cameroun,https://epreuvesetcorriges.com/categories/cameroun/examens/bac/156-epreuve-de-sciences-de-la-vie-et-de-la-terre-bac-serie-d-epreuve-1-annee-2014-cameroun/download,epreuvesetcorriges
BAC,2021,EPREUVE BAC 2021 MATHÉMATIQUES SÉRIE A ABI CAMEROUN,https://epreuvesetcorriges.com/categories/cameroun/examens/bac/3083-epreuve-bac-2021-mathematiques-serie-a-abi-cameroun,https://epreuvesetcorriges.com/categories/cameroun/examens/bac/3083-epreuve-bac-2021-mathematiques-serie-a-abi-cameroun/download,epreuvesetcorriges
BAC,2022,LITTERATURE OU CULTURE GENERALE - BACCALAUREAT SERIE D - TI SESSION 2022 CAMEROUN,https://epreuvesetcorriges.com/categories/cameroun/examens/bac/27158-litterature-ou-culture-generale-baccalaureat-serie-d-ti-session-2022-cameroun,https://epreuvesetcorriges.com/categories/cameroun/examens/bac/27158-litterature-ou-culture-generale-baccalaureat-serie-d-ti-session-2022-cameroun/download,epreuvesetcorriges
BAC,2023,CORRIGÉ HARMONISÉ  BAC 2023 CHIMIE PRATIQUE SERIE C-D CAMEROUN,https://epreuvesetcorriges.com/categories/cameroun/examens/bac/31804-corrige-harmonise-bac-2023-chimie-pratique-serie-c-d-cameroun,https://epreuvesetcorriges.com/categories/cameroun/examens/bac/31804-corrige-harmonise-bac-2023-chimie-pratique-serie-c-d-cameroun/download,epreuvesetcorriges
BAC,2015,"Épreuve de Sciences de la Vie et de la Terre, BAC série D, Épreuve 1, année 2015, Cameroun",https://epreuvesetcorriges.com/categories/cameroun/examens/bac/157-epreuve-de-sciences-de-la-vie-et-de-la-terre-bac-serie-d-epreuve-1-annee-2015-cameroun,https://epreuvesetcorriges.com/categories/cameroun/examens/bac/157-epreuve-de-sciences-de-la-vie-et-de-la-terre-bac-serie-d-epreuve-1-annee-2015-cameroun/download,epreuvesetcorriges
BAC,2021,EPREUVE BAC 2021 MATHÉMATIQUES SPÉCIALITÉ ACC-CG CAMEROUN,https://epreuvesetcorriges.com/categories/cameroun/examens/bac/3084-epreuve-bac-2021-mathematiques-specialite-acc-cg-cameroun,https://epreuvesetcorriges.com/categories/cameroun/examens/bac/3084-epreuve-bac-2021-mathematiques-specialite-acc-cg-cameroun/download,epreuvesetcorriges
BAC,2022,MATHEMATIQUES - BACCALAUREAT SERIE A - ABI SESSION 2022 CAMEROUN,https://epreuvesetcorriges.com/categories/cameroun/examens/bac/27159-mathematiques-baccalaureat-serie-a-abi-session-2022-cameroun,https://epreuvesetcorriges.com/categories/cameroun/examens/bac/27159-mathematiques-baccalaureat-serie-a-abi-session-2022-cameroun/download,epreuvesetcorriges
BAC,2023,CORRIGÉ HARMONISÉ  BAC 2023 CHIMIE THEORIQUE SERIE C-D-E CAMEROUN,https://epreuvesetcorriges.com/categories/cameroun/examens/bac/31805-corrige-harmonise-bac-2023-chimie-theorique-serie-c-d-e-cameroun,https://epreuvesetcorriges.com/categories/cameroun/examens/bac/31805-corrige-harmonise-bac-2023-chimie-theorique-serie-c-d-e-cameroun/download,epreuvesetcorriges
BAC,2014,"Épreuve de Sciences de la Vie et de la Terre, BAC série D, Épreuve 2, année 2014, Cameroun",https://epreuvesetcorriges.com/categories/cameroun/examens/bac/158-epreuve-de-sciences-de-la-vie-et-de-la-terre-bac-serie-d-epreuve-2-annee-2014-cameroun,https://epreuvesetcorriges.com/categories/cameroun/examens/bac/158-epreuve-de-sciences-de-la-vie-et-de-la-terre-bac-serie-d-epreuve-2-annee-2014-cameroun/download,epreuvesetcorriges
BAC,2021,EPREUVE BAC 2021 MATHÉMATIQUES+PROPOSITION DE CORRIGÉ  SÉRIE DTI CAMEROUN,https://epreuvesetcorriges.com/categories/cameroun/examens/bac/3085-epreuve-bac-2021-mathematiques-proposition-de-corrige-serie-dti-cameroun,https://epreuvesetcorriges.com/categories/cameroun/examens/bac/3085-epreuve-bac-2021-mathematiques-proposition-de-corrige-serie-dti-cameroun/download,epreuvesetcorriges
BAC,2022,MATHEMATIQUES - BACCALAUREAT SERIE C E SESSION 2022 CAMEROUN,https://epreuvesetcorriges.com/categories/cameroun/examens/bac/27160-mathematiques-baccalaureat-serie-c-e-session-2022-cameroun,https://epreuvesetcorriges.com/categories/cameroun/examens/bac/27160-mathematiques-baccalaureat-serie-c-e-session-2022-cameroun/download,epreuvesetcorriges
BAC,2023,CORRIGÉ HARMONISÉ  BAC 2023 MATHEMATIQUES SERIE C CAMEROUN,https://epreuvesetcorriges.com/categories/cameroun/examens/bac/31806-corrige-harmonise-bac-2023-mathematiques-serie-c-cameroun,https://epreuvesetcorriges.com/categories/cameroun/examens/bac/31806-corrige-harmonise-bac-2023-mathematiques-serie-c-cameroun/download,epreuvesetcorriges
BAC,2015,"Épreuve de Sciences de la Vie et de la Terre, BAC série D, Épreuve 2, année 2015, Cameroun",https://epreuvesetcorriges.com/categories/cameroun/examens/bac/159-epreuve-de-sciences-de-la-vie-et-de-la-terre-bac-serie-d-epreuve-2-annee-2015-cameroun,https://epreuvesetcorriges.com/categories/cameroun/examens/bac/159-epreuve-de-sciences-de-la-vie-et-de-la-terre-bac-serie-d-epreuve-2-annee-2015-cameroun/download,epreuvesetcorriges
BAC,2021,EPREUVE BAC 2021 MATHÉMATIQUES+PROPOSITION DE CORRIGÉ -SÉRIE CE CAMEROUN,https://epreuvesetcorriges.com/categories/cameroun/examens/bac/3086-epreuve-bac-2021-mathematiques-proposition-de-corrige-serie-ce-cameroun,https://epreuvesetcorriges.com/categories/cameroun/examens/bac/3086-epreuve-bac-2021-mathematiques-proposition-de-corrige-serie-ce-cameroun/download,epreuvesetcorriges
BAC,2022,MATHEMATIQUES - BACCALAUREAT SERIE D SESSION 2022 CAMEROUN,https://epreuvesetcorriges.com/categories/cameroun/examens/bac/27161-mathematiques-baccalaureat-serie-d-session-2022-cameroun,https://epreuvesetcorriges.com/categories/cameroun/examens/bac/27161-mathematiques-baccalaureat-serie-d-session-2022-cameroun/download,epreuvesetcorriges
BAC,2023,CORRIGÉ HARMONISÉ  BAC 2023 MATHEMATIQUES SERIE D CAMEROUN,https://epreuvesetcorriges.com/categories/cameroun/examens/bac/31807-corrige-harmonise-bac-2023-mathematiques-serie-d-cameroun,https://epreuvesetcorriges.com/categories/cameroun/examens/bac/31807-corrige-harmonise-bac-2023-mathematiques-serie-d-cameroun/download,epreuvesetcorriges
BAC,2017,"Épreuve de Sciences de la Vie et de la Terre, BAC séries C-TI, année 2017, Cameroun",https://epreuvesetcorriges.com/categories/cameroun/examens/bac/160-epreuve-de-sciences-de-la-vie-et-de-la-terre-bac-series-c-ti-annee-2017-cameroun,https://epreuvesetcorriges.com/categories/cameroun/examens/bac/160-epreuve-de-sciences-de-la-vie-et-de-la-terre-bac-series-c-ti-annee-2017-cameroun/download,epreuvesetcorriges
BAC,2021,EPREUVE BAC 2021 PHILOSOPHIE  SÉRIES DTI CAMEROUN,https://epreuvesetcorriges.com/categories/cameroun/examens/bac/3087-epreuve-bac-2021-philosophie-series-dti-cameroun,https://epreuvesetcorriges.com/categories/cameroun/examens/bac/3087-epreuve-bac-2021-philosophie-series-dti-cameroun/download,epreuvesetcorriges
BAC,2022,MUSIQUE - BACCALAUREAT SERIE TOUTES SESSION 2022 CAMEROUN,https://epreuvesetcorriges.com/categories/cameroun/examens/bac/27162-musique-baccalaureat-serie-toutes-session-2022-cameroun,https://epreuvesetcorriges.com/categories/cameroun/examens/bac/27162-musique-baccalaureat-serie-toutes-session-2022-cameroun/download,epreuvesetcorriges
BAC,2023,CORRIGÉ HARMONISÉ  BAC 2023 PHYSIQUE THEORIQUE SERIE D CAMEROUN,https://epreuvesetcorriges.com/categories/cameroun/examens/bac/31808-corrige-harmonise-bac-2023-physique-theorique-serie-d-cameroun,https://epreuvesetcorriges.com/categories/cameroun/examens/bac/31808-corrige-harmonise-bac-2023-physique-theorique-serie-d-cameroun/download,epreuvesetcorriges
BAC,2023,BACC 2023 EPREUVE ET CORRIGE SVTEEHB SERIE D  CAMEROUN,https://epreuvesetcorriges.com/categories/cameroun/examens/bac/37118-bacc-2023-epreuve-et-corrige-svteehb-serie-d-cameroun,https://epreuvesetcorriges.com/categories/cameroun/examens/bac/37118-bacc-2023-epreuve-et-corrige-svteehb-serie-d-cameroun/download,epreuvesetcorriges
BAC,2016,"Épreuve de Sciences de la Vie et de la Terre, BAC séries C-TI, Épreuve 1, année 2016, Cameroun",https://epreuvesetcorriges.com/categories/cameroun/examens/bac/161-epreuve-de-sciences-de-la-vie-et-de-la-terre-bac-series-c-ti-epreuve-1-annee-2016-cameroun,https://epreuvesetcorriges.com/categories/cameroun/examens/bac/161-epreuve-de-sciences-de-la-vie-et-de-la-terre-bac-series-c-ti-epreuve-1-annee-2016-cameroun/download,epreuvesetcorriges
BAC,2021,EPREUVE BAC 2021 PHILOSOPHIE SÉRIE A4 – ABI CAMEROUN,https://epreuvesetcorriges.com/categories/cameroun/examens/bac/3088-epreuve-bac-2021-philosophie-serie-a4-abi-cameroun,https://epreuvesetcorriges.com/categories/cameroun/examens/bac/3088-epreuve-bac-2021-philosophie-serie-a4-abi-cameroun/download,epreuvesetcorriges
BAC,2022,PHILOSOPHIE - BACCALAUREAT SERIE A4 - ABI SESSION 2022 CAMEROUN,https://epreuvesetcorriges.com/categories/cameroun/examens/bac/27163-philosophie-baccalaureat-serie-a4-abi-session-2022-cameroun,https://epreuvesetcorriges.com/categories/cameroun/examens/bac/27163-philosophie-baccalaureat-serie-a4-abi-session-2022-cameroun/download,epreuvesetcorriges
BAC,2016,"Épreuve de Sciences de la Vie et de la Terre, BAC séries C-TI, Épreuve 2, année 2016, Cameroun",https://epreuvesetcorriges.com/categories/cameroun/examens/bac/162-epreuve-de-sciences-de-la-vie-et-de-la-terre-bac-series-c-ti-epreuve-2-annee-2016-cameroun,https://epreuvesetcorriges.com/categories/cameroun/examens/bac/162-epreuve-de-sciences-de-la-vie-et-de-la-terre-bac-series-c-ti-epreuve-2-annee-2016-cameroun/download,epreuvesetcorriges
BAC,2021,EPREUVE BAC 2021 PHYSIQUE PRATIQUE SÉRIES C CAMEROUN,https://epreuvesetcorriges.com/categories/cameroun/examens/bac/3089-epreuve-bac-2021-physique-pratique-series-c-cameroun,https://epreuvesetcorriges.com/categories/cameroun/examens/bac/3089-epreuve-bac-2021-physique-pratique-series-c-cameroun/download,epreuvesetcorriges
BAC,2022,PHILOSOPHIE - BACCALAUREAT SERIE C E SESSION 2022 CAMEROUN,https://epreuvesetcorriges.com/categories/cameroun/examens/bac/27164-philosophie-baccalaureat-serie-c-e-session-2022-cameroun,https://epreuvesetcorriges.com/categories/cameroun/examens/bac/27164-philosophie-baccalaureat-serie-c-e-session-2022-cameroun/download,epreuvesetcorriges
BAC,,,https://epreuvesetcorriges.com/categories/cameroun/examens/bac/1512-epreuve-bac-a-abi-2019-mathematiques-cameroun,https://epreuvesetcorriges.com/categories/cameroun/examens/bac/1512-epreuve-bac-a-abi-2019-mathematiques-cameroun/download,epreuvesetcorriges
BAC,2021,EPREUVE BAC 2021 PHYSIQUE+PROPOSITION DE CORRIGÉ SÉRIE DTI CAMEROUN,https://epreuvesetcorriges.com/categories/cameroun/examens/bac/3090-epreuve-bac-2021-physique-proposition-de-corrige-serie-dti-cameroun,https://epreuvesetcorriges.com/categories/cameroun/examens/bac/3090-epreuve-bac-2021-physique-proposition-de-corrige-serie-dti-cameroun/download,epreuvesetcorriges
BAC,2022,PHYSIQUE - BACCALAUREAT SERIE D SESSION 2022 CAMEROUN,https://epreuvesetcorriges.com/categories/cameroun/examens/bac/27165-physique-baccalaureat-serie-d-session-2022-cameroun,https://epreuvesetcorriges.com/categories/cameroun/examens/bac/27165-physique-baccalaureat-serie-d-session-2022-cameroun/download,epreuvesetcorriges
BAC,2019,"EPREUVE   BAC A ABI 2019 PHILOSOPHIE, CAMEROUN",https://epreuvesetcorriges.com/categories/cameroun/examens/bac/1513-epreuve-bac-a-abi-2019-philosophie-cameroun,https://epreuvesetcorriges.com/categories/cameroun/examens/bac/1513-epreuve-bac-a-abi-2019-philosophie-cameroun/download,epreuvesetcorriges
BAC,2021,EPREUVE BAC 2021 PRATIQUE PROFESSIONNELLE STT SPÉCIALITÉ ACC CAMEROUN,https://epreuvesetcorriges.com/categories/cameroun/examens/bac/3091-epreuve-bac-2021-pratique-professionnelle-stt-specialite-acc-cameroun,https://epreuvesetcorriges.com/categories/cameroun/examens/bac/3091-epreuve-bac-2021-pratique-professionnelle-stt-specialite-acc-cameroun/download,epreuvesetcorriges
BAC,2022,PHYSIQUE PRATIQUE - BACCALAUREAT SERIE C SESSION 2022 CAMEROUN,https://epreuvesetcorriges.com/categories/cameroun/examens/bac/27166-physique-pratique-baccalaureat-serie-c-session-2022-cameroun,https://epreuvesetcorriges.com/categories/cameroun/examens/bac/27166-physique-pratique-baccalaureat-serie-c-session-2022-cameroun/download,epreuvesetcorriges
BAC,2019,"EPREUVE   BAC A ANGLAIS 2019, CAMEROUN",https://epreuvesetcorriges.com/categories/cameroun/examens/bac/1514-epreuve-bac-a-anglais-2019-cameroun,https://epreuvesetcorriges.com/categories/cameroun/examens/bac/1514-epreuve-bac-a-anglais-2019-cameroun/download,epreuvesetcorriges
BAC,2021,EPREUVE BAC 2021 SCIENCES ÉCONOMIQUES ET JURIDIQUES  STT SPÉCIALITÉ ACC ACA CG FIG CAMEROUN,https://epreuvesetcorriges.com/categories/cameroun/examens/bac/3092-epreuve-bac-2021-sciences-economiques-et-juridiques-stt-specialite-acc-aca-cg-fig-cameroun,https://epreuvesetcorriges.com/categories/cameroun/examens/bac/3092-epreuve-bac-2021-sciences-economiques-et-juridiques-stt-specialite-acc-aca-cg-fig-cameroun/download,epreuvesetcorriges
BAC,2022,PHYSIQUE THEORIQUE - BACCALAUREAT SERIE C SESSION 2022 CAMEROUN,https://epreuvesetcorriges.com/categories/cameroun/examens/bac/27167-physique-theorique-baccalaureat-serie-c-session-2022-cameroun,https://epreuvesetcorriges.com/categories/cameroun/examens/bac/27167-physique-theorique-baccalaureat-serie-c-session-2022-cameroun/download,epreuvesetcorriges
BAC,2019,"EPREUVE   BAC A4 ABI 2019 FRANCAIS, CAMEROUN",https://epreuvesetcorriges.com/categories/cameroun/examens/bac/1515-epreuve-bac-a4-abi-2019-francais-cameroun,https://epreuvesetcorriges.com/categories/cameroun/examens/bac/1515-epreuve-bac-a4-abi-2019-francais-cameroun/download,epreuvesetcorriges
BAC,2021,EPREUVE BAC 2021 SVTEEHB  SÉRIES CTI CAMEROUN,https://epreuvesetcorriges.com/categories/cameroun/examens/bac/3093-epreuve-bac-2021-svteehb-series-cti-cameroun,https://epreuvesetcorriges.com/categories/cameroun/examens/bac/3093-epreuve-bac-2021-svteehb-series-cti-cameroun/download,epreuvesetcorriges
BAC,2022,SCIENCES - BACCALAUREAT SERIE A - ABI SESSION 2022 CAMEROUN,https://epreuvesetcorriges.com/categories/cameroun/examens/bac/27168-sciences-baccalaureat-serie-a-abi-session-2022-cameroun,https://epreuvesetcorriges.com/categories/cameroun/examens/bac/27168-sciences-baccalaureat-serie-a-abi-session-2022-cameroun/download,epreuvesetcorriges
BAC,2019,"EPREUVE   BAC C D 2019 CHIMIE, CAMEROUN",https://epreuvesetcorriges.com/categories/cameroun/examens/bac/1516-epreuve-bac-c-d-2019-chimie-cameroun,https://epreuvesetcorriges.com/categories/cameroun/examens/bac/1516-epreuve-bac-c-d-2019-chimie-cameroun/download,epreuvesetcorriges
BAC,2021,EPREUVE BAC 2021 SVTEEHB (PARTIE 2 ) SÉRIE D CAMEROUN,https://epreuvesetcorriges.com/categories/cameroun/examens/bac/3094-epreuve-bac-2021-svteehb-partie-2-serie-d-cameroun,https://epreuvesetcorriges.com/categories/cameroun/examens/bac/3094-epreuve-bac-2021-svteehb-partie-2-serie-d-cameroun/download,epreuvesetcorriges
BAC,2019,"EPREUVE   BAC C LANGUE FRANCAIS 2019, CAMEROUN",https://epreuvesetcorriges.com/categories/cameroun/examens/bac/1517-epreuve-bac-c-langue-francais-2019-cameroun,https://epreuvesetcorriges.com/categories/cameroun/examens/bac/1517-epreuve-bac-c-langue-francais-2019-cameroun/download,epreuvesetcorriges
BAC,2021,EPREUVE BAC 2021 SVTEEHB PRATIQUE SÉRIE D CAMEROUN,https://epreuvesetcorriges.com/categories/cameroun/examens/bac/3095-epreuve-bac-2021-svteehb-pratique-serie-d-cameroun,https://epreuvesetcorriges.com/categories/cameroun/examens/bac/3095-epreuve-bac-2021-svteehb-pratique-serie-d-cameroun/download,epreuvesetcorriges
BAC,2022,SVTEEHB - BACCALAUREAT SERIE C TI SESSION 2022 CAMEROUN,https://epreuvesetcorriges.com/categories/cameroun/examens/bac/27170-svteehb-baccalaureat-serie-c-ti-session-2022-cameroun,https://epreuvesetcorriges.com/categories/cameroun/examens/bac/27170-svteehb-baccalaureat-serie-c-ti-session-2022-cameroun/download,epreuvesetcorriges
BAC,2019,"EPREUVE   BAC C TI D 2019 EPREUVE FAC SVT (1), CAMEROUN",https://epreuvesetcorriges.com/categories/cameroun/examens/bac/1518-epreuve-bac-c-ti-d-2019-epreuve-fac-svt-1-cameroun,https://epreuvesetcorriges.com/categories/cameroun/examens/bac/1518-epreuve-bac-c-ti-d-2019-epreuve-fac-svt-1-cameroun/download,epreuvesetcorriges
BAC,2021,EPREUVE BAC 2021 SVTEEHB PRATIQUE SÉRIES D CAMEROUN,https://epreuvesetcorriges.com/categories/cameroun/examens/bac/3096-epreuve-bac-2021-svteehb-pratique-series-d-cameroun,https://epreuvesetcorriges.com/categories/cameroun/examens/bac/3096-epreuve-bac-2021-svteehb-pratique-series-d-cameroun/download,epreuvesetcorriges
BAC,2022,SVTEEHB PRATIQUE - BACCALAUREAT SERIE D SESSION 2022 CAMEROUN,https://epreuvesetcorriges.com/categories/cameroun/examens/bac/27171-svteehb-pratique-baccalaureat-serie-d-session-2022-cameroun,https://epreuvesetcorriges.com/categories/cameroun/examens/bac/27171-svteehb-pratique-baccalaureat-serie-d-session-2022-cameroun/download,epreuvesetcorriges
BAC,2021,EPREUVE BAC 2021 SVTEEHB SÉRIE A ABI CAMEROUN,https://epreuvesetcorriges.com/categories/cameroun/examens/bac/3097-epreuve-bac-2021-svteehb-serie-a-abi-cameroun,https://epreuvesetcorriges.com/categories/cameroun/examens/bac/3097-epreuve-bac-2021-svteehb-serie-a-abi-cameroun/download,epreuvesetcorriges
BAC,2022,SVTEEHB THEORIQUE - BACCALAUREAT SERIE D SESSION 2022 CAMEROUN,https://epreuvesetcorriges.com/categories/cameroun/examens/bac/27172-svteehb-theorique-baccalaureat-serie-d-session-2022-cameroun,https://epreuvesetcorriges.com/categories/cameroun/examens/bac/27172-svteehb-theorique-baccalaureat-serie-d-session-2022-cameroun/download,epreuvesetcorriges
BAC,2019,"EPREUVE   BAC CD ANGLAIS 2019, CAMEROUN",https://epreuvesetcorriges.com/categories/cameroun/examens/bac/1520-epreuve-bac-cd-anglais-2019-cameroun,https://epreuvesetcorriges.com/categories/cameroun/examens/bac/1520-epreuve-bac-cd-anglais-2019-cameroun/download,epreuvesetcorriges
BAC,2021,EPREUVE BAC 2021 SVTEEHB SÉRIE D CAMEROUN,https://epreuvesetcorriges.com/categories/cameroun/examens/bac/3098-epreuve-bac-2021-svteehb-serie-d-cameroun,https://epreuvesetcorriges.com/categories/cameroun/examens/bac/3098-epreuve-bac-2021-svteehb-serie-d-cameroun/download,epreuvesetcorriges
BAC,2022,TRAVAIL MANUEL - BACCALAUREAT SERIE TOUTES SESSION 2022 CAMEROUN,https://epreuvesetcorriges.com/categories/cameroun/examens/bac/27173-travail-manuel-baccalaureat-serie-toutes-session-2022-cameroun,https://epreuvesetcorriges.com/categories/cameroun/examens/bac/27173-travail-manuel-baccalaureat-serie-toutes-session-2022-cameroun/download,epreuvesetcorriges
BAC,2019,"EPREUVE   BAC CD LITTERATURE FRANCAISE 2019, CAMEROUN",https://epreuvesetcorriges.com/categories/cameroun/examens/bac/1521-epreuve-bac-cd-litterature-francaise-2019-cameroun,https://epreuvesetcorriges.com/categories/cameroun/examens/bac/1521-epreuve-bac-cd-litterature-francaise-2019-cameroun/download,epreuvesetcorriges
BAC,2021,EPREUVE BAC 2021 SVTEEHB THÉORIQUE SÉRIES D CAMEROUN,https://epreuvesetcorriges.com/categories/cameroun/examens/bac/3099-epreuve-bac-2021-svteehb-theorique-series-d-cameroun,https://epreuvesetcorriges.com/categories/cameroun/examens/bac/3099-epreuve-bac-2021-svteehb-theorique-series-d-cameroun/download,epreuvesetcorriges
BAC,2022,CORRIGÉ EPREUVE D’ALLEMAND - BAC A - SESSION 2022 CAMEROUN,https://epreuvesetcorriges.com/categories/cameroun/examens/bac/28167-corrige-epreuve-d-allemand-bac-a-session-2022-cameroun,https://epreuvesetcorriges.com/categories/cameroun/examens/bac/28167-corrige-epreuve-d-allemand-bac-a-session-2022-cameroun/download,epreuvesetcorriges
BAC,2019,"EPREUVE   BAC D 2019 SVT, CAMEROUN",https://epreuvesetcorriges.com/categories/cameroun/examens/bac/1522-epreuve-bac-d-2019-svt-cameroun,https://epreuvesetcorriges.com/categories/cameroun/examens/bac/1522-epreuve-bac-d-2019-svt-cameroun/download,epreuvesetcorriges
BAC,2021,EPREUVE BAC 2021 TECHNIQUE COMMERCIALE  STT SPÉCIALITÉ ACC CAMEROUN,https://epreuvesetcorriges.com/categories/cameroun/examens/bac/3100-epreuve-bac-2021-technique-commerciale-stt-specialite-acc-cameroun,https://epreuvesetcorriges.com/categories/cameroun/examens/bac/3100-epreuve-bac-2021-technique-commerciale-stt-specialite-acc-cameroun/download,epreuvesetcorriges
BAC,2022,CORRIGÉ EPREUVE D’ANGLAIS - BAC A - ABI - SESSION 2022 CAMEROUN,https://epreuvesetcorriges.com/categories/cameroun/examens/bac/28168-corrige-epreuve-d-anglais-bac-a-abi-session-2022-cameroun,https://epreuvesetcorriges.com/categories/cameroun/examens/bac/28168-corrige-epreuve-d-anglais-bac-a-abi-session-2022-cameroun/download,epreuvesetcorriges
BAC,2019,"EPREUVE   BAC D TI 2019  MATHEMATIQUES, CAMEROUN",https://epreuvesetcorriges.com/categories/cameroun/examens/bac/1523-epreuve-bac-d-ti-2019-mathematiques-cameroun,https://epreuvesetcorriges.com/categories/cameroun/examens/bac/1523-epreuve-bac-d-ti-2019-mathematiques-cameroun/download,epreuvesetcorriges
BAC,2021,EPREUVE BAC 2021 THÉORIQUE D’INFORMATIQUE  SÉRIES A1 A2 A3 A4 A5 ABI SH AC CAMEROUN,https://epreuvesetcorriges.com/categories/cameroun/examens/bac/3101-epreuve-bac-2021-theorique-d-informatique-series-a1-a2-a3-a4-a5-abi-sh-ac-cameroun,https://epreuvesetcorriges.com/categories/cameroun/examens/bac/3101-epreuve-bac-2021-theorique-d-informatique-series-a1-a2-a3-a4-a5-abi-sh-ac-cameroun/download,epreuvesetcorriges
BAC,2022,CORRIGÉ EPREUVE D’ESPAGNOL - BAC A - ABI - SESSION 2022 CAMEROUN,https://epreuvesetcorriges.com/categories/cameroun/examens/bac/28169-corrige-epreuve-d-espagnol-bac-a-abi-session-2022-cameroun,https://epreuvesetcorriges.com/categories/cameroun/examens/bac/28169-corrige-epreuve-d-espagnol-bac-a-abi-session-2022-cameroun/download,epreuvesetcorriges
BAC,2019,"EPREUVE   BAC D TI 2019 PHILOSOPHIE, CAMEROUN",https://epreuvesetcorriges.com/categories/cameroun/examens/bac/1524-epreuve-bac-d-ti-2019-philosophie-cameroun,https://epreuvesetcorriges.com/categories/cameroun/examens/bac/1524-epreuve-bac-d-ti-2019-philosophie-cameroun/download,epreuvesetcorriges
BAC,2021,EPREUVE BAC 2021 THÉORIQUE D’INFORMATIQUE PROPOSITION DE CORRIGÉ  ESG-SÉRIE C D E CAMEROUN,https://epreuvesetcorriges.com/categories/cameroun/examens/bac/3102-epreuve-bac-2021-theorique-d-informatique-proposition-de-corrige-esg-serie-c-d-e-cameroun,https://epreuvesetcorriges.com/categories/cameroun/examens/bac/3102-epreuve-bac-2021-theorique-d-informatique-proposition-de-corrige-esg-serie-c-d-e-cameroun/download,epreuvesetcorriges
BAC,2022,CORRIGÉ EPREUVE D’INFORMATIQUE - BAC A - ABI - SESSION 2022 CAMEROUN,https://epreuvesetcorriges.com/categories/cameroun/examens/bac/28170-corrige-epreuve-d-informatique-bac-a-abi-session-2022-cameroun,https://epreuvesetcorriges.com/categories/cameroun/examens/bac/28170-corrige-epreuve-d-informatique-bac-a-abi-session-2022-cameroun/download,epreuvesetcorriges
BAC,2019,"EPREUVE   BAC D TI 2019 PHYSIQUE, CAMEROUN",https://epreuvesetcorriges.com/categories/cameroun/examens/bac/1525-epreuve-bac-d-ti-2019-physique-cameroun,https://epreuvesetcorriges.com/categories/cameroun/examens/bac/1525-epreuve-bac-d-ti-2019-physique-cameroun/download,epreuvesetcorriges
BAC,2021,EPREUVE BAC 2021 TP CHIMIE ESG SÉRIES TOUTES CAMEROUN,https://epreuvesetcorriges.com/categories/cameroun/examens/bac/3103-epreuve-bac-2021-tp-chimie-esg-series-toutes-cameroun,https://epreuvesetcorriges.com/categories/cameroun/examens/bac/3103-epreuve-bac-2021-tp-chimie-esg-series-toutes-cameroun/download,epreuvesetcorriges
BAC,2022,"CORRIGÉ EPREUVE D’INFORMATIQUE - BAC C,D,E - SESSION 2022 CAMEROUN",https://epreuvesetcorriges.com/categories/cameroun/examens/bac/28171-corrige-epreuve-d-informatique-bac-c-d-e-session-2022-cameroun,https://epreuvesetcorriges.com/categories/cameroun/examens/bac/28171-corrige-epreuve-d-informatique-bac-c-d-e-session-2022-cameroun/download,epreuvesetcorriges
BAC,2018,"EPREUVE BAC  2018  MATHEMATIQUES SERIE D TI, CAMEROUN",https://epreuvesetcorriges.com/categories/cameroun/examens/bac/1526-epreuve-bac-2018-mathematiques-serie-d-ti-cameroun,https://epreuvesetcorriges.com/categories/cameroun/examens/bac/1526-epreuve-bac-2018-mathematiques-serie-d-ti-cameroun/download,epreuvesetcorriges
BAC,2021,EPREUVE BAC 2021 TP PHYSIQUE SÉRIES C D E TI CAMEROUN,https://epreuvesetcorriges.com/categories/cameroun/examens/bac/3104-epreuve-bac-2021-tp-physique-series-c-d-e-ti-cameroun,https://epreuvesetcorriges.com/categories/cameroun/examens/bac/3104-epreuve-bac-2021-tp-physique-series-c-d-e-ti-cameroun/download,epreuvesetcorriges
BAC,2022,"CORRIGÉ EPREUVE DE CHIMIE - BAC C,D - SESSION 2022 CAMEROUN",https://epreuvesetcorriges.com/categories/cameroun/examens/bac/28172-corrige-epreuve-de-chimie-bac-c-d-session-2022-cameroun,https://epreuvesetcorriges.com/categories/cameroun/examens/bac/28172-corrige-epreuve-de-chimie-bac-c-d-session-2022-cameroun/download,epreuvesetcorriges
BAC,2018,"EPREUVE BAC  2018 ANGLAIS SERIE A, CAMEROUN",https://epreuvesetcorriges.com/categories/cameroun/examens/bac/1527-epreuve-bac-2018-anglais-serie-a-cameroun,https://epreuvesetcorriges.com/categories/cameroun/examens/bac/1527-epreuve-bac-2018-anglais-serie-a-cameroun/download,epreuvesetcorriges
BAC,2022,"CORRIGÉ EPREUVE DE CONTRACTION DE TEXTE ET DISCUSSION - BAC D,TI - SESSION 2022 CAMEROUN",https://epreuvesetcorriges.com/categories/cameroun/examens/bac/28173-corrige-epreuve-de-contraction-de-texte-et-discussion-bac-d-ti-session-2022-cameroun,https://epreuvesetcorriges.com/categories/cameroun/examens/bac/28173-corrige-epreuve-de-contraction-de-texte-et-discussion-bac-d-ti-session-2022-cameroun/download,epreuvesetcorriges
BAC,2018,"EPREUVE BAC  2018 ANGLAIS SERIES C D E TI, CAMEROUN",https://epreuvesetcorriges.com/categories/cameroun/examens/bac/1528-epreuve-bac-2018-anglais-series-c-d-e-ti-cameroun,https://epreuvesetcorriges.com/categories/cameroun/examens/bac/1528-epreuve-bac-2018-anglais-series-c-d-e-ti-cameroun/download,epreuvesetcorriges
BAC,2022,"CORRIGÉ EPREUVE DE DISSERTATION - BAC D,TI - SESSION 2022 CAMEROUN",https://epreuvesetcorriges.com/categories/cameroun/examens/bac/28174-corrige-epreuve-de-dissertation-bac-d-ti-session-2022-cameroun,https://epreuvesetcorriges.com/categories/cameroun/examens/bac/28174-corrige-epreuve-de-dissertation-bac-d-ti-session-2022-cameroun/download,epreuvesetcorriges
BAC,2018,"EPREUVE BAC  2018 PHYSIQUE SERIE C, CAMEROUN",https://epreuvesetcorriges.com/categories/cameroun/examens/bac/1529-epreuve-bac-2018-physique-serie-c-cameroun,https://epreuvesetcorriges.com/categories/cameroun/examens/bac/1529-epreuve-bac-2018-physique-serie-c-cameroun/download,epreuvesetcorriges
BAC,2022,"CORRIGÉ EPREUVE DE ECM - BAC A, C,D,E,TI - SESSION 2022 CAMEROUN",https://epreuvesetcorriges.com/categories/cameroun/examens/bac/28175-corrige-epreuve-de-ecm-bac-a-c-d-e-ti-session-2022-cameroun,https://epreuvesetcorriges.com/categories/cameroun/examens/bac/28175-corrige-epreuve-de-ecm-bac-a-c-d-e-ti-session-2022-cameroun/download,epreuvesetcorriges
BAC,2018,"EPREUVE BAC  2018 SVT SERIE D, CAMEROUN",https://epreuvesetcorriges.com/categories/cameroun/examens/bac/1530-epreuve-bac-2018-svt-serie-d-cameroun,https://epreuvesetcorriges.com/categories/cameroun/examens/bac/1530-epreuve-bac-2018-svt-serie-d-cameroun/download,epreuvesetcorriges
BAC,2022,"CORRIGÉ EPREUVE DE EPS - BAC A C, D,E,TI - SESSION 2022 CAMEROUN",https://epreuvesetcorriges.com/categories/cameroun/examens/bac/28176-corrige-epreuve-de-eps-bac-a-c-d-e-ti-session-2022-cameroun,https://epreuvesetcorriges.com/categories/cameroun/examens/bac/28176-corrige-epreuve-de-eps-bac-a-c-d-e-ti-session-2022-cameroun/download,epreuvesetcorriges
BAC,2018,"EPREUVE BAC  2018 SVT SERIES C TI, CAMEROUN",https://epreuvesetcorriges.com/categories/cameroun/examens/bac/1531-epreuve-bac-2018-svt-series-c-ti-cameroun,https://epreuvesetcorriges.com/categories/cameroun/examens/bac/1531-epreuve-bac-2018-svt-series-c-ti-cameroun/download,epreuvesetcorriges
BAC,2022,CORRIGÉ EPREUVE DE GEOGRAPHIE - BAC A - ABI - SESSION 2022 CAMEROUN,https://epreuvesetcorriges.com/categories/cameroun/examens/bac/28177-corrige-epreuve-de-geographie-bac-a-abi-session-2022-cameroun,https://epreuvesetcorriges.com/categories/cameroun/examens/bac/28177-corrige-epreuve-de-geographie-bac-a-abi-session-2022-cameroun/download,epreuvesetcorriges
BAC,2020,EPREUVE BAC A 1A2 A3 A4 A5 2020 ANGLAIS CAMEROUN,https://epreuvesetcorriges.com/categories/cameroun/examens/bac/1839-epreuve-bac-a-1a2-a3-a4-a5-2020-anglais-cameroun,https://epreuvesetcorriges.com/categories/cameroun/examens/bac/1839-epreuve-bac-a-1a2-a3-a4-a5-2020-anglais-cameroun/download,epreuvesetcorriges
BAC,2020,EPREUVE BAC A 2020 LITTERATURE CAMEROUN,https://epreuvesetcorriges.com/categories/cameroun/examens/bac/1840-epreuve-bac-a-2020-litterature-cameroun,https://epreuvesetcorriges.com/categories/cameroun/examens/bac/1840-epreuve-bac-a-2020-litterature-cameroun/download,epreuvesetcorriges
BAC,2022,CORRIGÉ EPREUVE DE MATHS - BAC A - ABI - SESSION 2022 CAMEROUN,https://epreuvesetcorriges.com/categories/cameroun/examens/bac/28179-corrige-epreuve-de-maths-bac-a-abi-session-2022-cameroun,https://epreuvesetcorriges.com/categories/cameroun/examens/bac/28179-corrige-epreuve-de-maths-bac-a-abi-session-2022-cameroun/download,epreuvesetcorriges
BAC,2020,EPREUVE BAC A 2020 PHILOSOPHIE CAMEROUN,https://epreuvesetcorriges.com/categories/cameroun/examens/bac/1841-epreuve-bac-a-2020-philosophie-cameroun,https://epreuvesetcorriges.com/categories/cameroun/examens/bac/1841-epreuve-bac-a-2020-philosophie-cameroun/download,epreuvesetcorriges
BAC,2022,"CORRIGÉ EPREUVE DE MATHS - BAC C,E - SESSION 2022 CAMEROUN",https://epreuvesetcorriges.com/categories/cameroun/examens/bac/28180-corrige-epreuve-de-maths-bac-c-e-session-2022-cameroun,https://epreuvesetcorriges.com/categories/cameroun/examens/bac/28180-corrige-epreuve-de-maths-bac-c-e-session-2022-cameroun/download,epreuvesetcorriges
BAC,2020,EPREUVE BAC C 2020 PHYSIQUE CAMEROUN,https://epreuvesetcorriges.com/categories/cameroun/examens/bac/1842-epreuve-bac-c-2020-physique-cameroun,https://epreuvesetcorriges.com/categories/cameroun/examens/bac/1842-epreuve-bac-c-2020-physique-cameroun/download,epreuvesetcorriges
BAC,2022,CORRIGÉ EPREUVE DE MATHS - BAC D - SESSION 2022 CAMEROUN,https://epreuvesetcorriges.com/categories/cameroun/examens/bac/28181-corrige-epreuve-de-maths-bac-d-session-2022-cameroun,https://epreuvesetcorriges.com/categories/cameroun/examens/bac/28181-corrige-epreuve-de-maths-bac-d-session-2022-cameroun/download,epreuvesetcorriges
BAC,2020,EPREUVE BAC C 2020 SVT SUJET 1 CAMEROUN,https://epreuvesetcorriges.com/categories/cameroun/examens/bac/1843-epreuve-bac-c-2020-svt-sujet-1-cameroun,https://epreuvesetcorriges.com/categories/cameroun/examens/bac/1843-epreuve-bac-c-2020-svt-sujet-1-cameroun/download,epreuvesetcorriges
BAC,2022,"CORRIGÉ EPREUVE DE PHYSIQUE - BAC C,E - SESSION 2022 CAMEROUN",https://epreuvesetcorriges.com/categories/cameroun/examens/bac/28182-corrige-epreuve-de-physique-bac-c-e-session-2022-cameroun,https://epreuvesetcorriges.com/categories/cameroun/examens/bac/28182-corrige-epreuve-de-physique-bac-c-e-session-2022-cameroun/download,epreuvesetcorriges
BAC,2020,EPREUVE BAC C D TI E 2020 ANGLAIS CAMEROUN,https://epreuvesetcorriges.com/categories/cameroun/examens/bac/1844-epreuve-bac-c-d-ti-e-2020-anglais-cameroun,https://epreuvesetcorriges.com/categories/cameroun/examens/bac/1844-epreuve-bac-c-d-ti-e-2020-anglais-cameroun/download,epreuvesetcorriges
BAC,2022,CORRIGÉ EPREUVE DE SCIENCE - BAC A - ABI - SESSION 2022 CAMEROUN,https://epreuvesetcorriges.com/categories/cameroun/examens/bac/28183-corrige-epreuve-de-science-bac-a-abi-session-2022-cameroun,https://epreuvesetcorriges.com/categories/cameroun/examens/bac/28183-corrige-epreuve-de-science-bac-a-abi-session-2022-cameroun/download,epreuvesetcorriges
BAC,2020,EPREUVE BAC CE 2020 PHILOSOPHIE CAMEROUN,https://epreuvesetcorriges.com/categories/cameroun/examens/bac/1845-epreuve-bac-ce-2020-philosophie-cameroun,https://epreuvesetcorriges.com/categories/cameroun/examens/bac/1845-epreuve-bac-ce-2020-philosophie-cameroun/download,epreuvesetcorriges
BAC,2020,EPREUVE BAC D 2020 LANGUE FRANCAISE CAMEROUN,https://epreuvesetcorriges.com/categories/cameroun/examens/bac/1846-epreuve-bac-d-2020-langue-francaise-cameroun,https://epreuvesetcorriges.com/categories/cameroun/examens/bac/1846-epreuve-bac-d-2020-langue-francaise-cameroun/download,epreuvesetcorriges
BAC,2020,EPREUVE BAC D 2020 LITTERATURE CAMEROUN,https://epreuvesetcorriges.com/categories/cameroun/examens/bac/1847-epreuve-bac-d-2020-litterature-cameroun,https://epreuvesetcorriges.com/categories/cameroun/examens/bac/1847-epreuve-bac-d-2020-litterature-cameroun/download,epreuvesetcorriges
BAC,2020,EPREUVE BAC D 2020 MATHS CAMEROUN,https://epreuvesetcorriges.com/categories/cameroun/examens/bac/1848-epreuve-bac-d-2020-maths-cameroun,https://epreuvesetcorriges.com/categories/cameroun/examens/bac/1848-epreuve-bac-d-2020-maths-cameroun/download,epreuvesetcorriges
BAC,2020,EPREUVE BAC D 2020 PHYSIQUE CAMEROUN,https://epreuvesetcorriges.com/categories/cameroun/examens/bac/1849-epreuve-bac-d-2020-physique-cameroun,https://epreuvesetcorriges.com/categories/cameroun/examens/bac/1849-epreuve-bac-d-2020-physique-cameroun/download,epreuvesetcorriges
BAC,2020,EPREUVE BAC D 2020 SVT SUJET 1 CAMEROUN,https://epreuvesetcorriges.com/categories/cameroun/examens/bac/1850-epreuve-bac-d-2020-svt-sujet-1-cameroun,https://epreuvesetcorriges.com/categories/cameroun/examens/bac/1850-epreuve-bac-d-2020-svt-sujet-1-cameroun/download,epreuvesetcorriges
BAC,2022,CORRIGÉ TYPE EPREUVE ZERO D’ECM  - BACCALAUREAT SESSION 2022 CAMEROUN,https://epreuvesetcorriges.com/categories/cameroun/examens/bac/32176-corrige-type-epreuve-zero-d-ecm-baccalaureat-session-2022-cameroun,https://epreuvesetcorriges.com/categories/cameroun/examens/bac/32176-corrige-type-epreuve-zero-d-ecm-baccalaureat-session-2022-cameroun/download,epreuvesetcorriges
BAC,2022,CORRIGÉ TYPE EPREUVE ZERO D’ECM  - BACCALAUREAT TECHNIQUE SESSION 2022 CAMEROUN,https://epreuvesetcorriges.com/categories/cameroun/examens/bac/32177-corrige-type-epreuve-zero-d-ecm-baccalaureat-technique-session-2022-cameroun,https://epreuvesetcorriges.com/categories/cameroun/examens/bac/32177-corrige-type-epreuve-zero-d-ecm-baccalaureat-technique-session-2022-cameroun/download,epreuvesetcorriges
BAC,2022,"CORRIGÉ TYPE ÉPREUVE ZÉRO D’ECM - BACCALAUREAT SERIE A,B,C,D,TI - SESSION 2022 - LYCEE BILINGUE DE BABADJOU CAMEROUN",https://epreuvesetcorriges.com/categories/cameroun/examens/bac/32178-corrige-type-epreuve-zero-d-ecm-baccalaureat-serie-a-b-c-d-ti-session-2022-lycee-bilingue-de-babadjou-cameroun,https://epreuvesetcorriges.com/categories/cameroun/examens/bac/32178-corrige-type-epreuve-zero-d-ecm-baccalaureat-serie-a-b-c-d-ti-session-2022-lycee-bilingue-de-babadjou-cameroun/download,epreuvesetcorriges
BAC,2022,CORRIGÉ TYPE EPREUVE ZERO D’HISTOIRE  - BACCALAUREAT SESSION 2022 CAMEROUN,https://epreuvesetcorriges.com/categories/cameroun/examens/bac/32179-corrige-type-epreuve-zero-d-histoire-baccalaureat-session-2022-cameroun,https://epreuvesetcorriges.com/categories/cameroun/examens/bac/32179-corrige-type-epreuve-zero-d-histoire-baccalaureat-session-2022-cameroun/download,epreuvesetcorriges
BAC,2022,CORRIGÉ TYPE EPREUVE ZERO D’HISTOIRE  - BACCALAUREAT TECHNIQUE - SESSION 2022 CAMEROUN,https://epreuvesetcorriges.com/categories/cameroun/examens/bac/32180-corrige-type-epreuve-zero-d-histoire-baccalaureat-technique-session-2022-cameroun,https://epreuvesetcorriges.com/categories/cameroun/examens/bac/32180-corrige-type-epreuve-zero-d-histoire-baccalaureat-technique-session-2022-cameroun/download,epreuvesetcorriges
BAC,2022,"CORRIGÉ TYPE ÉPREUVE ZERO D’INFORMATIQUE THÉORIQUE - BACCALAUREAT SERIE C,D,E - SESSION 2022 CAMEROUN",https://epreuvesetcorriges.com/categories/cameroun/examens/bac/32181-corrige-type-epreuve-zero-d-informatique-theorique-baccalaureat-serie-c-d-e-session-2022-cameroun,https://epreuvesetcorriges.com/categories/cameroun/examens/bac/32181-corrige-type-epreuve-zero-d-informatique-theorique-baccalaureat-serie-c-d-e-session-2022-cameroun/download,epreuvesetcorriges
BAC,2022,"CORRIGÉ TYPE ÉPREUVE ZÉRO DE GEOGRAPHIE - BACCALAUREAT SERIE A,B,C,D,TI - SESSION 2022 CAMEROUN",https://epreuvesetcorriges.com/categories/cameroun/examens/bac/32182-corrige-type-epreuve-zero-de-geographie-baccalaureat-serie-a-b-c-d-ti-session-2022-cameroun,https://epreuvesetcorriges.com/categories/cameroun/examens/bac/32182-corrige-type-epreuve-zero-de-geographie-baccalaureat-serie-a-b-c-d-ti-session-2022-cameroun/download,epreuvesetcorriges
BAC,2022,CORRIGÉ TYPE EPREUVE ZERO DE GEOGRAPHIE - BACCALAUREAT SESSION 2022 CAMEROUN,https://epreuvesetcorriges.com/categories/cameroun/examens/bac/32183-corrige-type-epreuve-zero-de-geographie-baccalaureat-session-2022-cameroun,https://epreuvesetcorriges.com/categories/cameroun/examens/bac/32183-corrige-type-epreuve-zero-de-geographie-baccalaureat-session-2022-cameroun/download,epreuvesetcorriges
BAC,2022,CORRIGÉ TYPE ÉPREUVE ZÉRO DE MATHEMATIQUES - BACCALAUREAT SÉRIE C - SESSION 2022 CAMEROUN,https://epreuvesetcorriges.com/categories/cameroun/examens/bac/32184-corrige-type-epreuve-zero-de-mathematiques-baccalaureat-serie-c-session-2022-cameroun,https://epreuvesetcorriges.com/categories/cameroun/examens/bac/32184-corrige-type-epreuve-zero-de-mathematiques-baccalaureat-serie-c-session-2022-cameroun/download,epreuvesetcorriges
BAC,2022,CORRIGÉ TYPE ÉPREUVE ZÉRO DE PHYSIQUE - BACCALAUREAT SÉRIE D - SESSION 2022 CAMEROUN,https://epreuvesetcorriges.com/categories/cameroun/examens/bac/32185-corrige-type-epreuve-zero-de-physique-baccalaureat-serie-d-session-2022-cameroun,https://epreuvesetcorriges.com/categories/cameroun/examens/bac/32185-corrige-type-epreuve-zero-de-physique-baccalaureat-serie-d-session-2022-cameroun/download,epreuvesetcorriges
BAC,2022,"CORRIGÉ TYPE EPREUVE ZERO DE SCIENCES BACCALAUREAT SESSION 2022 - SERIES  A (A 1 , A 2 , A 3, A 4, A 5, ABI) CAMEROUN",https://epreuvesetcorriges.com/categories/cameroun/examens/bac/32186-corrige-type-epreuve-zero-de-sciences-baccalaureat-session-2022-series-a-a-1-a-2-a-3-a-4-a-5-abi-cameroun,https://epreuvesetcorriges.com/categories/cameroun/examens/bac/32186-corrige-type-epreuve-zero-de-sciences-baccalaureat-session-2022-series-a-a-1-a-2-a-3-a-4-a-5-abi-cameroun/download,epreuvesetcorriges
BAC,2020,"EPREUVE DE SCIENCES DE LA VIE ET DE LA TERRE, EDUCATION A L’ENVIRONNEMENT, HYGIENE ET BIOTECHNOLOGIE (SVTEEHB) (VOYANT) - SÉRIE  D - SESSION  2020 CAMEROUN",https://epreuvesetcorriges.com/categories/cameroun/examens/bac/32187-epreuve-de-sciences-de-la-vie-et-de-la-terre-education-a-l-environnement-hygiene-et-biotechnologie-svteehb-voyant-serie-d-session-2020-cameroun-2,https://epreuvesetcorriges.com/categories/cameroun/examens/bac/32187-epreuve-de-sciences-de-la-vie-et-de-la-terre-education-a-l-environnement-hygiene-et-biotechnologie-svteehb-voyant-serie-d-session-2020-cameroun-2/download,epreuvesetcorriges
BAC,2022,EPREUVE ZERO D’ALLEMAND - BACCALAUREAT A4 - SESSION 2022 CAMEROUN,https://epreuvesetcorriges.com/categories/cameroun/examens/bac/32188-epreuve-zero-d-allemand-baccalaureat-a4-session-2022-cameroun-2,https://epreuvesetcorriges.com/categories/cameroun/examens/bac/32188-epreuve-zero-d-allemand-baccalaureat-a4-session-2022-cameroun-2/download,epreuvesetcorriges
BAC,2022,ÉPREUVE ZÉRO D’ESPAGNOL - BACCALAUREAT SÉRIE A4ABI - SESSION 2022 CAMEROUN,https://epreuvesetcorriges.com/categories/cameroun/examens/bac/32189-epreuve-zero-d-espagnol-baccalaureat-serie-a4abi-session-2022-cameroun-2,https://epreuvesetcorriges.com/categories/cameroun/examens/bac/32189-epreuve-zero-d-espagnol-baccalaureat-serie-a4abi-session-2022-cameroun-2/download,epreuvesetcorriges
BAC,2022,"EPREUVE ZERO D’INFORMATIQUE - BACCALAUREAT A, ABI,SH,AC  - SESSION 2022 CAMEROUN",https://epreuvesetcorriges.com/categories/cameroun/examens/bac/32190-epreuve-zero-d-informatique-baccalaureat-a-abi-sh-ac-session-2022-cameroun-2,https://epreuvesetcorriges.com/categories/cameroun/examens/bac/32190-epreuve-zero-d-informatique-baccalaureat-a-abi-sh-ac-session-2022-cameroun-2/download,epreuvesetcorriges
BAC,2022,EPREUVE ZERO D’INFORMATIQUE - BACCALAUREAT C D E - SESSION 2022 CAMEROUN,https://epreuvesetcorriges.com/categories/cameroun/examens/bac/32191-epreuve-zero-d-informatique-baccalaureat-c-d-e-session-2022-cameroun-2,https://epreuvesetcorriges.com/categories/cameroun/examens/bac/32191-epreuve-zero-d-informatique-baccalaureat-c-d-e-session-2022-cameroun-2/download,epreuvesetcorriges
BAC,2022,ÉPREUVE ZÉRO D’INFORMATIQUE (PROGRAMMATION) - BACCALAUREAT SÉRIE TI - SESSION 2022 CAMEROUN,https://epreuvesetcorriges.com/categories/cameroun/examens/bac/32192-epreuve-zero-d-informatique-programmation-baccalaureat-serie-ti-session-2022-cameroun-2,https://epreuvesetcorriges.com/categories/cameroun/examens/bac/32192-epreuve-zero-d-informatique-programmation-baccalaureat-serie-ti-session-2022-cameroun-2/download,epreuvesetcorriges
BAC,2022,"ÉPREUVE ZÉRO D’INFORMATIQUE (RÉSEAUX, INTERNET ET SÉCURITÉ INFORMATIQUE) - BACCALAUREAT SÉRIE TI - SESSION 2022 CAMEROUN",https://epreuvesetcorriges.com/categories/cameroun/examens/bac/32193-epreuve-zero-d-informatique-reseaux-internet-et-securite-informatique-baccalaureat-serie-ti-session-2022-cameroun-2,https://epreuvesetcorriges.com/categories/cameroun/examens/bac/32193-epreuve-zero-d-informatique-reseaux-internet-et-securite-informatique-baccalaureat-serie-ti-session-2022-cameroun-2/download,epreuvesetcorriges
BAC,2022,ÉPREUVE ZÉRO D’INFORMATIQUE (SYSTÈMES D’INFORMATION) - BACCALAUREAT SÉRIE TI - SESSION 2022 CAMEROUN,https://epreuvesetcorriges.com/categories/cameroun/examens/bac/32194-epreuve-zero-d-informatique-systemes-d-information-baccalaureat-serie-ti-session-2022-cameroun-2,https://epreuvesetcorriges.com/categories/cameroun/examens/bac/32194-epreuve-zero-d-informatique-systemes-d-information-baccalaureat-serie-ti-session-2022-cameroun-2/download,epreuvesetcorriges
BAC,2022,"ÉPREUVE ZÉRO D’INFORMATIQUE THÉORIQUE - BACCALAUREAT SÉRIE A,ABI,SH,AC - SESSION 2022 CAMEROUN",https://epreuvesetcorriges.com/categories/cameroun/examens/bac/32195-epreuve-zero-d-informatique-theorique-baccalaureat-serie-a-abi-sh-ac-session-2022-cameroun-2,https://epreuvesetcorriges.com/categories/cameroun/examens/bac/32195-epreuve-zero-d-informatique-theorique-baccalaureat-serie-a-abi-sh-ac-session-2022-cameroun-2/download,epreuvesetcorriges
BAC,2022,EPREUVE ZERO DE PHYSIQUE - BACCALAUREAT SERIE DTI - SESSION 2022 CAMEROUN,https://epreuvesetcorriges.com/categories/cameroun/examens/bac/32208-epreuve-zero-de-physique-baccalaureat-serie-dti-session-2022-cameroun-2,https://epreuvesetcorriges.com/categories/cameroun/examens/bac/32208-epreuve-zero-de-physique-baccalaureat-serie-dti-session-2022-cameroun-2/download,epreuvesetcorriges
BAC,2022,PROPOSITION DE CORRIGE EPREUVE ZERO (VOYANTS) - EXAMEN  BACCALAUREAT - MATIERE  SVTEEHB THEORIQUE - SESSION 2022 CAMEROUN,https://epreuvesetcorriges.com/categories/cameroun/examens/bac/32214-proposition-de-corrige-epreuve-zero-voyants-examen-baccalaureat-matiere-svteehb-theorique-session-2022-cameroun-2,https://epreuvesetcorriges.com/categories/cameroun/examens/bac/32214-proposition-de-corrige-epreuve-zero-voyants-examen-baccalaureat-matiere-svteehb-theorique-session-2022-cameroun-2/download,epreuvesetcorriges
BAC,2024,PREPA BAC 2024 SVTEEHB THEORIQUE SUJET 3 TLe D,https://epreuvesetcorriges.com/categories/cameroun/examens/bac/34754-prepa-bac-2024-svteehb-theorique-sujet-3-tle-d,https://epreuvesetcorriges.com/categories/cameroun/examens/bac/34754-prepa-bac-2024-svteehb-theorique-sujet-3-tle-d/download,epreuvesetcorriges
BAC,2024,PREPA BAC 2024 SVTEEHB EPREUVE PRATIQUE  TLE SERIE D,https://epreuvesetcorriges.com/categories/cameroun/examens/bac/34755-prepa-bac-2024-svteehb-epreuve-pratique-tle-serie-d,https://epreuvesetcorriges.com/categories/cameroun/examens/bac/34755-prepa-bac-2024-svteehb-epreuve-pratique-tle-serie-d/download,epreuvesetcorriges
BAC,2024,PREPA BAC 2024 SVTEEHB  EPREUVE PRATIQUE TLE SERIE D 2,https://epreuvesetcorriges.com/categories/cameroun/examens/bac/34756-prepa-bac-2024-svteehb-epreuve-pratique-tle-serie-d-2,https://epreuvesetcorriges.com/categories/cameroun/examens/bac/34756-prepa-bac-2024-svteehb-epreuve-pratique-tle-serie-d-2/download,epreuvesetcorriges
BAC,2024,PREPARATION AU BAC 2024 TRAVAUX DIRIGES DE MATHEMATIQUES SERIE C-D,https://epreuvesetcorriges.com/categories/cameroun/examens/bac/34910-preparation-au-bac-travaux-diriges-de-mathematiques-serie-c-d,https://epreuvesetcorriges.com/categories/cameroun/examens/bac/34910-preparation-au-bac-travaux-diriges-de-mathematiques-serie-c-d/download,epreuvesetcorriges
BAC,2024,"PREPA BAC 2024 TRAVAUX DIRIGES DE PHYSIQUE Terminales C, D et E",https://epreuvesetcorriges.com/categories/cameroun/examens/bac/34911-prepa-bac-2024-physique-terminales-c-d-et-e,https://epreuvesetcorriges.com/categories/cameroun/examens/bac/34911-prepa-bac-2024-physique-terminales-c-d-et-e/download,epreuvesetcorriges
BAC,2024,BAC BLANC 2024 PHILOSOPHIE TERMINALE A4  CP MONTESQUIEU,https://epreuvesetcorriges.com/categories/cameroun/examens/bac/34976-bac-blanc-2024-philosophie-terminale-a4-cp-montesquieu,https://epreuvesetcorriges.com/categories/cameroun/examens/bac/34976-bac-blanc-2024-philosophie-terminale-a4-cp-montesquieu/download,epreuvesetcorriges
BAC,2024,PREPA BAC 2024  RECUEIL DE SUJETS ANGLAIS SERIEC D TI E,https://epreuvesetcorriges.com/categories/cameroun/examens/bac/35189-prepa-bac-2024-recueil-de-sujets-anglais-seriec-d-ti-e-cameroun,https://epreuvesetcorriges.com/categories/cameroun/examens/bac/35189-prepa-bac-2024-recueil-de-sujets-anglais-seriec-d-ti-e-cameroun/download,epreuvesetcorriges
BAC,2024,PREPA BAC 2024  RECUEIL DE SUJETS MATHEMATIQUES SERIE D-TI,https://epreuvesetcorriges.com/categories/cameroun/examens/bac/35190-prepa-bac-2024-recueil-de-sujets-mathematiques-serie-d-ti-cameroun,https://epreuvesetcorriges.com/categories/cameroun/examens/bac/35190-prepa-bac-2024-recueil-de-sujets-mathematiques-serie-d-ti-cameroun/download,epreuvesetcorriges
BAC,2024,PREPA BAC 2024 SUJETS ET CORRIGES PHILOSOPHIE SERIE A-C-D,https://epreuvesetcorriges.com/categories/cameroun/examens/bac/35194-prepa-bac-2024-sujets-et-corriges-philosophie-serie-a-c-d,https://epreuvesetcorriges.com/categories/cameroun/examens/bac/35194-prepa-bac-2024-sujets-et-corriges-philosophie-serie-a-c-d/download,epreuvesetcorriges
BAC,2024,SUJET BAC 2024 MATHEMATIQUES  EVALUATION RÉGIONALE  SERIE A4,https://epreuvesetcorriges.com/categories/cameroun/examens/bac/35221-sujet-bac-2024-mathematiques-evaluation-regionale-serie-a4,https://epreuvesetcorriges.com/categories/cameroun/examens/bac/35221-sujet-bac-2024-mathematiques-evaluation-regionale-serie-a4/download,epreuvesetcorriges
BAC,2024,SUJET BAC 2024 SERIE C MATHEMATIQUES EVALUATION RÉGIONALE,https://epreuvesetcorriges.com/categories/cameroun/examens/bac/35222-sujet-bac-2024-serie-c-mathematiques-evaluation-regionale,https://epreuvesetcorriges.com/categories/cameroun/examens/bac/35222-sujet-bac-2024-serie-c-mathematiques-evaluation-regionale/download,epreuvesetcorriges
BAC,2024,SUJET BAC 2024 SERIE TI MATHEMATIQUES EVALUATION RÉGIONALE,https://epreuvesetcorriges.com/categories/cameroun/examens/bac/35223-sujet-bac-2024-serie-ti-mathematiques-evaluation-regionale,https://epreuvesetcorriges.com/categories/cameroun/examens/bac/35223-sujet-bac-2024-serie-ti-mathematiques-evaluation-regionale/download,epreuvesetcorriges
BAC,2024,SUJET BAC 2024 SVTEEHB PRATIQUE SERIE D EVALUATION RÉGIONALE  AVRIL 2024,https://epreuvesetcorriges.com/categories/cameroun/examens/bac/35224-sujet-bac-2024-svteehb-pratique-serie-d-evaluation-regionale-avril-2024,https://epreuvesetcorriges.com/categories/cameroun/examens/bac/35224-sujet-bac-2024-svteehb-pratique-serie-d-evaluation-regionale-avril-2024/download,epreuvesetcorriges
BAC,2024,SUJET BAC 2024 SVTEEHB THEORIQUE  SERIE D EVALUATION RÉGIONALE   AVRIL 2024,https://epreuvesetcorriges.com/categories/cameroun/examens/bac/35225-sujet-bac-2024-svteehb-theorique-serie-d-evaluation-regionale-avril-2024,https://epreuvesetcorriges.com/categories/cameroun/examens/bac/35225-sujet-bac-2024-svteehb-theorique-serie-d-evaluation-regionale-avril-2024/download,epreuvesetcorriges
BAC,2024,SUJET BAC BLANC 2024 MATHEMATIQUES-CF-XAVIER VOGT  SERIE CE,https://epreuvesetcorriges.com/categories/cameroun/examens/bac/35226-sujet-bac-blanc-2024-mathematiques-cf-xavier-vogt-serie-ce,https://epreuvesetcorriges.com/categories/cameroun/examens/bac/35226-sujet-bac-blanc-2024-mathematiques-cf-xavier-vogt-serie-ce/download,epreuvesetcorriges
BAC,2024,SUJET BAC BLANC MAI 2024 MATHEMATIQUES SERIE D,https://epreuvesetcorriges.com/categories/cameroun/examens/bac/35227-sujet-bac-blanc-mai-2024-mathematiques-serie-d,https://epreuvesetcorriges.com/categories/cameroun/examens/bac/35227-sujet-bac-blanc-mai-2024-mathematiques-serie-d/download,epreuvesetcorriges
BAC,2024,CHIMIE PRATIQUE BACCALAUREAT BLANC 2024 REGIONAL Série C-D,https://epreuvesetcorriges.com/categories/cameroun/examens/bac/35287-chimie-pratique-baccalaureat-blanc-2024-regional-serie-c-d,https://epreuvesetcorriges.com/categories/cameroun/examens/bac/35287-chimie-pratique-baccalaureat-blanc-2024-regional-serie-c-d/download,epreuvesetcorriges
BAC,2024,CHIMIE PRATIQUE BACCALAUREAT ZERO 2024 REGIONAL SÉRIE C-D,https://epreuvesetcorriges.com/categories/cameroun/examens/bac/35288-chimie-pratique-baccalaureat-zero-2024-regional-serie-c-d,https://epreuvesetcorriges.com/categories/cameroun/examens/bac/35288-chimie-pratique-baccalaureat-zero-2024-regional-serie-c-d/download,epreuvesetcorriges
BAC,2024,Chimie Pratique SUJET HARMONISE REGIONALE BACCALAUREAT 2024 SERIE C-D,https://epreuvesetcorriges.com/categories/cameroun/examens/bac/35289-chimie-pratique-sujet-harmonise-regionale-baccalaureat-2024-serie-c-d,https://epreuvesetcorriges.com/categories/cameroun/examens/bac/35289-chimie-pratique-sujet-harmonise-regionale-baccalaureat-2024-serie-c-d/download,epreuvesetcorriges
BAC,2024,CHIMIE THEORIQUE BACCALAUREAT 2024 ZERO REGIONAL SÉRIE C-D,https://epreuvesetcorriges.com/categories/cameroun/examens/bac/35290-chimie-theorique-baccalaureat-2024-zero-regional-serie-c-d,https://epreuvesetcorriges.com/categories/cameroun/examens/bac/35290-chimie-theorique-baccalaureat-2024-zero-regional-serie-c-d/download,epreuvesetcorriges
BAC,2024,CHIMIE THEORIQUE BACCALAUREAT BLANC 2024 REGIONAL Série C-D-E,https://epreuvesetcorriges.com/categories/cameroun/examens/bac/35291-chimie-theorique-baccalaureat-blanc-2024-regional-serie-c-d-e,https://epreuvesetcorriges.com/categories/cameroun/examens/bac/35291-chimie-theorique-baccalaureat-blanc-2024-regional-serie-c-d-e/download,epreuvesetcorriges
BAC,2024,MATHEMATIQUES COLLÈGE FX VOGT BACCALAUREAT BLANC 2024 SERIE D,https://epreuvesetcorriges.com/categories/cameroun/examens/bac/35292-mathematiques-college-fx-vogt-baccalaureat-blanc-2024-serie-d,https://epreuvesetcorriges.com/categories/cameroun/examens/bac/35292-mathematiques-college-fx-vogt-baccalaureat-blanc-2024-serie-d/download,epreuvesetcorriges
BAC,2024,PHYSIQUE BACCALAUREAT BLANC 2024 REGIONAL Série D,https://epreuvesetcorriges.com/categories/cameroun/examens/bac/35293-physique-baccalaureat-blanc-2024-regional-serie-d,https://epreuvesetcorriges.com/categories/cameroun/examens/bac/35293-physique-baccalaureat-blanc-2024-regional-serie-d/download,epreuvesetcorriges
BAC,2024,BAC BLANC 2024  N°2 SERIE A4 INFORMATIQUE THEORIQUE,https://epreuvesetcorriges.com/categories/cameroun/examens/bac/35302-bac-blanc-2024-n-2-serie-a4-informatique-theorique,https://epreuvesetcorriges.com/categories/cameroun/examens/bac/35302-bac-blanc-2024-n-2-serie-a4-informatique-theorique/download,epreuvesetcorriges
BAC,2024,BAC BLANC 2024 SERIE D SVTEEHB THEORIQUE CP LAÏC MONGO BETI 05-2024,https://epreuvesetcorriges.com/categories/cameroun/examens/bac/35316-bac-blanc-2024-serie-d-svteehb-theorique-cp-laic-mongo-beti-05-2024,https://epreuvesetcorriges.com/categories/cameroun/examens/bac/35316-bac-blanc-2024-serie-d-svteehb-theorique-cp-laic-mongo-beti-05-2024/download,epreuvesetcorriges
BAC,2024,BAC BLANC 2024  N°2 SERIE C-D INFORMATIQUE THEORIQUE,https://epreuvesetcorriges.com/categories/cameroun/examens/bac/35303-bac-blanc-2024-n-2-serie-c-d-informatique-theorique,https://epreuvesetcorriges.com/categories/cameroun/examens/bac/35303-bac-blanc-2024-n-2-serie-c-d-informatique-theorique/download,epreuvesetcorriges
BAC,2024,BAC BLANC 2024 SERIE D SVTEEHB PRATIQUE CP LAÏC MONGO BETI  05-2024,https://epreuvesetcorriges.com/categories/cameroun/examens/bac/35317-bac-blanc-2024-serie-d-svteehb-pratique-cp-laic-mongo-beti-05-2024,https://epreuvesetcorriges.com/categories/cameroun/examens/bac/35317-bac-blanc-2024-serie-d-svteehb-pratique-cp-laic-mongo-beti-05-2024/download,epreuvesetcorriges
BAC,2024,BAC BLANC SESSION 2024 SERIE C-D-E CHIMIE THEORIQUE,https://epreuvesetcorriges.com/categories/cameroun/examens/bac/35318-bac-blanc-session-2024-serie-c-d-e-chimie-theorique,https://epreuvesetcorriges.com/categories/cameroun/examens/bac/35318-bac-blanc-session-2024-serie-c-d-e-chimie-theorique/download,epreuvesetcorriges
BAC,2024,BAC BLANC SESSION 2024-SERIE DTI PHYSIQUE,https://epreuvesetcorriges.com/categories/cameroun/examens/bac/35319-bac-blanc-session-2024-serie-dti-physique,https://epreuvesetcorriges.com/categories/cameroun/examens/bac/35319-bac-blanc-session-2024-serie-dti-physique/download,epreuvesetcorriges
BAC,2024,SUJET BAC BLANC 2024 SVTEEHB SERIE D MAI 2024,https://epreuvesetcorriges.com/categories/cameroun/examens/bac/35344-sujet-bac-blanc-2024-svteehb-serie-d-mai-2024,https://epreuvesetcorriges.com/categories/cameroun/examens/bac/35344-sujet-bac-blanc-2024-svteehb-serie-d-mai-2024/download,epreuvesetcorriges
BAC,2024,SUJET BAC BLANC 2024 CHIMIE THEORIQUE SERIE C-D-E  MAI 2024,https://epreuvesetcorriges.com/categories/cameroun/examens/bac/35345-sujet-bac-blanc-2024-chimie-theorique-serie-c-d-e-mai-2024,https://epreuvesetcorriges.com/categories/cameroun/examens/bac/35345-sujet-bac-blanc-2024-chimie-theorique-serie-c-d-e-mai-2024/download,epreuvesetcorriges
BAC,2024,SUJET BAC BLANC 2024  PHYSIQUE SERIE D MAI 2024,https://epreuvesetcorriges.com/categories/cameroun/examens/bac/35346-sujet-bac-blanc-2024-physique-serie-d-mai-2024,https://epreuvesetcorriges.com/categories/cameroun/examens/bac/35346-sujet-bac-blanc-2024-physique-serie-d-mai-2024/download,epreuvesetcorriges
BAC,2024,SUJET BAC BLANC 2024 INFORMATIQUE  SERIE C-D-E MAI 2024,https://epreuvesetcorriges.com/categories/cameroun/examens/bac/35347-sujet-bac-blanc-2024-informatique-serie-c-d-e-mai-2024,https://epreuvesetcorriges.com/categories/cameroun/examens/bac/35347-sujet-bac-blanc-2024-informatique-serie-c-d-e-mai-2024/download,epreuvesetcorriges
BAC,2024,SUJET MATHEMATIQUES BAC BLANC 2024 SERIE A4-ABI LYCEE BILINGUE,https://epreuvesetcorriges.com/categories/cameroun/examens/bac/35352-sujet-mathematiques-bac-blanc-2024-serie-a4-abi-lycee-bilingue,https://epreuvesetcorriges.com/categories/cameroun/examens/bac/35352-sujet-mathematiques-bac-blanc-2024-serie-a4-abi-lycee-bilingue/download,epreuvesetcorriges
BAC,2024,SUJET MATHEMATIQUES BAC BLANC 2024 SERIE C  LYCEE BILINGUE,https://epreuvesetcorriges.com/categories/cameroun/examens/bac/35353-sujet-mathematiques-bac-blanc-2024-serie-c-lycee-bilingue,https://epreuvesetcorriges.com/categories/cameroun/examens/bac/35353-sujet-mathematiques-bac-blanc-2024-serie-c-lycee-bilingue/download,epreuvesetcorriges
BAC,2024,BAC BLANC 2024 CHIMIE  SEQUENCE 6 SERIE CD COLLEGE MONGO BETI,https://epreuvesetcorriges.com/categories/cameroun/examens/bac/35355-bac-blanc-2024-chimie-sequence-6-serie-cd-college-mongo-beti,https://epreuvesetcorriges.com/categories/cameroun/examens/bac/35355-bac-blanc-2024-chimie-sequence-6-serie-cd-college-mongo-beti/download,epreuvesetcorriges
BAC,2024,BAC BLANC 2024 HISTOIRE SEQUENCE 6 COLLEGE MONGO BETI 20232024 SERIE A4,https://epreuvesetcorriges.com/categories/cameroun/examens/bac/35356-bac-blanc-2024-histoire-sequence-6-college-mongo-beti-20232024-serie-a4,https://epreuvesetcorriges.com/categories/cameroun/examens/bac/35356-bac-blanc-2024-histoire-sequence-6-college-mongo-beti-20232024-serie-a4/download,epreuvesetcorriges
BAC,2024,BAC BLANC 2024 PHYSIQUE SERIE D SEQUENCE 6 COLLEGE MONGO BETI,https://epreuvesetcorriges.com/categories/cameroun/examens/bac/35357-bac-blanc-2024-physique-serie-d-sequence-6-college-mongo-beti,https://epreuvesetcorriges.com/categories/cameroun/examens/bac/35357-bac-blanc-2024-physique-serie-d-sequence-6-college-mongo-beti/download,epreuvesetcorriges
BAC,2024,BAC BLANC 2024 PHILOSOPHIE SERIE CD SEQUENCE 6 COLLEGE MONGO BETI,https://epreuvesetcorriges.com/categories/cameroun/examens/bac/35358-bac-blanc-2024-philosophie-serie-cd-sequence-6-college-mongo-beti,https://epreuvesetcorriges.com/categories/cameroun/examens/bac/35358-bac-blanc-2024-philosophie-serie-cd-sequence-6-college-mongo-beti/download,epreuvesetcorriges
BAC,2024,BAC BLANC 2024 LCN SERIE A4 SEQUENCE 6 COLLEGE MONGO BETI,https://epreuvesetcorriges.com/categories/cameroun/examens/bac/35359-bac-blanc-2024-lcn-serie-a4-sequence-6-college-mongo-beti,https://epreuvesetcorriges.com/categories/cameroun/examens/bac/35359-bac-blanc-2024-lcn-serie-a4-sequence-6-college-mongo-beti/download,epreuvesetcorriges
BAC,,BAC BLANC LITTERATURE FRANÇAISE SEQUENCE 6 SERIE CD COLLEGE MONGO BETI,https://epreuvesetcorriges.com/categories/cameroun/examens/bac/35360-bac-blanc-litterature-francaise-sequence-6-serie-cd-college-mongo-beti,https://epreuvesetcorriges.com/categories/cameroun/examens/bac/35360-bac-blanc-litterature-francaise-sequence-6-serie-cd-college-mongo-beti/download,epreuvesetcorriges
BAC,2024,BAC BLANC 2024 LITTERATURE FRANÇAISE SEQUENCE 6 SERIE CD COLLEGE MONGO BETI,https://epreuvesetcorriges.com/categories/cameroun/examens/bac/35361-bac-blanc-2024-litterature-francaise-sequence-6-serie-cd-college-mongo-beti,https://epreuvesetcorriges.com/categories/cameroun/examens/bac/35361-bac-blanc-2024-litterature-francaise-sequence-6-serie-cd-college-mongo-beti/download,epreuvesetcorriges
BAC,2024,SVTEEHB BAC BLANC 2024 SERIE A4 COLLEGE MONGO BETI-SEQUENCE 6,https://epreuvesetcorriges.com/categories/cameroun/examens/bac/35362-svteehb-bac-blanc-2024-serie-a4-college-mongo-beti-sequence-6,https://epreuvesetcorriges.com/categories/cameroun/examens/bac/35362-svteehb-bac-blanc-2024-serie-a4-college-mongo-beti-sequence-6/download,epreuvesetcorriges
BAC,2024,MATHEMATIQUES BAC BLANC 2024  SERIE D SEQUENCE 6 COLLEGE MONGO BETI,https://epreuvesetcorriges.com/categories/cameroun/examens/bac/35363-mathematiques-bac-blanc-2024-serie-d-sequence-6-college-mongo-beti,https://epreuvesetcorriges.com/categories/cameroun/examens/bac/35363-mathematiques-bac-blanc-2024-serie-d-sequence-6-college-mongo-beti/download,epreuvesetcorriges
BAC,2024,ESPAGNOL SERIE A4ESP BAC BLANC 2024 SEQUENCE 6 COLLEGE MONGO BETI,https://epreuvesetcorriges.com/categories/cameroun/examens/bac/35364-espagnol-serie-a4esp-bac-blanc-2024-sequence-6-college-mongo-beti,https://epreuvesetcorriges.com/categories/cameroun/examens/bac/35364-espagnol-serie-a4esp-bac-blanc-2024-sequence-6-college-mongo-beti/download,epreuvesetcorriges
BAC,2024,INFORMATIQUE SERIE CD BAC BLANC 2024 SEQUENCE 6 COLLEGE MONGO BETI,https://epreuvesetcorriges.com/categories/cameroun/examens/bac/35365-informatique-serie-cd-bac-blanc-2024-sequence-6-college-mongo-beti,https://epreuvesetcorriges.com/categories/cameroun/examens/bac/35365-informatique-serie-cd-bac-blanc-2024-sequence-6-college-mongo-beti/download,epreuvesetcorriges
BAC,2024,LANGUE FRANÇAISE BAC BLANC 2024 SERIE A4 SEQUENCE 6 COLLEGE MONGO BETI,https://epreuvesetcorriges.com/categories/cameroun/examens/bac/35366-langue-francaise-bac-blanc-2024-serie-a4-sequence-6-college-mongo-beti,https://epreuvesetcorriges.com/categories/cameroun/examens/bac/35366-langue-francaise-bac-blanc-2024-serie-a4-sequence-6-college-mongo-beti/download,epreuvesetcorriges
BAC,2024,INFORMATIQUE SERIE A4 BAC BLANC 2024 SEQUENCE 6 COLLEGE MONGO BETI,https://epreuvesetcorriges.com/categories/cameroun/examens/bac/35367-informatique-serie-a4-bac-blanc-2024-sequence-6-college-mongo-beti,https://epreuvesetcorriges.com/categories/cameroun/examens/bac/35367-informatique-serie-a4-bac-blanc-2024-sequence-6-college-mongo-beti/download,epreuvesetcorriges
BAC,2024,ANGLAIS SERIE ACD  BAC BLANC 2024 SEQUENCE 6 COLLEGE MONGO BETI,https://epreuvesetcorriges.com/categories/cameroun/examens/bac/35368-anglais-serie-acd-bac-blanc-2024-sequence-6-college-mongo-beti,https://epreuvesetcorriges.com/categories/cameroun/examens/bac/35368-anglais-serie-acd-bac-blanc-2024-sequence-6-college-mongo-beti/download,epreuvesetcorriges
BAC,2024,EPREUVE MATHEMATIQUES BAC 2024  BLANC SERIE C-E,https://epreuvesetcorriges.com/categories/cameroun/examens/bac/35491-epreuve-mathematiques-bac-2024-blanc-serie-c-e,https://epreuvesetcorriges.com/categories/cameroun/examens/bac/35491-epreuve-mathematiques-bac-2024-blanc-serie-c-e/download,epreuvesetcorriges
BAC,2024,BAC 2024 SUJET  DE CHIMIE PRATIQUE SERIE C-D,https://epreuvesetcorriges.com/categories/cameroun/examens/bac/35617-bac-2024-sujet-de-chimie-pratique-serie-c-d,https://epreuvesetcorriges.com/categories/cameroun/examens/bac/35617-bac-2024-sujet-de-chimie-pratique-serie-c-d/download,epreuvesetcorriges
BAC,2024,EPREUVE MATHEMATIQUES BAC 2024  BLANC SERIE D-TI,https://epreuvesetcorriges.com/categories/cameroun/examens/bac/35492-epreuve-mathematiques-bac-2024-blanc-serie-d-ti,https://epreuvesetcorriges.com/categories/cameroun/examens/bac/35492-epreuve-mathematiques-bac-2024-blanc-serie-d-ti/download,epreuvesetcorriges
BAC,2024,BAC 2024 SUJET D'  CULTURE GÉNÉRALE SERIE A-ABI,https://epreuvesetcorriges.com/categories/cameroun/examens/bac/35618-bac-2024-sujet-d-culture-generale-serie-a-abi,https://epreuvesetcorriges.com/categories/cameroun/examens/bac/35618-bac-2024-sujet-d-culture-generale-serie-a-abi/download,epreuvesetcorriges
BAC,2024,SUJET BAC 2024 ANGLAIS SERIE A1-A2-A3-A4-A5,https://epreuvesetcorriges.com/categories/cameroun/examens/bac/35594-sujet-bac-2024-anglais-serie-a1-a2-a3-a4-a5,https://epreuvesetcorriges.com/categories/cameroun/examens/bac/35594-sujet-bac-2024-anglais-serie-a1-a2-a3-a4-a5/download,epreuvesetcorriges
BAC,2024,BAC 2024 SUJET D' ANGLAIS SERIE A1-A2-A3-A4-A5,https://epreuvesetcorriges.com/categories/cameroun/examens/bac/35619-bac-2024-sujet-d-anglais-serie-a1-a2-a3-a4-a5,https://epreuvesetcorriges.com/categories/cameroun/examens/bac/35619-bac-2024-sujet-d-anglais-serie-a1-a2-a3-a4-a5/download,epreuvesetcorriges
BAC,2024,SUJET BAC 2024 ARABE SERIE A-ABI,https://epreuvesetcorriges.com/categories/cameroun/examens/bac/35595-sujet-bac-2024-arabe-serie-a-abi,https://epreuvesetcorriges.com/categories/cameroun/examens/bac/35595-sujet-bac-2024-arabe-serie-a-abi/download,epreuvesetcorriges
BAC,2024,BAC 2024 SUJET D' ARABE SERIE A-ABI,https://epreuvesetcorriges.com/categories/cameroun/examens/bac/35620-bac-2024-sujet-d-arabe-serie-a-abi,https://epreuvesetcorriges.com/categories/cameroun/examens/bac/35620-bac-2024-sujet-d-arabe-serie-a-abi/download,epreuvesetcorriges
BAC,2024,SUJET BAC 2024 CHIMIE PRATIQUE SERIE C-D,https://epreuvesetcorriges.com/categories/cameroun/examens/bac/35596-sujet-bac-2024-chimie-pratique-serie-c-d,https://epreuvesetcorriges.com/categories/cameroun/examens/bac/35596-sujet-bac-2024-chimie-pratique-serie-c-d/download,epreuvesetcorriges
BAC,2024,BAC 2024 SUJET D' ECM SERIE A-C-D-E-TI,https://epreuvesetcorriges.com/categories/cameroun/examens/bac/35621-bac-2024-sujet-d-ecm-serie-a-c-d-e-ti,https://epreuvesetcorriges.com/categories/cameroun/examens/bac/35621-bac-2024-sujet-d-ecm-serie-a-c-d-e-ti/download,epreuvesetcorriges
BAC,2024,SUJET BAC 2024 CHIMIE THEORIQUE SERIE C-D-E,https://epreuvesetcorriges.com/categories/cameroun/examens/bac/35597-sujet-bac-2024-chimie-theorique-serie-c-d-e,https://epreuvesetcorriges.com/categories/cameroun/examens/bac/35597-sujet-bac-2024-chimie-theorique-serie-c-d-e/download,epreuvesetcorriges
BAC,2024,BAC 2024 SUJET D' EPS SERIE A-C-D-E-TI,https://epreuvesetcorriges.com/categories/cameroun/examens/bac/35622-bac-2024-sujet-d-eps-serie-a-c-d-e-ti,https://epreuvesetcorriges.com/categories/cameroun/examens/bac/35622-bac-2024-sujet-d-eps-serie-a-c-d-e-ti/download,epreuvesetcorriges
BAC,2024,SUJET BAC 2024 CHINOIS SERIE A-ABI,https://epreuvesetcorriges.com/categories/cameroun/examens/bac/35598-sujet-bac-2024-chinois-serie-a-abi,https://epreuvesetcorriges.com/categories/cameroun/examens/bac/35598-sujet-bac-2024-chinois-serie-a-abi/download,epreuvesetcorriges
BAC,2024,BAC 2024 SUJET D' ESPAGNOL SERIE A-ABI,https://epreuvesetcorriges.com/categories/cameroun/examens/bac/35623-bac-2024-sujet-d-espagnol-serie-a-abi,https://epreuvesetcorriges.com/categories/cameroun/examens/bac/35623-bac-2024-sujet-d-espagnol-serie-a-abi/download,epreuvesetcorriges
BAC,2024,SUJET BAC 2024 ECM SERIE A-C-D-E-TI,https://epreuvesetcorriges.com/categories/cameroun/examens/bac/35599-sujet-bac-2024-ecm-serie-a-c-d-e-ti,https://epreuvesetcorriges.com/categories/cameroun/examens/bac/35599-sujet-bac-2024-ecm-serie-a-c-d-e-ti/download,epreuvesetcorriges
BAC,2024,BAC 2024 SUJET D' INFORMATIQUE THEORIQUE SERIE A-ABI-SH-AC,https://epreuvesetcorriges.com/categories/cameroun/examens/bac/35624-bac-2024-sujet-d-informatique-theorique-serie-a-abi-sh-ac,https://epreuvesetcorriges.com/categories/cameroun/examens/bac/35624-bac-2024-sujet-d-informatique-theorique-serie-a-abi-sh-ac/download,epreuvesetcorriges
BAC,2024,SUJET BAC 2024 EPS SERIE A-C-D-E-TI,https://epreuvesetcorriges.com/categories/cameroun/examens/bac/35600-sujet-bac-2024-eps-serie-a-c-d-e-ti,https://epreuvesetcorriges.com/categories/cameroun/examens/bac/35600-sujet-bac-2024-eps-serie-a-c-d-e-ti/download,epreuvesetcorriges
BAC,2024,BAC 2024 SUJET D' ITALIEN LVII SERIE A-ABI,https://epreuvesetcorriges.com/categories/cameroun/examens/bac/35625-bac-2024-sujet-d-italien-lvii-serie-a-abi,https://epreuvesetcorriges.com/categories/cameroun/examens/bac/35625-bac-2024-sujet-d-italien-lvii-serie-a-abi/download,epreuvesetcorriges
BAC,2024,SUJET BAC 2024 ESPAGNOL SERIE A-ABI,https://epreuvesetcorriges.com/categories/cameroun/examens/bac/35601-sujet-bac-2024-espagnol-serie-a-abi,https://epreuvesetcorriges.com/categories/cameroun/examens/bac/35601-sujet-bac-2024-espagnol-serie-a-abi/download,epreuvesetcorriges
BAC,2024,BAC 2024 SUJET DE CHIMIE THEORIQUE SERIE C-D-E,https://epreuvesetcorriges.com/categories/cameroun/examens/bac/35626-bac-2024-sujet-de-chimie-theorique-serie-c-d-e,https://epreuvesetcorriges.com/categories/cameroun/examens/bac/35626-bac-2024-sujet-de-chimie-theorique-serie-c-d-e/download,epreuvesetcorriges
BAC,2024,SUJET BAC 2024 GEOGRAPHIE SERIE A-ABI,https://epreuvesetcorriges.com/categories/cameroun/examens/bac/35602-sujet-bac-2024-geographie-serie-a-abi,https://epreuvesetcorriges.com/categories/cameroun/examens/bac/35602-sujet-bac-2024-geographie-serie-a-abi/download,epreuvesetcorriges
BAC,2024,BAC 2024 SUJET DE CHINOIS SERIE A-ABI,https://epreuvesetcorriges.com/categories/cameroun/examens/bac/35627-bac-2024-sujet-de-chinois-serie-a-abi,https://epreuvesetcorriges.com/categories/cameroun/examens/bac/35627-bac-2024-sujet-de-chinois-serie-a-abi/download,epreuvesetcorriges
BAC,2024,SUJET BAC 2024 GEOGRAPHIE SERIE C-D-TI,https://epreuvesetcorriges.com/categories/cameroun/examens/bac/35603-sujet-bac-2024-geographie-serie-c-d-ti,https://epreuvesetcorriges.com/categories/cameroun/examens/bac/35603-sujet-bac-2024-geographie-serie-c-d-ti/download,epreuvesetcorriges
BAC,2024,BAC 2024 SUJET DE GEOGRAPHIE SERIE A-ABI,https://epreuvesetcorriges.com/categories/cameroun/examens/bac/35628-bac-2024-sujet-de-geographie-serie-a-abi,https://epreuvesetcorriges.com/categories/cameroun/examens/bac/35628-bac-2024-sujet-de-geographie-serie-a-abi/download,epreuvesetcorriges
BAC,2024,SUJET BAC 2024 INFORMATIQUE THEORIQUE SERIE A-ABI-SH-AC,https://epreuvesetcorriges.com/categories/cameroun/examens/bac/35604-sujet-bac-2024-informatique-theorique-serie-a-abi-sh-ac,https://epreuvesetcorriges.com/categories/cameroun/examens/bac/35604-sujet-bac-2024-informatique-theorique-serie-a-abi-sh-ac/download,epreuvesetcorriges
BAC,2024,BAC 2024 SUJET DE GEOGRAPHIE SERIE C-D-TI,https://epreuvesetcorriges.com/categories/cameroun/examens/bac/35629-bac-2024-sujet-de-geographie-serie-c-d-ti,https://epreuvesetcorriges.com/categories/cameroun/examens/bac/35629-bac-2024-sujet-de-geographie-serie-c-d-ti/download,epreuvesetcorriges
BAC,2024,SUJET BAC 2024 ITALIEN LVII SERIE A-ABI,https://epreuvesetcorriges.com/categories/cameroun/examens/bac/35605-sujet-bac-2024-italien-lvii-serie-a-abi,https://epreuvesetcorriges.com/categories/cameroun/examens/bac/35605-sujet-bac-2024-italien-lvii-serie-a-abi/download,epreuvesetcorriges
BAC,2024,BAC 2024 SUJET DE LANGUE FRANCAISE SERIE A-ABI,https://epreuvesetcorriges.com/categories/cameroun/examens/bac/35630-bac-2024-sujet-de-langue-francaise-serie-a-abi,https://epreuvesetcorriges.com/categories/cameroun/examens/bac/35630-bac-2024-sujet-de-langue-francaise-serie-a-abi/download,epreuvesetcorriges
BAC,2024,SUJET BAC 2024 LANGUE FRANCAISE SERIE A-ABI,https://epreuvesetcorriges.com/categories/cameroun/examens/bac/35606-sujet-bac-2024-langue-francaise-serie-a-abi,https://epreuvesetcorriges.com/categories/cameroun/examens/bac/35606-sujet-bac-2024-langue-francaise-serie-a-abi/download,epreuvesetcorriges
BAC,2024,BAC 2024 SUJET DE MATHEMATIQUES SERIE A-ABI,https://epreuvesetcorriges.com/categories/cameroun/examens/bac/35631-bac-2024-sujet-de-mathematiques-serie-a-abi,https://epreuvesetcorriges.com/categories/cameroun/examens/bac/35631-bac-2024-sujet-de-mathematiques-serie-a-abi/download,epreuvesetcorriges
BAC,2024,SUJET BAC 2024 LITTÉRATURE OU DE CULTURE GÉNÉRALE SERIE A-ABI,https://epreuvesetcorriges.com/categories/cameroun/examens/bac/35607-sujet-bac-2024-litterature-ou-de-culture-generale-serie-a-abi,https://epreuvesetcorriges.com/categories/cameroun/examens/bac/35607-sujet-bac-2024-litterature-ou-de-culture-generale-serie-a-abi/download,epreuvesetcorriges
BAC,2024,BAC 2024 SUJET DE MATHEMATIQUES SERIE C-E,https://epreuvesetcorriges.com/categories/cameroun/examens/bac/35632-bac-2024-sujet-de-mathematiques-serie-c-e,https://epreuvesetcorriges.com/categories/cameroun/examens/bac/35632-bac-2024-sujet-de-mathematiques-serie-c-e/download,epreuvesetcorriges
BAC,2024,SUJET BAC 2024 MATHEMATIQUES SERIE A-ABI,https://epreuvesetcorriges.com/categories/cameroun/examens/bac/35608-sujet-bac-2024-mathematiques-serie-a-abi,https://epreuvesetcorriges.com/categories/cameroun/examens/bac/35608-sujet-bac-2024-mathematiques-serie-a-abi/download,epreuvesetcorriges
BAC,2024,BAC 2024 SUJET DE MATHEMATIQUES SERIE D-TI,https://epreuvesetcorriges.com/categories/cameroun/examens/bac/35633-bac-2024-sujet-de-mathematiques-serie-d-ti,https://epreuvesetcorriges.com/categories/cameroun/examens/bac/35633-bac-2024-sujet-de-mathematiques-serie-d-ti/download,epreuvesetcorriges
BAC,2024,SUJET BAC 2024 MATHEMATIQUES SERIE C-E,https://epreuvesetcorriges.com/categories/cameroun/examens/bac/35609-sujet-bac-2024-mathematiques-serie-c-e,https://epreuvesetcorriges.com/categories/cameroun/examens/bac/35609-sujet-bac-2024-mathematiques-serie-c-e/download,epreuvesetcorriges
BAC,2024,SUJET BAC 2024 MATHEMATIQUES SERIE D-TI,https://epreuvesetcorriges.com/categories/cameroun/examens/bac/35610-sujet-bac-2024-mathematiques-serie-d-ti,https://epreuvesetcorriges.com/categories/cameroun/examens/bac/35610-sujet-bac-2024-mathematiques-serie-d-ti/download,epreuvesetcorriges
BAC,2024,BAC 2024 SUJET DE PHYSIQUE THEORIQUE SERIE C,https://epreuvesetcorriges.com/categories/cameroun/examens/bac/35635-bac-2024-sujet-de-physique-theorique-serie-c,https://epreuvesetcorriges.com/categories/cameroun/examens/bac/35635-bac-2024-sujet-de-physique-theorique-serie-c/download,epreuvesetcorriges
BAC,2024,SUJET BAC 2024 PHILOSOPHIE SERIE A-ABI,https://epreuvesetcorriges.com/categories/cameroun/examens/bac/35611-sujet-bac-2024-philosophie-serie-a-abi,https://epreuvesetcorriges.com/categories/cameroun/examens/bac/35611-sujet-bac-2024-philosophie-serie-a-abi/download,epreuvesetcorriges
BAC,2024,BAC 2024 SUJET DE PHYSIQUE THEORIQUE SERIE D,https://epreuvesetcorriges.com/categories/cameroun/examens/bac/35636-bac-2024-sujet-de-physique-theorique-serie-d,https://epreuvesetcorriges.com/categories/cameroun/examens/bac/35636-bac-2024-sujet-de-physique-theorique-serie-d/download,epreuvesetcorriges
BAC,2024,SUJET BAC 2024 PHYSIQUE THEORIQUE SERIE C,https://epreuvesetcorriges.com/categories/cameroun/examens/bac/35612-sujet-bac-2024-physique-theorique-serie-c,https://epreuvesetcorriges.com/categories/cameroun/examens/bac/35612-sujet-bac-2024-physique-theorique-serie-c/download,epreuvesetcorriges
BAC,2024,BAC 2024 SUJET DE PHYSIQUE THEORIQUE SERIE TI,https://epreuvesetcorriges.com/categories/cameroun/examens/bac/35637-bac-2024-sujet-de-physique-theorique-serie-ti,https://epreuvesetcorriges.com/categories/cameroun/examens/bac/35637-bac-2024-sujet-de-physique-theorique-serie-ti/download,epreuvesetcorriges
BAC,2024,SUJET BAC 2024 PHYSIQUE THEORIQUE SERIE D,https://epreuvesetcorriges.com/categories/cameroun/examens/bac/35613-sujet-bac-2024-physique-theorique-serie-d,https://epreuvesetcorriges.com/categories/cameroun/examens/bac/35613-sujet-bac-2024-physique-theorique-serie-d/download,epreuvesetcorriges
BAC,2024,BAC 2024 SUJET DE SCIENCES SERIE A1-A2-A3-A4-ABI,https://epreuvesetcorriges.com/categories/cameroun/examens/bac/35638-bac-2024-sujet-de-sciences-serie-a1-a2-a3-a4-abi,https://epreuvesetcorriges.com/categories/cameroun/examens/bac/35638-bac-2024-sujet-de-sciences-serie-a1-a2-a3-a4-abi/download,epreuvesetcorriges
BAC,2024,SUJET BAC 2024 PHYSIQUE THEORIQUE SERIE TI,https://epreuvesetcorriges.com/categories/cameroun/examens/bac/35614-sujet-bac-2024-physique-theorique-serie-ti,https://epreuvesetcorriges.com/categories/cameroun/examens/bac/35614-sujet-bac-2024-physique-theorique-serie-ti/download,epreuvesetcorriges
BAC,2024,BAC 2024 SUJET DE TRAVAIL MANUEL SERIE ESG,https://epreuvesetcorriges.com/categories/cameroun/examens/bac/35639-bac-2024-sujet-de-travail-manuel-serie-esg,https://epreuvesetcorriges.com/categories/cameroun/examens/bac/35639-bac-2024-sujet-de-travail-manuel-serie-esg/download,epreuvesetcorriges
BAC,2024,SUJET BAC 2024 SCIENCES SERIE A1-A2-A3-A4-ABI,https://epreuvesetcorriges.com/categories/cameroun/examens/bac/35615-sujet-bac-2024-sciences-serie-a1-a2-a3-a4-abi,https://epreuvesetcorriges.com/categories/cameroun/examens/bac/35615-sujet-bac-2024-sciences-serie-a1-a2-a3-a4-abi/download,epreuvesetcorriges
BAC,2024,EPREUVE BAC 2024 ECM SERIE ACA-ACC-CG-FIG,https://epreuvesetcorriges.com/categories/cameroun/examens/bac/35804-epreuve-bac-2024-ecm-serie-acaacccgflg-2,https://epreuvesetcorriges.com/categories/cameroun/examens/bac/35804-epreuve-bac-2024-ecm-serie-acaacccgflg-2/download,epreuvesetcorriges
BAC,2024,SUJET BAC 2024 TRAVAIL MANUEL SERIE ESG,https://epreuvesetcorriges.com/categories/cameroun/examens/bac/35616-sujet-bac-2024-travail-manuel-serie-esg,https://epreuvesetcorriges.com/categories/cameroun/examens/bac/35616-sujet-bac-2024-travail-manuel-serie-esg/download,epreuvesetcorriges
BAC,2024,EPREUVE BAC 2024 FRANÇAIS- SERIE ACA-ACC-CG-FIG,https://epreuvesetcorriges.com/categories/cameroun/examens/bac/35805-epreuve-bac-2024-francais-serie-acaacccgflg-2,https://epreuvesetcorriges.com/categories/cameroun/examens/bac/35805-epreuve-bac-2024-francais-serie-acaacccgflg-2/download,epreuvesetcorriges
BAC,2024,EPREUVE BAC 2024 ECM SERIE  ACA-ACC-CG-FIG,https://epreuvesetcorriges.com/categories/cameroun/examens/bac/35801-epreuve-bac-2024-ecm-serie-acaacccgflg,https://epreuvesetcorriges.com/categories/cameroun/examens/bac/35801-epreuve-bac-2024-ecm-serie-acaacccgflg/download,epreuvesetcorriges
BAC,2024,EPREUVE BAC 2024 SCIENCES ECONOMIQUES ET JURIDIQUES SERIE ACA-ACC-CG-FIG,https://epreuvesetcorriges.com/categories/cameroun/examens/bac/35806-epreuve-bac-2024-sciences-economiques-et-juridiques-serie-acaacccgflg-2,https://epreuvesetcorriges.com/categories/cameroun/examens/bac/35806-epreuve-bac-2024-sciences-economiques-et-juridiques-serie-acaacccgflg-2/download,epreuvesetcorriges
BAC,2024,CORRECTION MATHEMATIQUES BAC 2024  SERIE D-TI,https://epreuvesetcorriges.com/categories/cameroun/examens/bac/35864-correction-mathematiques-bac-2024-serie-d-ti,https://epreuvesetcorriges.com/categories/cameroun/examens/bac/35864-correction-mathematiques-bac-2024-serie-d-ti/download,epreuvesetcorriges
BAC,2024,CORRIGE BAC 2024 MATHEMATIQUES SERIE C-E,https://epreuvesetcorriges.com/categories/cameroun/examens/bac/35897-corrige-bac-2024-mathematiques-serie-c-e,https://epreuvesetcorriges.com/categories/cameroun/examens/bac/35897-corrige-bac-2024-mathematiques-serie-c-e/download,epreuvesetcorriges
BAC,2021,BAC 2021 EPREUVE ET CORRIGE SVTEEHB SERIE  D CAMEROUN,https://epreuvesetcorriges.com/categories/cameroun/examens/bac/37216-bac-2021-epreuve-et-corrige-svteehb-serie-d-cameroun,https://epreuvesetcorriges.com/categories/cameroun/examens/bac/37216-bac-2021-epreuve-et-corrige-svteehb-serie-d-cameroun/download,epreuvesetcorriges
BAC,2022,BAC 2022 EPREUVE ET CORRIGE  D'ANGLAIS SERIE A1 A5 CAMEROUN,https://epreuvesetcorriges.com/categories/cameroun/examens/bac/37217-bac-2022-epreuve-et-corrige-d-anglais-serie-a1-a5-cameroun,https://epreuvesetcorriges.com/categories/cameroun/examens/bac/37217-bac-2022-epreuve-et-corrige-d-anglais-serie-a1-a5-cameroun/download,epreuvesetcorriges
BAC,2022,BAC 2022 EPREUVE ET CORRIGE ALLEMAND SERIE A4 ABI CAMEROUN,https://epreuvesetcorriges.com/categories/cameroun/examens/bac/37218-bac-2022-epreuve-et-corrige-allemand-serie-a4-abi-cameroun,https://epreuvesetcorriges.com/categories/cameroun/examens/bac/37218-bac-2022-epreuve-et-corrige-allemand-serie-a4-abi-cameroun/download,epreuvesetcorriges
BAC,2022,BAC 2022 EPREUVE ET CORRIGE ECM SERIE A-C-D-E-TI CAMEROUN,https://epreuvesetcorriges.com/categories/cameroun/examens/bac/37219-bac-2022-epreuve-et-corrige-ecm-serie-a-c-d-e-ti-cameroun,https://epreuvesetcorriges.com/categories/cameroun/examens/bac/37219-bac-2022-epreuve-et-corrige-ecm-serie-a-c-d-e-ti-cameroun/download,epreuvesetcorriges
BAC,2022,BAC 2022 EPREUVE ET CORRIGE EPS SERIE A-C-D-E-TI CAMEROUN,https://epreuvesetcorriges.com/categories/cameroun/examens/bac/37220-bac-2022-epreuve-et-corrige-eps-serie-a-c-d-e-ti-cameroun,https://epreuvesetcorriges.com/categories/cameroun/examens/bac/37220-bac-2022-epreuve-et-corrige-eps-serie-a-c-d-e-ti-cameroun/download,epreuvesetcorriges
BAC,2023,BAC 2023 EPREUVE ET CORRIGE D'ALLEMAND SERIE A4 ABI CAMEROUN,https://epreuvesetcorriges.com/categories/cameroun/examens/bac/37221-bac-2023-epreuve-et-corrige-d-allemand-serie-a4-abi-cameroun,https://epreuvesetcorriges.com/categories/cameroun/examens/bac/37221-bac-2023-epreuve-et-corrige-d-allemand-serie-a4-abi-cameroun/download,epreuvesetcorriges
BAC,2023,BAC 2023 EPREUVE ET CORRIGE ECM SERIE  A-C-D-E-TI CAMEROUN,https://epreuvesetcorriges.com/categories/cameroun/examens/bac/37222-bac-2023-epreuve-et-corrige-ecm-serie-a-c-d-e-ti-cameroun,https://epreuvesetcorriges.com/categories/cameroun/examens/bac/37222-bac-2023-epreuve-et-corrige-ecm-serie-a-c-d-e-ti-cameroun/download,epreuvesetcorriges
BAC,2023,BAC 2023 EPREUVE ET CORRIGE EPS SERIE A-C-D-E-TI CAMEROUN,https://epreuvesetcorriges.com/categories/cameroun/examens/bac/37223-bac-2023-epreuve-et-corrige-eps-serie-a-c-d-e-ti-cameroun,https://epreuvesetcorriges.com/categories/cameroun/examens/bac/37223-bac-2023-epreuve-et-corrige-eps-serie-a-c-d-e-ti-cameroun/download,epreuvesetcorriges
BAC,2024,BAC 2024 EPREUVE D'ALLEMAND SERIE A4 ABI CAMEROUN,https://epreuvesetcorriges.com/categories/cameroun/examens/bac/37224-bac-2024-epreuve-d-allemand-serie-a4-abi-cameroun,https://epreuvesetcorriges.com/categories/cameroun/examens/bac/37224-bac-2024-epreuve-d-allemand-serie-a4-abi-cameroun/download,epreuvesetcorriges
BAC,2024,BAC 2024 EPREUVE ET CORRIGE ALLEMAND SERIE  A4 ABI CAMEROUN,https://epreuvesetcorriges.com/categories/cameroun/examens/bac/37225-bac-2024-epreuve-et-corrige-allemand-serie-a4-abi-cameroun,https://epreuvesetcorriges.com/categories/cameroun/examens/bac/37225-bac-2024-epreuve-et-corrige-allemand-serie-a4-abi-cameroun/download,epreuvesetcorriges
BAC,2025,SUPPORT DE TRAVAUX DIRIGES  SEQUENCE 2 POUR PREPARER BAC 2025 SVTEEHB TERMINALE D ANNEE ACADEMIQUE 2024-2025 CAMEROUN,https://epreuvesetcorriges.com/categories/cameroun/examens/bac/37440-support-de-travaux-diriges-sequence-2-pour-preparer-bac-2025-svteehb-terminale-d-annee-academique-2024-2025-cameroun,https://epreuvesetcorriges.com/categories/cameroun/examens/bac/37440-support-de-travaux-diriges-sequence-2-pour-preparer-bac-2025-svteehb-terminale-d-annee-academique-2024-2025-cameroun/download,epreuvesetcorriges
BAC,2024,EPREUVE ET CORRIGE D'ANGLAIS BAC 2024 REGIONAL DU NORD SERIE C-D-E-TI REPUBLIQUE DU CAMEROUN,https://epreuvesetcorriges.com/categories/cameroun/examens/bac/37448-epreuve-et-corrige-d-anglais-bac-2024-regional-du-nord-serie-c-d-e-ti-republique-du-cameroun,https://epreuvesetcorriges.com/categories/cameroun/examens/bac/37448-epreuve-et-corrige-d-anglais-bac-2024-regional-du-nord-serie-c-d-e-ti-republique-du-cameroun/download,epreuvesetcorriges
BAC,2025,EPREUVE BAC BLANC 2025  N°1 EPS COLLEGE ADVENTISTE TLeA-C-D-SES DECEMBRE ANNEE ACADEMIQUE 2024-2025 CAMEROUN,https://epreuvesetcorriges.com/categories/cameroun/examens/bac/37449-epreuve-bac-blanc-2025-n-1-eps-college-adventiste-tlea-c-d-ses-decembre-annee-academique-2024-2025-cameroun,https://epreuvesetcorriges.com/categories/cameroun/examens/bac/37449-epreuve-bac-blanc-2025-n-1-eps-college-adventiste-tlea-c-d-ses-decembre-annee-academique-2024-2025-cameroun/download,epreuvesetcorriges
BAC,2025,EPREUVE BAC BLANC 2025 N°1 LITTERATURE COLLEGE ADVENTISTE TLeA4 DECEMBRE ANNEE ACADEMIQUE 2024-2025 CAMEROUN,https://epreuvesetcorriges.com/categories/cameroun/examens/bac/37450-epreuve-bac-blanc-2025-n-1-litterature-college-adventiste-tlea4-decembre-annee-academique-2024-2025-cameroun,https://epreuvesetcorriges.com/categories/cameroun/examens/bac/37450-epreuve-bac-blanc-2025-n-1-litterature-college-adventiste-tlea4-decembre-annee-academique-2024-2025-cameroun/download,epreuvesetcorriges
BAC,2025,EPREUVE BAC BLANC 2025 N°1 SVTEEHB COLLEGE ADVENTISTE TLeA4 DECEMBRE ANNEE ACADEMIQUE 2024-2025 CAMEROUN,https://epreuvesetcorriges.com/categories/cameroun/examens/bac/37451-epreuve-bac-blanc-2025-n-1-svteehb-college-adventiste-tlea4-decembre-annee-academique-2024-2025-cameroun,https://epreuvesetcorriges.com/categories/cameroun/examens/bac/37451-epreuve-bac-blanc-2025-n-1-svteehb-college-adventiste-tlea4-decembre-annee-academique-2024-2025-cameroun/download,epreuvesetcorriges
BAC,2025,EPREUVE BAC BLANC 2025  N°1 GEOGRAPHIE COLLEGE ADVENTISTE TLeACD ANNEE ACADEMIQUE 2024-2025 CAMEROUN,https://epreuvesetcorriges.com/categories/cameroun/examens/bac/37582-epreuve-bac-blanc-2025-n-1-geographie-college-adventiste-tleacd-annee-academique-2024-2025-cameroun,https://epreuvesetcorriges.com/categories/cameroun/examens/bac/37582-epreuve-bac-blanc-2025-n-1-geographie-college-adventiste-tleacd-annee-academique-2024-2025-cameroun/download,epreuvesetcorriges
BAC,,Fascicule de Mathématiques – Applications Affines – Baccalauréat C-D-E-TI-F – Collection Al' Imrane,https://epreuvesetcorriges.com/categories/cameroun/examens/bac/39440-fascicule-de-mathematiques-applications-affines-baccalaureat-c-d-e-ti-f-collection-al-imrane,https://epreuvesetcorriges.com/categories/cameroun/examens/bac/39440-fascicule-de-mathematiques-applications-affines-baccalaureat-c-d-e-ti-f-collection-al-imrane/download,epreuvesetcorriges
BAC,2025,Épreuve de Sciences Économiques et Sociales et Familiales – Baccalauréat Blanc – Séquence 6 – Mai 2025 – Tle ACD,https://epreuvesetcorriges.com/categories/cameroun/examens/bac/39574-epreuve-de-sciences-economiques-et-sociales-et-familiales-baccalaureat-blanc-sequence-6-mai-2025-tle-acd,https://epreuvesetcorriges.com/categories/cameroun/examens/bac/39574-epreuve-de-sciences-economiques-et-sociales-et-familiales-baccalaureat-blanc-sequence-6-mai-2025-tle-acd/download,epreuvesetcorriges
BAC,2024,EPREUVE BAC 2024 FRANÇAIS- SERIE ACA-ACC-CG-FIG,https://epreuvesetcorriges.com/categories/cameroun/examens/bac/35802-epreuve-bac-2024-francais-serie-acaacccgflg,https://epreuvesetcorriges.com/categories/cameroun/examens/bac/35802-epreuve-bac-2024-francais-serie-acaacccgflg/download,epreuvesetcorriges
BAC,2024,EPREUVE BAC 2024 SCIENCES ECONOMIQUES ET JURIDIQUES SERIE ACA-ACC-CG-FIG,https://epreuvesetcorriges.com/categories/cameroun/examens/bac/35803-epreuve-bac-2024-sciences-economiques-et-juridiques-serie-acaacccgflg,https://epreuvesetcorriges.com/categories/cameroun/examens/bac/35803-epreuve-bac-2024-sciences-economiques-et-juridiques-serie-acaacccgflg/download,epreuvesetcorriges
BAC,2024,CORRIGÉ BAC 2024 MATHEMATIQUES  SERIE D-TI,https://epreuvesetcorriges.com/categories/cameroun/examens/bac/35863-corrige-bac-2024-mathematiques-serie-d-ti,https://epreuvesetcorriges.com/categories/cameroun/examens/bac/35863-corrige-bac-2024-mathematiques-serie-d-ti/download,epreuvesetcorriges
BAC,2024,"CORRECTION HARMONISÉE  BAC 2024 MATHEMATIQUES SERIE C,E",https://epreuvesetcorriges.com/categories/cameroun/examens/bac/35896-correction-harmonisee-bac-2024-mathematiques-serie-c-e,https://epreuvesetcorriges.com/categories/cameroun/examens/bac/35896-correction-harmonisee-bac-2024-mathematiques-serie-c-e/download,epreuvesetcorriges
BAC,2024,EPREUVE BAC 2024 INFORMATIQUE  PRATIQUE SERIE A-C-D,https://epreuvesetcorriges.com/categories/cameroun/examens/bac/36047-epreuve-bac-2024-informatique-pratique-serie-a-c-d,https://epreuvesetcorriges.com/categories/cameroun/examens/bac/36047-epreuve-bac-2024-informatique-pratique-serie-a-c-d/download,epreuvesetcorriges
BAC,2024,EPREUVE BAC 2024 LANGUE FRANÇAISE SERIE C-E,https://epreuvesetcorriges.com/categories/cameroun/examens/bac/36048-epreuve-bac-2024-langue-francaise-serie-c-e,https://epreuvesetcorriges.com/categories/cameroun/examens/bac/36048-epreuve-bac-2024-langue-francaise-serie-c-e/download,epreuvesetcorriges
BAC,2024,EPREUVE BAC 2024 LITTERATURE SERIE C-E,https://epreuvesetcorriges.com/categories/cameroun/examens/bac/36049-epreuve-bac-2024-litterature-serie-c-e,https://epreuvesetcorriges.com/categories/cameroun/examens/bac/36049-epreuve-bac-2024-litterature-serie-c-e/download,epreuvesetcorriges
BAC,2024,EPREUVE BAC 2024 SVTEEHB SERIE C-TI,https://epreuvesetcorriges.com/categories/cameroun/examens/bac/36050-epreuve-bac-2024-svteehb-serie-c-ti,https://epreuvesetcorriges.com/categories/cameroun/examens/bac/36050-epreuve-bac-2024-svteehb-serie-c-ti/download,epreuvesetcorriges
BAC,2024,EPREUVE BAC 2024 PHILOSOPHIE SERIE C-D-E-TI,https://epreuvesetcorriges.com/categories/cameroun/examens/bac/36051-epreuve-bac-2024-philosophie-serie-c-d-e-ti,https://epreuvesetcorriges.com/categories/cameroun/examens/bac/36051-epreuve-bac-2024-philosophie-serie-c-d-e-ti/download,epreuvesetcorriges
BAC,2024,EPREUVE BAC 2024 SVTEEHB PRATIQUE SERIE D,https://epreuvesetcorriges.com/categories/cameroun/examens/bac/36052-epreuve-bac-2024-svteehb-pratique-serie-d,https://epreuvesetcorriges.com/categories/cameroun/examens/bac/36052-epreuve-bac-2024-svteehb-pratique-serie-d/download,epreuvesetcorriges
BAC,,LIVRE FASCICULE DE MATHEMATIQUES TERMINALE C-D-E-TI EPREUVES ET CORRIGES SELON LE PROGRAMME APC,https://epreuvesetcorriges.com/categories/cameroun/examens/bac/36054-livre-fascicule-de-mathematiques-terminale-c-d-e-ti-epreuves-et-corriges-selon-le-programme-apc,https://epreuvesetcorriges.com/categories/cameroun/examens/bac/36054-livre-fascicule-de-mathematiques-terminale-c-d-e-ti-epreuves-et-corriges-selon-le-programme-apc/download,epreuvesetcorriges
BAC,2024,EPREUVE ET CORRIGE MATHEMATIQUES SERIE A4 BAC 2024 CAMEROUN,https://epreuvesetcorriges.com/categories/cameroun/examens/bac/36055-epreuve-et-corrige-mathematiques-serie-a4-bac-2024-cameroun,https://epreuvesetcorriges.com/categories/cameroun/examens/bac/36055-epreuve-et-corrige-mathematiques-serie-a4-bac-2024-cameroun/download,epreuvesetcorriges
BAC,2024,BACC 2024 CORRIGÉ DE  L'EPREUVE DE CHIMIE THEORIQUE CAMEROUN,https://epreuvesetcorriges.com/categories/cameroun/examens/bac/37119-bacc-2024-corrige-de-l-epreuve-de-chimie-theorique-cameroun,https://epreuvesetcorriges.com/categories/cameroun/examens/bac/37119-bacc-2024-corrige-de-l-epreuve-de-chimie-theorique-cameroun/download,epreuvesetcorriges
BAC,2024,BACC 2024 EPREUVE ET CORRIGE SVTEEHB SERIE C-TI CAMEROUN,https://epreuvesetcorriges.com/categories/cameroun/examens/bac/37120-bacc-2024-epreuve-et-corrige-svteehb-serie-c-ti-cameroun,https://epreuvesetcorriges.com/categories/cameroun/examens/bac/37120-bacc-2024-epreuve-et-corrige-svteehb-serie-c-ti-cameroun/download,epreuvesetcorriges
BAC,2024,BACC 2024 EPREUVE ET CORRIGE SVTEEHB SERIE D CAMEROUN,https://epreuvesetcorriges.com/categories/cameroun/examens/bac/37121-bacc-2024-epreuve-et-corrige-svteehb-serie-d-cameroun,https://epreuvesetcorriges.com/categories/cameroun/examens/bac/37121-bacc-2024-epreuve-et-corrige-svteehb-serie-d-cameroun/download,epreuvesetcorriges
BAC,2025,Épreuve d’Allemand – Baccalauréat Blanc – Séquence 6 – Mai 2025 – Tle A4,https://epreuvesetcorriges.com/categories/cameroun/examens/bac/39572-epreuve-d-allemand-baccalaureat-blanc-sequence-6-mai-2025-tle-a4,https://epreuvesetcorriges.com/categories/cameroun/examens/bac/39572-epreuve-d-allemand-baccalaureat-blanc-sequence-6-mai-2025-tle-a4/download,epreuvesetcorriges
BAC,2025,Épreuve d’Éducation à la Citoyenneté – Baccalauréat Blanc – Séquence 6 – Mai 2025 – Tle ACD,https://epreuvesetcorriges.com/categories/cameroun/examens/bac/39573-epreuve-d-education-a-la-citoyennete-baccalaureat-blanc-sequence-6-mai-2025-tle-acd,https://epreuvesetcorriges.com/categories/cameroun/examens/bac/39573-epreuve-d-education-a-la-citoyennete-baccalaureat-blanc-sequence-6-mai-2025-tle-acd/download,epreuvesetcorriges
BAC,2025,Épreuve de Géographie – Baccalauréat Blanc – Séquence 6 – Mai 2025 – Tle ACD,https://epreuvesetcorriges.com/categories/cameroun/examens/bac/39575-epreuve-de-geographie-baccalaureat-blanc-sequence-6-mai-2025-tle-acd,https://epreuvesetcorriges.com/categories/cameroun/examens/bac/39575-epreuve-de-geographie-baccalaureat-blanc-sequence-6-mai-2025-tle-acd/download,epreuvesetcorriges
BAC,2025,Épreuve d’Histoire – Baccalauréat Blanc – Séquence 6 – Mai 2025 – Tle ACD,https://epreuvesetcorriges.com/categories/cameroun/examens/bac/39576-epreuve-d-histoire-baccalaureat-blanc-sequence-6-mai-2025-tle-acd,https://epreuvesetcorriges.com/categories/cameroun/examens/bac/39576-epreuve-d-histoire-baccalaureat-blanc-sequence-6-mai-2025-tle-acd/download,epreuvesetcorriges
BAC,2025,Épreuve d’Informatique – Baccalauréat Blanc – Séquence 6 – Mai 2025 – Tle Littéraire,https://epreuvesetcorriges.com/categories/cameroun/examens/bac/39577-epreuve-d-informatique-baccalaureat-blanc-sequence-6-mai-2025-tle-litteraire,https://epreuvesetcorriges.com/categories/cameroun/examens/bac/39577-epreuve-d-informatique-baccalaureat-blanc-sequence-6-mai-2025-tle-litteraire/download,epreuvesetcorriges
BAC,2025,Épreuve d’Informatique – Baccalauréat Blanc – Séquence 6 – Mai 2025 – Tle A4,https://epreuvesetcorriges.com/categories/cameroun/examens/bac/39578-epreuve-d-informatique-baccalaureat-blanc-sequence-6-mai-2025-tle-a4,https://epreuvesetcorriges.com/categories/cameroun/examens/bac/39578-epreuve-d-informatique-baccalaureat-blanc-sequence-6-mai-2025-tle-a4/download,epreuvesetcorriges
BAC,2025,Épreuve d’Informatique – Baccalauréat Blanc – Séquence 6 – Mai 2025 – Tle CD,https://epreuvesetcorriges.com/categories/cameroun/examens/bac/39579-epreuve-d-informatique-baccalaureat-blanc-sequence-6-mai-2025-tle-cd,https://epreuvesetcorriges.com/categories/cameroun/examens/bac/39579-epreuve-d-informatique-baccalaureat-blanc-sequence-6-mai-2025-tle-cd/download,epreuvesetcorriges
BAC,2025,Épreuve de Langue et Culture Nationale – Baccalauréat Blanc – Séquence 6 – Mai 2025 – Tle ALL/ESP,https://epreuvesetcorriges.com/categories/cameroun/examens/bac/39580-epreuve-de-langue-et-culture-nationale-baccalaureat-blanc-sequence-6-mai-2025-tle-all-esp,https://epreuvesetcorriges.com/categories/cameroun/examens/bac/39580-epreuve-de-langue-et-culture-nationale-baccalaureat-blanc-sequence-6-mai-2025-tle-all-esp/download,epreuvesetcorriges
BAC,2025,Épreuve de Littérature Française ou Culture Générale – Baccalauréat Blanc – Séquence 6 – Mai 2025 – Tle A4,https://epreuvesetcorriges.com/categories/cameroun/examens/bac/39581-epreuve-de-litterature-francaise-ou-culture-generale-baccalaureat-blanc-sequence-6-mai-2025-tle-a4,https://epreuvesetcorriges.com/categories/cameroun/examens/bac/39581-epreuve-de-litterature-francaise-ou-culture-generale-baccalaureat-blanc-sequence-6-mai-2025-tle-a4/download,epreuvesetcorriges
BAC,2025,Épreuve de Littérature – Baccalauréat Blanc – Séquence 6 – Mai 2025 – Tle C&D,https://epreuvesetcorriges.com/categories/cameroun/examens/bac/39582-epreuve-de-litterature-baccalaureat-blanc-sequence-6-mai-2025-tle-c-d,https://epreuvesetcorriges.com/categories/cameroun/examens/bac/39582-epreuve-de-litterature-baccalaureat-blanc-sequence-6-mai-2025-tle-c-d/download,epreuvesetcorriges
BAC,2025,Épreuve de Mathématiques – Baccalauréat Blanc 2025 – Tle D – Complexe Scolaire Bilingue NAL,https://epreuvesetcorriges.com/categories/cameroun/examens/bac/39583-epreuve-de-mathematiques-baccalaureat-blanc-2025-tle-d-complexe-scolaire-bilingue-nal,https://epreuvesetcorriges.com/categories/cameroun/examens/bac/39583-epreuve-de-mathematiques-baccalaureat-blanc-2025-tle-d-complexe-scolaire-bilingue-nal/download,epreuvesetcorriges
BAC,2025,Épreuve de Mathématiques – Baccalauréat Blanc 2025 – Tle F – Lycée Technique de Douala-Bassa,https://epreuvesetcorriges.com/categories/cameroun/examens/bac/39584-epreuve-de-mathematiques-baccalaureat-blanc-2025-tle-f-lycee-technique-de-douala-bassa,https://epreuvesetcorriges.com/categories/cameroun/examens/bac/39584-epreuve-de-mathematiques-baccalaureat-blanc-2025-tle-f-lycee-technique-de-douala-bassa/download,epreuvesetcorriges
BAC,2025,Épreuve de Philosophie – Baccalauréat Blanc – Séquence 6 – Mai 2025 – Tle C&D – Collège Privé Laïc Mongo Beti,https://epreuvesetcorriges.com/categories/cameroun/examens/bac/39585-epreuve-de-philosophie-baccalaureat-blanc-sequence-6-mai-2025-tle-c-d-college-prive-laic-mongo-beti,https://epreuvesetcorriges.com/categories/cameroun/examens/bac/39585-epreuve-de-philosophie-baccalaureat-blanc-sequence-6-mai-2025-tle-c-d-college-prive-laic-mongo-beti/download,epreuvesetcorriges
BAC,2025,Épreuve de Sciences – Baccalauréat Blanc – Séquence 6 – Mai 2025 – Tle A4 – Collège Privé Laïc Mongo Beti,https://epreuvesetcorriges.com/categories/cameroun/examens/bac/39586-epreuve-de-sciences-baccalaureat-blanc-sequence-6-mai-2025-tle-a4-college-prive-laic-mongo-beti,https://epreuvesetcorriges.com/categories/cameroun/examens/bac/39586-epreuve-de-sciences-baccalaureat-blanc-sequence-6-mai-2025-tle-a4-college-prive-laic-mongo-beti/download,epreuvesetcorriges
BAC,2026,"Chimie Théorique – Bac Blanc Nº1 2026 (Évaluation  Oxydation, amines, saponification et applications industrielles) pour les classes de Terminale C et D – Collège Adventiste de Yaoundé – Décembre 2025",https://epreuvesetcorriges.com/categories/cameroun/examens/bac/41156-chimie-theorique-bac-blanc-n-1-2026-evaluation-oxydation-amines-saponification-et-applications-industrielles-pour-les-classes-de-terminale-c-et-d-college-adventiste-de-yaounde-decembre-2025,https://epreuvesetcorriges.com/categories/cameroun/examens/bac/41156-chimie-theorique-bac-blanc-n-1-2026-evaluation-oxydation-amines-saponification-et-applications-industrielles-pour-les-classes-de-terminale-c-et-d-college-adventiste-de-yaounde-decembre-2025/download,epreuvesetcorriges
BAC,2026,"Langue Française – Bac Blanc Nº1 2026 (Analyse de texte théâtral, communication, morphosyntaxe, sémantique et stylistique) pour les classes de Terminale C et D – Collège Adventiste de Yaoundé – Décembre 2025",https://epreuvesetcorriges.com/categories/cameroun/examens/bac/41157-langue-francaise-bac-blanc-n-1-2026-analyse-de-texte-theatral-communication-morphosyntaxe-semantique-et-stylistique-pour-les-classes-de-terminale-c-et-d-college-adventiste-de-yaounde-decembre-2025,https://epreuvesetcorriges.com/categories/cameroun/examens/bac/41157-langue-francaise-bac-blanc-n-1-2026-analyse-de-texte-theatral-communication-morphosyntaxe-semantique-et-stylistique-pour-les-classes-de-terminale-c-et-d-college-adventiste-de-yaounde-decembre-2025/download,epreuvesetcorriges
BAC,2026,"Mathématiques – Bac Blanc Nº1 2026 (Évaluation  Nombres complexes, fonctions numériques, suites et statistiques appliquées) pour les classes de Terminale D – Collège Moderne Saint Foch – Novembre 2025",https://epreuvesetcorriges.com/categories/cameroun/examens/bac/41158-mathematiques-bac-blanc-n-1-2026-evaluation-nombres-complexes-fonctions-numeriques-suites-et-statistiques-appliquees-pour-les-classes-de-terminale-d-college-moderne-saint-foch-novembre-2025,https://epreuvesetcorriges.com/categories/cameroun/examens/bac/41158-mathematiques-bac-blanc-n-1-2026-evaluation-nombres-complexes-fonctions-numeriques-suites-et-statistiques-appliquees-pour-les-classes-de-terminale-d-college-moderne-saint-foch-novembre-2025/download,epreuvesetcorriges
BAC,2026,"Physique Théorique – Bac Blanc Nº1 2026 (Évaluation  Champs gravitationnel, électrique, magnétique et lois de Newton) pour les classes de Terminale D – Collège Adventiste de Yaoundé – Décembre 2025",https://epreuvesetcorriges.com/categories/cameroun/examens/bac/41159-physique-theorique-bac-blanc-n-1-2026-evaluation-champs-gravitationnel-electrique-magnetique-et-lois-de-newton-pour-les-classes-de-terminale-d-college-adventiste-de-yaounde-decembre-2025,https://epreuvesetcorriges.com/categories/cameroun/examens/bac/41159-physique-theorique-bac-blanc-n-1-2026-evaluation-champs-gravitationnel-electrique-magnetique-et-lois-de-newton-pour-les-classes-de-terminale-d-college-adventiste-de-yaounde-decembre-2025/download,epreuvesetcorriges
BAC,2026,"Sciences et Corrigé Harmonisé – Baccalauréat Blanc Régional N°1 – Séries A1, A2, A3, A4, A5, ABI – Session Février 2026 – Délégation Régionale du Sud",https://epreuvesetcorriges.com/categories/cameroun/examens/bac/41920-sciences-et-corrige-harmonise-baccalaureat-blanc-regional-n-1-series-a1-a2-a3-a4-a5-abi-session-fevrier-2026-delegation-regionale-du-sud,https://epreuvesetcorriges.com/categories/cameroun/examens/bac/41920-sciences-et-corrige-harmonise-baccalaureat-blanc-regional-n-1-series-a1-a2-a3-a4-a5-abi-session-fevrier-2026-delegation-regionale-du-sud/download,epreuvesetcorriges
BAC,2026,SVTEEHB et Corrigé Harmonisé – Baccalauréat Blanc Régional N°1 – Série C & TI – Session Février 2026 – Délégation Régionale du Sud,https://epreuvesetcorriges.com/categories/cameroun/examens/bac/41921-svteehb-et-corrige-harmonise-baccalaureat-blanc-regional-n-1-serie-c-ti-session-fevrier-2026-delegation-regionale-du-sud,https://epreuvesetcorriges.com/categories/cameroun/examens/bac/41921-svteehb-et-corrige-harmonise-baccalaureat-blanc-regional-n-1-serie-c-ti-session-fevrier-2026-delegation-regionale-du-sud/download,epreuvesetcorriges
BAC,2026,SVTEEHB Pratique et Corrigé Harmonisé – Baccalauréat Blanc Régional N°1 – Série D – Session Février 2026 – Délégation Régionale du Sud,https://epreuvesetcorriges.com/categories/cameroun/examens/bac/41922-svteehb-pratique-et-corrige-harmonise-baccalaureat-blanc-regional-n-1-serie-d-session-fevrier-2026-delegation-regionale-du-sud,https://epreuvesetcorriges.com/categories/cameroun/examens/bac/41922-svteehb-pratique-et-corrige-harmonise-baccalaureat-blanc-regional-n-1-serie-d-session-fevrier-2026-delegation-regionale-du-sud/download,epreuvesetcorriges
BAC,2026,Mathématiques – Épreuve zéro régionale – Baccalauréat BT Spécialité ESF – Février 2026 – Région de l’Ouest | Sujet d’entraînement,https://epreuvesetcorriges.com/categories/cameroun/examens/bac/41965-mathematiques-epreuve-zero-regionale-baccalaureat-bt-specialite-esf-fevrier-2026-region-de-l-ouest-sujet-d-entrainement,https://epreuvesetcorriges.com/categories/cameroun/examens/bac/41965-mathematiques-epreuve-zero-regionale-baccalaureat-bt-specialite-esf-fevrier-2026-region-de-l-ouest-sujet-d-entrainement/download,epreuvesetcorriges
BAC,2026,Mathématiques – Épreuve zéro régionale – Baccalauréat Série A4 – Février 2026 – Région du Nord | Sujet d’entraînement,https://epreuvesetcorriges.com/categories/cameroun/examens/bac/41966-mathematiques-epreuve-zero-regionale-baccalaureat-serie-a4-fevrier-2026-region-du-nord-sujet-d-entrainement,https://epreuvesetcorriges.com/categories/cameroun/examens/bac/41966-mathematiques-epreuve-zero-regionale-baccalaureat-serie-a4-fevrier-2026-region-du-nord-sujet-d-entrainement/download,epreuvesetcorriges
BAC,2026,Mathématiques – Épreuve zéro régionale – Baccalauréat Série C – Février 2026 – Région du Nord | Sujet d’entraînement,https://epreuvesetcorriges.com/categories/cameroun/examens/bac/41967-mathematiques-epreuve-zero-regionale-baccalaureat-serie-c-fevrier-2026-region-du-nord-sujet-d-entrainement,https://epreuvesetcorriges.com/categories/cameroun/examens/bac/41967-mathematiques-epreuve-zero-regionale-baccalaureat-serie-c-fevrier-2026-region-du-nord-sujet-d-entrainement/download,epreuvesetcorriges
BAC,2026,Mathématiques – Épreuve zéro régionale – Baccalauréat Série D – Février 2026 – Région du Nord | Sujet d’entraînement,https://epreuvesetcorriges.com/categories/cameroun/examens/bac/41968-mathematiques-epreuve-zero-regionale-baccalaureat-serie-d-fevrier-2026-region-du-nord-sujet-d-entrainement,https://epreuvesetcorriges.com/categories/cameroun/examens/bac/41968-mathematiques-epreuve-zero-regionale-baccalaureat-serie-d-fevrier-2026-region-du-nord-sujet-d-entrainement/download,epreuvesetcorriges
BAC,2026,Mathématiques – Épreuve zéro régionale – Baccalauréat Série F – Séquence 4 – Février 2026 – Région de l’Ouest | Sujet d’entraînement,https://epreuvesetcorriges.com/categories/cameroun/examens/bac/41969-mathematiques-epreuve-zero-regionale-baccalaureat-serie-f-sequence-4-fevrier-2026-region-de-l-ouest-sujet-d-entrainement,https://epreuvesetcorriges.com/categories/cameroun/examens/bac/41969-mathematiques-epreuve-zero-regionale-baccalaureat-serie-f-sequence-4-fevrier-2026-region-de-l-ouest-sujet-d-entrainement/download,epreuvesetcorriges
BAC,2026,Mathématiques – Épreuve zéro régionale – Baccalauréat STT Spécialité FIG – Février 2026 – Région de l’Ouest | Sujet d’entraînement,https://epreuvesetcorriges.com/categories/cameroun/examens/bac/41970-mathematiques-epreuve-zero-regionale-baccalaureat-stt-specialite-fig-fevrier-2026-region-de-l-ouest-sujet-d-entrainement,https://epreuvesetcorriges.com/categories/cameroun/examens/bac/41970-mathematiques-epreuve-zero-regionale-baccalaureat-stt-specialite-fig-fevrier-2026-region-de-l-ouest-sujet-d-entrainement/download,epreuvesetcorriges
BAC,2026,Bac Blanc Mathématiques 2026  Séries D & TI - Session 2026 (PDF),https://epreuvesetcorriges.com/categories/cameroun/examens/bac/42699-bac-blanc-mathematiques-2026-series-d-ti-session-2026-pdf,https://epreuvesetcorriges.com/categories/cameroun/examens/bac/42699-bac-blanc-mathematiques-2026-series-d-ti-session-2026-pdf/download,epreuvesetcorriges
BAC,2026,Baccalauréat Blanc Mathématiques 2026 - Série A & ABI - Session 2026 (PDF),https://epreuvesetcorriges.com/categories/cameroun/examens/bac/42700-baccalaureat-blanc-mathematiques-2026-serie-a-abi-session-2026-pdf,https://epreuvesetcorriges.com/categories/cameroun/examens/bac/42700-baccalaureat-blanc-mathematiques-2026-serie-a-abi-session-2026-pdf/download,epreuvesetcorriges
BAC,2026,Baccalauréat Blanc Mathématiques 2026 - Séries C & E - Session d'Avril (PDF),https://epreuvesetcorriges.com/categories/cameroun/examens/bac/42701-baccalaureat-blanc-mathematiques-2026-series-c-e-session-d-avril-pdf,https://epreuvesetcorriges.com/categories/cameroun/examens/bac/42701-baccalaureat-blanc-mathematiques-2026-series-c-e-session-d-avril-pdf/download,epreuvesetcorriges
BAC,2026,Baccalauréat Blanc Physique Pratique 2026 - Série C (PDF),https://epreuvesetcorriges.com/categories/cameroun/examens/bac/42702-baccalaureat-blanc-physique-pratique-2026-serie-c-pdf,https://epreuvesetcorriges.com/categories/cameroun/examens/bac/42702-baccalaureat-blanc-physique-pratique-2026-serie-c-pdf/download,epreuvesetcorriges
BEPC,2025,BEPC 2025 EPREUVE DE PCT PROBABLE CAMEROUN,https://epreuvesetcorriges.com/categories/cameroun/examens/bepc/36097-bepc-2025-epreuve-de-pct-probable-cameroun,https://epreuvesetcorriges.com/categories/cameroun/examens/bepc/36097-bepc-2025-epreuve-de-pct-probable-cameroun/download,epreuvesetcorriges
BEPC,2025,BEPC 2025 EPREUVE SVTEEHB PROBABLE CAMEROUN,https://epreuvesetcorriges.com/categories/cameroun/examens/bepc/36098-bepc-2025-epreuve-svteehb-probable-cameroun,https://epreuvesetcorriges.com/categories/cameroun/examens/bepc/36098-bepc-2025-epreuve-svteehb-probable-cameroun/download,epreuvesetcorriges
BEPC,2025,Epreuve bepc blanc 2025 N°1 Etude de texte 2024-2025 cameroun,https://epreuvesetcorriges.com/categories/cameroun/examens/bepc/36485-epreuve-bepc-blanc-2025-n-1-etude-de-texte-2024-2025-cameroun,https://epreuvesetcorriges.com/categories/cameroun/examens/bepc/36485-epreuve-bepc-blanc-2025-n-1-etude-de-texte-2024-2025-cameroun/download,epreuvesetcorriges
BEPC,2025,Epreuve bepc blanc 2025 N°1 Géographie 2024-2025 cameroun,https://epreuvesetcorriges.com/categories/cameroun/examens/bepc/36487-epreuve-bepc-blanc-2025-n-1-geographie-2024-2025-cameroun,https://epreuvesetcorriges.com/categories/cameroun/examens/bepc/36487-epreuve-bepc-blanc-2025-n-1-geographie-2024-2025-cameroun/download,epreuvesetcorriges
BEPC,,EPREUVE BEPC BLANC SVTEEHB,https://epreuvesetcorriges.com/categories/cameroun/examens/bepc/38165-epreuve-bepc-blanc-svteehb,https://epreuvesetcorriges.com/categories/cameroun/examens/bepc/38165-epreuve-bepc-blanc-svteehb/download,epreuvesetcorriges
BEPC,2025,EPREUVE DU BEPC BLANC 2025 GÉOGRAPHIE CAMEROUN,https://epreuvesetcorriges.com/categories/cameroun/examens/bepc/38166-epreuve-du-bepc-blanc-2025-geographie-cameroun,https://epreuvesetcorriges.com/categories/cameroun/examens/bepc/38166-epreuve-du-bepc-blanc-2025-geographie-cameroun/download,epreuvesetcorriges
BEPC,2025,EPREUVE ET CORRIGE BEPC BLANC 2025 ALLEMAND LYCEE BILINGUE CLASSE 3ÈME,https://epreuvesetcorriges.com/categories/cameroun/examens/bepc/38167-epreuve-et-corrige-bepc-blanc-2025-allemand-lycee-bilingue-classe-3eme,https://epreuvesetcorriges.com/categories/cameroun/examens/bepc/38167-epreuve-et-corrige-bepc-blanc-2025-allemand-lycee-bilingue-classe-3eme/download,epreuvesetcorriges
BEPC,2025,ÉPREUVE BEPC BLANC 2025 N°1 MATHÉMATIQUES COLLEGE BILINGUE L’EMERGENCE MARS 2025 CAMEROUN,https://epreuvesetcorriges.com/categories/cameroun/examens/bepc/38645-epreuve-bepc-blanc-2025-n-1-mathematiques-college-bilingue-l-emergence-mars-2025-cameroun,https://epreuvesetcorriges.com/categories/cameroun/examens/bepc/38645-epreuve-bepc-blanc-2025-n-1-mathematiques-college-bilingue-l-emergence-mars-2025-cameroun/download,epreuvesetcorriges
BEPC,2025,EPREUVE ET CORRIGE BEPC BLANC 2025 SVTEEHB CAMEROUN,https://epreuvesetcorriges.com/categories/cameroun/examens/bepc/38168-epreuve-et-corrige-bepc-blanc-2025-svteehb-cameroun,https://epreuvesetcorriges.com/categories/cameroun/examens/bepc/38168-epreuve-et-corrige-bepc-blanc-2025-svteehb-cameroun/download,epreuvesetcorriges
BEPC,2025,BEPC 2025 EPREUVE DE GÉOGRAPHIE PROBABLE  CAMEROUN,https://epreuvesetcorriges.com/categories/cameroun/examens/bepc/36096-bepc-2025-epreuve-de-geographie-probable-cameroun,https://epreuvesetcorriges.com/categories/cameroun/examens/bepc/36096-bepc-2025-epreuve-de-geographie-probable-cameroun/download,epreuvesetcorriges
BEPC,2025,ÉPREUVE  BEPC BLANC 2025 EXPRESSION ECRITE LYCEE DE NKOLMESSENG AVRIL 2025,https://epreuvesetcorriges.com/categories/cameroun/examens/bepc/38943-epreuve-bepc-blanc-2025-expression-ecrite-lycee-de-nkolmesseng-avril-2025,https://epreuvesetcorriges.com/categories/cameroun/examens/bepc/38943-epreuve-bepc-blanc-2025-expression-ecrite-lycee-de-nkolmesseng-avril-2025/download,epreuvesetcorriges
BEPC,2025,ÉPREUVE BEPC BLANC 2025  PCT  LYCEE DE NKOLMESSENG AVRIL 2025,https://epreuvesetcorriges.com/categories/cameroun/examens/bepc/38944-epreuve-bepc-blanc-2025-pct-lycee-de-nkolmesseng-avril-2025,https://epreuvesetcorriges.com/categories/cameroun/examens/bepc/38944-epreuve-bepc-blanc-2025-pct-lycee-de-nkolmesseng-avril-2025/download,epreuvesetcorriges
BEPC,2025,BEPC BLANC 2025 INFORMATIQUE THEORIQUE- INSTITUT PRIVE POLYVALENT,https://epreuvesetcorriges.com/categories/cameroun/examens/bepc/38994-bepc-blanc-2025-informatique-theorique-institut-prive-polyvalent,https://epreuvesetcorriges.com/categories/cameroun/examens/bepc/38994-bepc-blanc-2025-informatique-theorique-institut-prive-polyvalent/download,epreuvesetcorriges
BEPC,2025,Examen Blanc BEPC 2025 – Informatique Théorique | Institut Privé Polyvalent,https://epreuvesetcorriges.com/categories/cameroun/examens/bepc/39115-examen-blanc-bepc-2025-informatique-theorique-institut-prive-polyvalent,https://epreuvesetcorriges.com/categories/cameroun/examens/bepc/39115-examen-blanc-bepc-2025-informatique-theorique-institut-prive-polyvalent/download,epreuvesetcorriges
BEPC,2025,Sujet Examen Blanc BEPC 2025 - ECM - College  laïc la dignité,https://epreuvesetcorriges.com/categories/cameroun/examens/bepc/39157-sujet-examen-blanc-bepc-2025-ecm-college-laic-la-dignite,https://epreuvesetcorriges.com/categories/cameroun/examens/bepc/39157-sujet-examen-blanc-bepc-2025-ecm-college-laic-la-dignite/download,epreuvesetcorriges
BEPC,2025,Sujet Examen Blanc BEPC 2025 - Etude de texte - College  laïc la dignité,https://epreuvesetcorriges.com/categories/cameroun/examens/bepc/39158-sujet-examen-blanc-bepc-2025-etude-de-texte-college-laic-la-dignite,https://epreuvesetcorriges.com/categories/cameroun/examens/bepc/39158-sujet-examen-blanc-bepc-2025-etude-de-texte-college-laic-la-dignite/download,epreuvesetcorriges
BEPC,2025,Sujet Examen Blanc BEPC 2025 - Mathématiques - College  laïc la dignité,https://epreuvesetcorriges.com/categories/cameroun/examens/bepc/39159-sujet-examen-blanc-bepc-2025-mathematiques-college-laic-la-dignite,https://epreuvesetcorriges.com/categories/cameroun/examens/bepc/39159-sujet-examen-blanc-bepc-2025-mathematiques-college-laic-la-dignite/download,epreuvesetcorriges
BEPC,2025,BEPC 2025 – Expression Écrite  Examen Blanc et Conseils du Collège Laïc La Dignité,https://epreuvesetcorriges.com/categories/cameroun/examens/bepc/39180-bepc-2025-expression-ecrite-examen-blanc-et-conseils-du-college-laic-la-dignite,https://epreuvesetcorriges.com/categories/cameroun/examens/bepc/39180-bepc-2025-expression-ecrite-examen-blanc-et-conseils-du-college-laic-la-dignite/download,epreuvesetcorriges
BEPC,2025,BEPC Blanc 2025 – SVTEEHB : Épreuve et Corrections du Collège Bilingue L’Éternel Ma Bannière,https://epreuvesetcorriges.com/categories/cameroun/examens/bepc/39181-bepc-blanc-2025-svteehb-epreuve-et-corrections-du-college-bilingue-l-eternel-ma-banniere,https://epreuvesetcorriges.com/categories/cameroun/examens/bepc/39181-bepc-blanc-2025-svteehb-epreuve-et-corrections-du-college-bilingue-l-eternel-ma-banniere/download,epreuvesetcorriges
BEPC,2025,BEPC 2025 – Histoire : Épreuves et Révisions du Collège Laïc La Dignité,https://epreuvesetcorriges.com/categories/cameroun/examens/bepc/39182-bepc-2025-histoire-epreuves-et-revisions-du-college-laic-la-dignite,https://epreuvesetcorriges.com/categories/cameroun/examens/bepc/39182-bepc-2025-histoire-epreuves-et-revisions-du-college-laic-la-dignite/download,epreuvesetcorriges
BEPC,2025,BEPC Blanc 2025 – Physique-Chimie-Tech (PCT) : Sujets et Résumés du Collège Laïc La Dignité,https://epreuvesetcorriges.com/categories/cameroun/examens/bepc/39183-bepc-blanc-2025-physique-chimie-tech-pct-sujets-et-resumes-du-college-laic-la-dignite,https://epreuvesetcorriges.com/categories/cameroun/examens/bepc/39183-bepc-blanc-2025-physique-chimie-tech-pct-sujets-et-resumes-du-college-laic-la-dignite/download,epreuvesetcorriges
BEPC,2025,BEPC Blanc 2025 – Espagnol : Sujets et Corrections du Collège Laïc La Dignité,https://epreuvesetcorriges.com/categories/cameroun/examens/bepc/39184-bepc-blanc-2025-espagnol-sujets-et-corrections-du-college-laic-la-dignite,https://epreuvesetcorriges.com/categories/cameroun/examens/bepc/39184-bepc-blanc-2025-espagnol-sujets-et-corrections-du-college-laic-la-dignite/download,epreuvesetcorriges
BEPC,2025,BEPC 2025 – Sciences : Épreuves et Solutions du Collège Laïc La Dignité,https://epreuvesetcorriges.com/categories/cameroun/examens/bepc/39185-bepc-2025-sciences-epreuves-et-solutions-du-college-laic-la-dignite,https://epreuvesetcorriges.com/categories/cameroun/examens/bepc/39185-bepc-2025-sciences-epreuves-et-solutions-du-college-laic-la-dignite/download,epreuvesetcorriges
BEPC,2025,BEPC Blanc Mai 2025 : Épreuve de Mathématiques – Lycée Classique d’Edéa,https://epreuvesetcorriges.com/categories/cameroun/examens/bepc/39208-bepc-blanc-mai-2025-epreuve-de-mathematiques-lycee-classique-d-edea,https://epreuvesetcorriges.com/categories/cameroun/examens/bepc/39208-bepc-blanc-mai-2025-epreuve-de-mathematiques-lycee-classique-d-edea/download,epreuvesetcorriges
BEPC,2025,Épreuve Zéro BEPC 2025 : Dictée – Région de l’Adamaoua,https://epreuvesetcorriges.com/categories/cameroun/examens/bepc/39225-epreuve-zero-bepc-2025-dictee-region-de-l-adamaoua,https://epreuvesetcorriges.com/categories/cameroun/examens/bepc/39225-epreuve-zero-bepc-2025-dictee-region-de-l-adamaoua/download,epreuvesetcorriges
BEPC,2025,Épreuve Zéro BEPC 2025 : Étude de Texte – Région de l’Adamaoua,https://epreuvesetcorriges.com/categories/cameroun/examens/bepc/39226-epreuve-zero-bepc-2025-etude-de-texte-region-de-l-adamaoua,https://epreuvesetcorriges.com/categories/cameroun/examens/bepc/39226-epreuve-zero-bepc-2025-etude-de-texte-region-de-l-adamaoua/download,epreuvesetcorriges
BEPC,2025,Épreuve Zéro BEPC 2025  Expression Écrite – Région de l’Adamaoua,https://epreuvesetcorriges.com/categories/cameroun/examens/bepc/39227-epreuve-zero-bepc-2025-expression-ecrite-region-de-l-adamaoua,https://epreuvesetcorriges.com/categories/cameroun/examens/bepc/39227-epreuve-zero-bepc-2025-expression-ecrite-region-de-l-adamaoua/download,epreuvesetcorriges
BEPC,2025,BEPC Blanc Avril 2025 – Éducation à la Citoyenneté – Collège Vogt,https://epreuvesetcorriges.com/categories/cameroun/examens/bepc/39258-bepc-blanc-avril-2025-education-a-la-citoyennete-college-vogt,https://epreuvesetcorriges.com/categories/cameroun/examens/bepc/39258-bepc-blanc-avril-2025-education-a-la-citoyennete-college-vogt/download,epreuvesetcorriges
BEPC,2025,BEPC Blanc Avril 2025 – Espagnol – Collège Vogt – Sujet & Corrigé,https://epreuvesetcorriges.com/categories/cameroun/examens/bepc/39259-bepc-blanc-avril-2025-espagnol-college-vogt-sujet-corrige,https://epreuvesetcorriges.com/categories/cameroun/examens/bepc/39259-bepc-blanc-avril-2025-espagnol-college-vogt-sujet-corrige/download,epreuvesetcorriges
BEPC,2025,BEPC Blanc Avril 2025 – Expression Écrite – Collège Vogt – Sujet & Corrigé,https://epreuvesetcorriges.com/categories/cameroun/examens/bepc/39260-bepc-blanc-avril-2025-expression-ecrite-college-vogt-sujet-corrige,https://epreuvesetcorriges.com/categories/cameroun/examens/bepc/39260-bepc-blanc-avril-2025-expression-ecrite-college-vogt-sujet-corrige/download,epreuvesetcorriges
BEPC,2025,BEPC Blanc Avril 2025 – Géographie – Collège Vogt – Sujet & Corrigé,https://epreuvesetcorriges.com/categories/cameroun/examens/bepc/39261-bepc-blanc-avril-2025-geographie-college-vogt-sujet-corrige,https://epreuvesetcorriges.com/categories/cameroun/examens/bepc/39261-bepc-blanc-avril-2025-geographie-college-vogt-sujet-corrige/download,epreuvesetcorriges
BEPC,2025,BEPC Blanc Avril 2025 – Informatique Théorique – Collège Vogt,https://epreuvesetcorriges.com/categories/cameroun/examens/bepc/39262-bepc-blanc-avril-2025-informatique-theorique-college-vogt,https://epreuvesetcorriges.com/categories/cameroun/examens/bepc/39262-bepc-blanc-avril-2025-informatique-theorique-college-vogt/download,epreuvesetcorriges
BEPC,2025,BEPC Blanc Avril 2025 – Mathématiques – Collège Vogt – Sujet & Corrigé,https://epreuvesetcorriges.com/categories/cameroun/examens/bepc/39263-bepc-blanc-avril-2025-mathematiques-college-vogt-sujet-corrige,https://epreuvesetcorriges.com/categories/cameroun/examens/bepc/39263-bepc-blanc-avril-2025-mathematiques-college-vogt-sujet-corrige/download,epreuvesetcorriges
BEPC,2025,BEPC Blanc Avril 2025 – Sciences Physiques et Technologiques – Collège Vogt,https://epreuvesetcorriges.com/categories/cameroun/examens/bepc/39264-bepc-blanc-avril-2025-sciences-physiques-et-technologiques-college-vogt,https://epreuvesetcorriges.com/categories/cameroun/examens/bepc/39264-bepc-blanc-avril-2025-sciences-physiques-et-technologiques-college-vogt/download,epreuvesetcorriges
BEPC,2025,BEPC Harmonisé Régional 2025 – Histoire – DRES Nord,https://epreuvesetcorriges.com/categories/cameroun/examens/bepc/39290-bepc-harmonise-regional-2025-histoire-dres-nord,https://epreuvesetcorriges.com/categories/cameroun/examens/bepc/39290-bepc-harmonise-regional-2025-histoire-dres-nord/download,epreuvesetcorriges
BEPC,2025,BEPC Blanc Mai 2025 – Mathématiques – Lycée Bilingue de Mbouda,https://epreuvesetcorriges.com/categories/cameroun/examens/bepc/39291-bepc-blanc-mai-2025-mathematiques-lycee-bilingue-de-mbouda,https://epreuvesetcorriges.com/categories/cameroun/examens/bepc/39291-bepc-blanc-mai-2025-mathematiques-lycee-bilingue-de-mbouda/download,epreuvesetcorriges
BEPC,2025,Épreuve d’Espagnol – BEPC Blanc – Collège Privé Bilingue Montesquieu – Session 2025,https://epreuvesetcorriges.com/categories/cameroun/examens/bepc/39392-epreuve-d-espagnol-bepc-blanc-college-prive-bilingue-montesquieu-session-2025,https://epreuvesetcorriges.com/categories/cameroun/examens/bepc/39392-epreuve-d-espagnol-bepc-blanc-college-prive-bilingue-montesquieu-session-2025/download,epreuvesetcorriges
BEPC,2025,Épreuve Zéro – Géographie – BEPC 2025 – Cameroun,https://epreuvesetcorriges.com/categories/cameroun/examens/bepc/39393-epreuve-zero-geographie-bepc-2025-cameroun,https://epreuvesetcorriges.com/categories/cameroun/examens/bepc/39393-epreuve-zero-geographie-bepc-2025-cameroun/download,epreuvesetcorriges
BEPC,2025,Épreuve Zéro – Histoire – BEPC 2025 – Cameroun,https://epreuvesetcorriges.com/categories/cameroun/examens/bepc/39394-epreuve-zero-histoire-bepc-2025-cameroun,https://epreuvesetcorriges.com/categories/cameroun/examens/bepc/39394-epreuve-zero-histoire-bepc-2025-cameroun/download,epreuvesetcorriges
BEPC,2025,Examen Blanc Régional – Histoire – BEPC 2025 – Région de l’Adamaoua,https://epreuvesetcorriges.com/categories/cameroun/examens/bepc/39395-examen-blanc-regional-histoire-bepc-2025-region-de-l-adamaoua,https://epreuvesetcorriges.com/categories/cameroun/examens/bepc/39395-examen-blanc-regional-histoire-bepc-2025-region-de-l-adamaoua/download,epreuvesetcorriges
BEPC,2025,Épreuve Théorique – Informatique – Examen Blanc N°3 – BEPC – Collège Bilingue Charles de Gaulle – Mai 2025,https://epreuvesetcorriges.com/categories/cameroun/examens/bepc/39396-epreuve-theorique-informatique-examen-blanc-n-3-bepc-college-bilingue-charles-de-gaulle-mai-2025,https://epreuvesetcorriges.com/categories/cameroun/examens/bepc/39396-epreuve-theorique-informatique-examen-blanc-n-3-bepc-college-bilingue-charles-de-gaulle-mai-2025/download,epreuvesetcorriges
BEPC,2025,Épreuve Théorique – Informatique – Examen Blanc N°2 – BEPC – Institut Privé Polyvalent de Bonamoussadi – Mai 2025,https://epreuvesetcorriges.com/categories/cameroun/examens/bepc/39397-epreuve-theorique-informatique-examen-blanc-n-2-bepc-institut-prive-polyvalent-de-bonamoussadi-mai-2025,https://epreuvesetcorriges.com/categories/cameroun/examens/bepc/39397-epreuve-theorique-informatique-examen-blanc-n-2-bepc-institut-prive-polyvalent-de-bonamoussadi-mai-2025/download,epreuvesetcorriges
BEPC,2025,Épreuve Blanche – Mathématiques – BEPC Blanc – Collège Privé Bilingue Montesquieu – Mai 2025,https://epreuvesetcorriges.com/categories/cameroun/examens/bepc/39398-epreuve-blanche-mathematiques-bepc-blanc-college-prive-bilingue-montesquieu-mai-2025,https://epreuvesetcorriges.com/categories/cameroun/examens/bepc/39398-epreuve-blanche-mathematiques-bepc-blanc-college-prive-bilingue-montesquieu-mai-2025/download,epreuvesetcorriges
BEPC,2025,Épreuve Zéro – Mathématiques – BEPC Blanc – Région du Centre – Session 2025,https://epreuvesetcorriges.com/categories/cameroun/examens/bepc/39399-epreuve-zero-mathematiques-bepc-blanc-region-du-centre-session-2025,https://epreuvesetcorriges.com/categories/cameroun/examens/bepc/39399-epreuve-zero-mathematiques-bepc-blanc-region-du-centre-session-2025/download,epreuvesetcorriges
BEPC,2025,Épreuve Blanche – SVTEEHB – BEPC Blanc – Collège Privé Montesquieu – Session 2025,https://epreuvesetcorriges.com/categories/cameroun/examens/bepc/39400-epreuve-blanche-svteehb-bepc-blanc-college-prive-montesquieu-session-2025,https://epreuvesetcorriges.com/categories/cameroun/examens/bepc/39400-epreuve-blanche-svteehb-bepc-blanc-college-prive-montesquieu-session-2025/download,epreuvesetcorriges
BEPC,2025,Épreuve et Corrigé d’Espagnol – BEPC Session 2025,https://epreuvesetcorriges.com/categories/cameroun/examens/bepc/39636-epreuve-et-corrige-d-espagnol-bepc-session-2025,https://epreuvesetcorriges.com/categories/cameroun/examens/bepc/39636-epreuve-et-corrige-d-espagnol-bepc-session-2025/download,epreuvesetcorriges
BEPC,2025,Épreuve et Corrigé d’Étude de Texte – BEPC Session 2025,https://epreuvesetcorriges.com/categories/cameroun/examens/bepc/39637-epreuve-et-corrige-d-etude-de-texte-bepc-session-2025,https://epreuvesetcorriges.com/categories/cameroun/examens/bepc/39637-epreuve-et-corrige-d-etude-de-texte-bepc-session-2025/download,epreuvesetcorriges
BEPC,2025,Épreuve et Corrigé d’Expression Écrite – BEPC Session 2025,https://epreuvesetcorriges.com/categories/cameroun/examens/bepc/39638-epreuve-et-corrige-d-expression-ecrite-bepc-session-2025,https://epreuvesetcorriges.com/categories/cameroun/examens/bepc/39638-epreuve-et-corrige-d-expression-ecrite-bepc-session-2025/download,epreuvesetcorriges
BEPC,2025,Épreuve et Corrigé de Mathématiques – BEPC Session 2025,https://epreuvesetcorriges.com/categories/cameroun/examens/bepc/39644-epreuve-et-corrige-de-mathematiques-bepc-session-2025,https://epreuvesetcorriges.com/categories/cameroun/examens/bepc/39644-epreuve-et-corrige-de-mathematiques-bepc-session-2025/download,epreuvesetcorriges
BEPC,2025,Épreuve d’Espagnol – BEPC Session 2025,https://epreuvesetcorriges.com/categories/cameroun/examens/bepc/39649-epreuve-d-espagnol-bepc-session-2025,https://epreuvesetcorriges.com/categories/cameroun/examens/bepc/39649-epreuve-d-espagnol-bepc-session-2025/download,epreuvesetcorriges
BEPC,2025,Épreuve d’Étude de Texte – BEPC Session 2025,https://epreuvesetcorriges.com/categories/cameroun/examens/bepc/39650-epreuve-d-etude-de-texte-bepc-session-2025,https://epreuvesetcorriges.com/categories/cameroun/examens/bepc/39650-epreuve-d-etude-de-texte-bepc-session-2025/download,epreuvesetcorriges
BEPC,2025,Épreuve d’Expression Écrite – BEPC Session 2025,https://epreuvesetcorriges.com/categories/cameroun/examens/bepc/39651-epreuve-d-expression-ecrite-bepc-session-2025,https://epreuvesetcorriges.com/categories/cameroun/examens/bepc/39651-epreuve-d-expression-ecrite-bepc-session-2025/download,epreuvesetcorriges
BEPC,2025,Épreuve d’Histoire – BEPC Session 2025,https://epreuvesetcorriges.com/categories/cameroun/examens/bepc/39653-epreuve-d-histoire-bepc-session-2025,https://epreuvesetcorriges.com/categories/cameroun/examens/bepc/39653-epreuve-d-histoire-bepc-session-2025/download,epreuvesetcorriges
BEPC,2025,Épreuve Théorique d’Informatique – BEPC Session 2025,https://epreuvesetcorriges.com/categories/cameroun/examens/bepc/39654-epreuve-theorique-d-informatique-bepc-session-2025,https://epreuvesetcorriges.com/categories/cameroun/examens/bepc/39654-epreuve-theorique-d-informatique-bepc-session-2025/download,epreuvesetcorriges
BEPC,2025,Épreuve de mathématiques – BEPC Session 2025,https://epreuvesetcorriges.com/categories/cameroun/examens/bepc/39661-epreuve-de-mathematiques-bepc-session-2025,https://epreuvesetcorriges.com/categories/cameroun/examens/bepc/39661-epreuve-de-mathematiques-bepc-session-2025/download,epreuvesetcorriges
BEPC,2025,Épreuve de PCT – BEPC Session 2025,https://epreuvesetcorriges.com/categories/cameroun/examens/bepc/39662-epreuve-de-pct-bepc-session-2025,https://epreuvesetcorriges.com/categories/cameroun/examens/bepc/39662-epreuve-de-pct-bepc-session-2025/download,epreuvesetcorriges
BEPC,2025,Épreuve d’Allemand – BEPC Session 2025,https://epreuvesetcorriges.com/categories/cameroun/examens/bepc/39689-epreuve-d-allemand-bepc-session-2025,https://epreuvesetcorriges.com/categories/cameroun/examens/bepc/39689-epreuve-d-allemand-bepc-session-2025/download,epreuvesetcorriges
BEPC,2025,Épreuve d’Anglais – BEPC Session 2025,https://epreuvesetcorriges.com/categories/cameroun/examens/bepc/39690-epreuve-d-anglais-bepc-session-2025,https://epreuvesetcorriges.com/categories/cameroun/examens/bepc/39690-epreuve-d-anglais-bepc-session-2025/download,epreuvesetcorriges
BEPC,2025,Épreuve d’Éducation à la Citoyenneté – BEPC Session 2025,https://epreuvesetcorriges.com/categories/cameroun/examens/bepc/39691-epreuve-d-education-a-la-citoyennete-bepc-session-2025,https://epreuvesetcorriges.com/categories/cameroun/examens/bepc/39691-epreuve-d-education-a-la-citoyennete-bepc-session-2025/download,epreuvesetcorriges
BEPC,2025,Épreuve de SVTEEHB – BEPC Session 2025,https://epreuvesetcorriges.com/categories/cameroun/examens/bepc/39692-epreuve-de-svteehb-bepc-session-2025,https://epreuvesetcorriges.com/categories/cameroun/examens/bepc/39692-epreuve-de-svteehb-bepc-session-2025/download,epreuvesetcorriges
BEPC,2025,Épreuve Facultative de Dessin – BEPC Session 2025,https://epreuvesetcorriges.com/categories/cameroun/examens/bepc/39693-epreuve-facultative-de-dessin-bepc-session-2025,https://epreuvesetcorriges.com/categories/cameroun/examens/bepc/39693-epreuve-facultative-de-dessin-bepc-session-2025/download,epreuvesetcorriges
BEPC,2025,Épreuve et Corrigé d’Allemand – BEPC Session 2025,https://epreuvesetcorriges.com/categories/cameroun/examens/bepc/39694-epreuve-et-corrige-d-allemand-bepc-session-2025,https://epreuvesetcorriges.com/categories/cameroun/examens/bepc/39694-epreuve-et-corrige-d-allemand-bepc-session-2025/download,epreuvesetcorriges
BEPC,2025,Compilation Complète – Toutes les Épreuves du BEPC – Session 2025,https://epreuvesetcorriges.com/categories/cameroun/examens/bepc/39697-compilation-complete-toutes-les-epreuves-du-bepc-session-2025,https://epreuvesetcorriges.com/categories/cameroun/examens/bepc/39697-compilation-complete-toutes-les-epreuves-du-bepc-session-2025/download,epreuvesetcorriges
BEPC,2025,Corrigé Harmonisé National – Épreuve d’Allemand – BEPC 2025 Cameroun,https://epreuvesetcorriges.com/categories/cameroun/examens/bepc/39750-corrige-harmonise-national-epreuve-d-allemand-bepc-2025-cameroun,https://epreuvesetcorriges.com/categories/cameroun/examens/bepc/39750-corrige-harmonise-national-epreuve-d-allemand-bepc-2025-cameroun/download,epreuvesetcorriges
BEPC,2025,Corrigé Harmonisé National – Épreuve d’Anglais Renforcé – BEPC 2025 Cameroun,https://epreuvesetcorriges.com/categories/cameroun/examens/bepc/39751-corrige-harmonise-national-epreuve-d-anglais-renforce-bepc-2025-cameroun,https://epreuvesetcorriges.com/categories/cameroun/examens/bepc/39751-corrige-harmonise-national-epreuve-d-anglais-renforce-bepc-2025-cameroun/download,epreuvesetcorriges
BEPC,2025,Corrigé Harmonisé National – Épreuve d’Anglais – BEPC 2025 Cameroun,https://epreuvesetcorriges.com/categories/cameroun/examens/bepc/39752-corrige-harmonise-national-epreuve-d-anglais-bepc-2025-cameroun,https://epreuvesetcorriges.com/categories/cameroun/examens/bepc/39752-corrige-harmonise-national-epreuve-d-anglais-bepc-2025-cameroun/download,epreuvesetcorriges
BEPC,2025,Corrigé Harmonisé National – Épreuve d’Arabe – BEPC 2025 Cameroun,https://epreuvesetcorriges.com/categories/cameroun/examens/bepc/39753-corrige-harmonise-national-epreuve-d-arabe-bepc-2025-cameroun,https://epreuvesetcorriges.com/categories/cameroun/examens/bepc/39753-corrige-harmonise-national-epreuve-d-arabe-bepc-2025-cameroun/download,epreuvesetcorriges
BEPC,2025,Corrigé Harmonisé National – Épreuve de Chinois – BEPC 2025 Cameroun,https://epreuvesetcorriges.com/categories/cameroun/examens/bepc/39754-corrige-harmonise-national-epreuve-de-chinois-bepc-2025-cameroun,https://epreuvesetcorriges.com/categories/cameroun/examens/bepc/39754-corrige-harmonise-national-epreuve-de-chinois-bepc-2025-cameroun/download,epreuvesetcorriges
BEPC,2025,Corrigé Harmonisé National – Épreuve de Citizenship Education (Visually Impaired) – BEPC Bilingue 2025 Cameroun,https://epreuvesetcorriges.com/categories/cameroun/examens/bepc/39755-corrige-harmonise-national-epreuve-de-citizenship-education-visually-impaired-bepc-bilingue-2025-cameroun,https://epreuvesetcorriges.com/categories/cameroun/examens/bepc/39755-corrige-harmonise-national-epreuve-de-citizenship-education-visually-impaired-bepc-bilingue-2025-cameroun/download,epreuvesetcorriges
BEPC,2025,Corrigé Harmonisé National – Épreuve de Citizenship Education – BEPC Bilingue 2025 Cameroun,https://epreuvesetcorriges.com/categories/cameroun/examens/bepc/39756-corrige-harmonise-national-epreuve-de-citizenship-education-bepc-bilingue-2025-cameroun,https://epreuvesetcorriges.com/categories/cameroun/examens/bepc/39756-corrige-harmonise-national-epreuve-de-citizenship-education-bepc-bilingue-2025-cameroun/download,epreuvesetcorriges
BEPC,2025,Corrigé Harmonisé National – Épreuve de Correction Orthographique (Malentendants) – BEPC 2025 Cameroun,https://epreuvesetcorriges.com/categories/cameroun/examens/bepc/39757-corrige-harmonise-national-epreuve-de-correction-orthographique-malentendants-bepc-2025-cameroun,https://epreuvesetcorriges.com/categories/cameroun/examens/bepc/39757-corrige-harmonise-national-epreuve-de-correction-orthographique-malentendants-bepc-2025-cameroun/download,epreuvesetcorriges
BEPC,2025,Corrigé Harmonisé National – Épreuve de Correction Orthographique – BEPC 2025 Cameroun,https://epreuvesetcorriges.com/categories/cameroun/examens/bepc/39758-corrige-harmonise-national-epreuve-de-correction-orthographique-bepc-2025-cameroun,https://epreuvesetcorriges.com/categories/cameroun/examens/bepc/39758-corrige-harmonise-national-epreuve-de-correction-orthographique-bepc-2025-cameroun/download,epreuvesetcorriges
BEPC,2025,Corrigé Harmonisé National – Épreuve de Dessin d’Art – BEPC 2025 Cameroun,https://epreuvesetcorriges.com/categories/cameroun/examens/bepc/39759-corrige-harmonise-national-epreuve-de-dessin-d-art-bepc-2025-cameroun,https://epreuvesetcorriges.com/categories/cameroun/examens/bepc/39759-corrige-harmonise-national-epreuve-de-dessin-d-art-bepc-2025-cameroun/download,epreuvesetcorriges
BEPC,2025,Corrigé Harmonisé National – Épreuve de Dictée (Malvoyants) – BEPC 2025 Cameroun,https://epreuvesetcorriges.com/categories/cameroun/examens/bepc/39760-corrige-harmonise-national-epreuve-de-dictee-malvoyants-bepc-2025-cameroun,https://epreuvesetcorriges.com/categories/cameroun/examens/bepc/39760-corrige-harmonise-national-epreuve-de-dictee-malvoyants-bepc-2025-cameroun/download,epreuvesetcorriges
BEPC,2025,Corrigé Harmonisé National – Épreuve de ECM – BEPC 2025 Cameroun,https://epreuvesetcorriges.com/categories/cameroun/examens/bepc/39762-corrige-harmonise-national-epreuve-de-ecm-bepc-2025-cameroun,https://epreuvesetcorriges.com/categories/cameroun/examens/bepc/39762-corrige-harmonise-national-epreuve-de-ecm-bepc-2025-cameroun/download,epreuvesetcorriges
BEPC,2025,Corrigé Harmonisé National – Épreuve de EPS (Malvoyants) – BEPC 2025 Cameroun,https://epreuvesetcorriges.com/categories/cameroun/examens/bepc/39763-corrige-harmonise-national-epreuve-de-eps-malvoyants-bepc-2025-cameroun,https://epreuvesetcorriges.com/categories/cameroun/examens/bepc/39763-corrige-harmonise-national-epreuve-de-eps-malvoyants-bepc-2025-cameroun/download,epreuvesetcorriges
BEPC,2025,Corrigé Harmonisé National – Épreuve de EPS – BEPC 2025 Cameroun,https://epreuvesetcorriges.com/categories/cameroun/examens/bepc/39764-corrige-harmonise-national-epreuve-de-eps-bepc-2025-cameroun,https://epreuvesetcorriges.com/categories/cameroun/examens/bepc/39764-corrige-harmonise-national-epreuve-de-eps-bepc-2025-cameroun/download,epreuvesetcorriges
BEPC,2025,Corrigé Harmonisé National – Épreuve d’Espagnol – BEPC 2025 Cameroun,https://epreuvesetcorriges.com/categories/cameroun/examens/bepc/39765-corrige-harmonise-national-epreuve-d-espagnol-bepc-2025-cameroun,https://epreuvesetcorriges.com/categories/cameroun/examens/bepc/39765-corrige-harmonise-national-epreuve-d-espagnol-bepc-2025-cameroun/download,epreuvesetcorriges
BEPC,2025,Corrigé Harmonisé National – Épreuve d’Étude de Texte – BEPC 2025 Cameroun,https://epreuvesetcorriges.com/categories/cameroun/examens/bepc/39766-corrige-harmonise-national-epreuve-d-etude-de-texte-bepc-2025-cameroun,https://epreuvesetcorriges.com/categories/cameroun/examens/bepc/39766-corrige-harmonise-national-epreuve-d-etude-de-texte-bepc-2025-cameroun/download,epreuvesetcorriges
BEPC,2025,Corrigé Harmonisé National – Épreuve d’Expression Écrite – BEPC 2025 Cameroun,https://epreuvesetcorriges.com/categories/cameroun/examens/bepc/39767-corrige-harmonise-national-epreuve-d-expression-ecrite-bepc-2025-cameroun,https://epreuvesetcorriges.com/categories/cameroun/examens/bepc/39767-corrige-harmonise-national-epreuve-d-expression-ecrite-bepc-2025-cameroun/download,epreuvesetcorriges
BEPC,2025,Corrigé Harmonisé National – Épreuve de Grec 2 – BEPC 2025 Cameroun,https://epreuvesetcorriges.com/categories/cameroun/examens/bepc/39768-corrige-harmonise-national-epreuve-de-grec-2-bepc-2025-cameroun,https://epreuvesetcorriges.com/categories/cameroun/examens/bepc/39768-corrige-harmonise-national-epreuve-de-grec-2-bepc-2025-cameroun/download,epreuvesetcorriges
BEPC,2025,Corrigé Harmonisé National – Épreuve d’Histoire (Non Voyants) – BEPC 2025 Cameroun,https://epreuvesetcorriges.com/categories/cameroun/examens/bepc/39769-corrige-harmonise-national-epreuve-d-histoire-non-voyants-bepc-2025-cameroun,https://epreuvesetcorriges.com/categories/cameroun/examens/bepc/39769-corrige-harmonise-national-epreuve-d-histoire-non-voyants-bepc-2025-cameroun/download,epreuvesetcorriges
BEPC,2025,Corrigé Harmonisé National – Épreuve de Grec – BEPC 2025 Cameroun,https://epreuvesetcorriges.com/categories/cameroun/examens/bepc/39770-corrige-harmonise-national-epreuve-de-grec-bepc-2025-cameroun,https://epreuvesetcorriges.com/categories/cameroun/examens/bepc/39770-corrige-harmonise-national-epreuve-de-grec-bepc-2025-cameroun/download,epreuvesetcorriges
BEPC,2025,Corrigé Harmonisé National – Épreuve d’Histoire – BEPC 2025 Cameroun,https://epreuvesetcorriges.com/categories/cameroun/examens/bepc/39771-corrige-harmonise-national-epreuve-d-histoire-bepc-2025-cameroun,https://epreuvesetcorriges.com/categories/cameroun/examens/bepc/39771-corrige-harmonise-national-epreuve-d-histoire-bepc-2025-cameroun/download,epreuvesetcorriges
BEPC,2025,Corrigé Harmonisé National – Épreuve d’Informatique – BEPC 2025 Cameroun,https://epreuvesetcorriges.com/categories/cameroun/examens/bepc/39772-corrige-harmonise-national-epreuve-d-informatique-bepc-2025-cameroun,https://epreuvesetcorriges.com/categories/cameroun/examens/bepc/39772-corrige-harmonise-national-epreuve-d-informatique-bepc-2025-cameroun/download,epreuvesetcorriges
BEPC,2025,Corrigé Harmonisé National – Épreuve de Intensive English – BEPC Bilingue 2025 Cameroun,https://epreuvesetcorriges.com/categories/cameroun/examens/bepc/39773-corrige-harmonise-national-epreuve-de-intensive-english-bepc-bilingue-2025-cameroun,https://epreuvesetcorriges.com/categories/cameroun/examens/bepc/39773-corrige-harmonise-national-epreuve-de-intensive-english-bepc-bilingue-2025-cameroun/download,epreuvesetcorriges
BEPC,2025,Corrigé Harmonisé National – Épreuve d’Italien – BEPC 2025 Cameroun,https://epreuvesetcorriges.com/categories/cameroun/examens/bepc/39774-corrige-harmonise-national-epreuve-d-italien-bepc-2025-cameroun,https://epreuvesetcorriges.com/categories/cameroun/examens/bepc/39774-corrige-harmonise-national-epreuve-d-italien-bepc-2025-cameroun/download,epreuvesetcorriges
BEPC,2025,Corrigé Harmonisé National – Épreuve de Latin – BEPC 2025 Cameroun,https://epreuvesetcorriges.com/categories/cameroun/examens/bepc/39775-corrige-harmonise-national-epreuve-de-latin-bepc-2025-cameroun,https://epreuvesetcorriges.com/categories/cameroun/examens/bepc/39775-corrige-harmonise-national-epreuve-de-latin-bepc-2025-cameroun/download,epreuvesetcorriges
BEPC,2025,Corrigé Harmonisé National – Épreuve de LCN – BEPC 2025 Cameroun,https://epreuvesetcorriges.com/categories/cameroun/examens/bepc/39776-corrige-harmonise-national-epreuve-de-lcn-bepc-2025-cameroun,https://epreuvesetcorriges.com/categories/cameroun/examens/bepc/39776-corrige-harmonise-national-epreuve-de-lcn-bepc-2025-cameroun/download,epreuvesetcorriges
BEPC,2025,Corrigé Harmonisé National – Épreuve de Manual Labor 2 (Normal Vision) – BEPC Bilingue 2025 Cameroun,https://epreuvesetcorriges.com/categories/cameroun/examens/bepc/39777-corrige-harmonise-national-epreuve-de-manual-labor-2-normal-vision-bepc-bilingue-2025-cameroun,https://epreuvesetcorriges.com/categories/cameroun/examens/bepc/39777-corrige-harmonise-national-epreuve-de-manual-labor-2-normal-vision-bepc-bilingue-2025-cameroun/download,epreuvesetcorriges
BEPC,2025,Corrigé Harmonisé National – Épreuve de Manual Labor 2 (Visually Impaired) – BEPC Bilingue 2025 Cameroun,https://epreuvesetcorriges.com/categories/cameroun/examens/bepc/39778-corrige-harmonise-national-epreuve-de-manual-labor-2-visually-impaired-bepc-bilingue-2025-cameroun,https://epreuvesetcorriges.com/categories/cameroun/examens/bepc/39778-corrige-harmonise-national-epreuve-de-manual-labor-2-visually-impaired-bepc-bilingue-2025-cameroun/download,epreuvesetcorriges
BEPC,2025,Corrigé Harmonisé National – Épreuve de Manual Labor (Normal Vision) – BEPC Bilingue 2025 Cameroun,https://epreuvesetcorriges.com/categories/cameroun/examens/bepc/39779-corrige-harmonise-national-epreuve-de-manual-labor-normal-vision-bepc-bilingue-2025-cameroun,https://epreuvesetcorriges.com/categories/cameroun/examens/bepc/39779-corrige-harmonise-national-epreuve-de-manual-labor-normal-vision-bepc-bilingue-2025-cameroun/download,epreuvesetcorriges
BEPC,2025,Corrigé Harmonisé National – Épreuve de Manual Labor (Visually Impaired) – BEPC Bilingue 2025 Cameroun,https://epreuvesetcorriges.com/categories/cameroun/examens/bepc/39780-corrige-harmonise-national-epreuve-de-manual-labor-visually-impaired-bepc-bilingue-2025-cameroun,https://epreuvesetcorriges.com/categories/cameroun/examens/bepc/39780-corrige-harmonise-national-epreuve-de-manual-labor-visually-impaired-bepc-bilingue-2025-cameroun/download,epreuvesetcorriges
BEPC,2025,Corrigé Harmonisé National – Épreuve de Mathématiques (Non Voyants) – BEPC 2025 Cameroun,https://epreuvesetcorriges.com/categories/cameroun/examens/bepc/39781-corrige-harmonise-national-epreuve-de-mathematiques-non-voyants-bepc-2025-cameroun,https://epreuvesetcorriges.com/categories/cameroun/examens/bepc/39781-corrige-harmonise-national-epreuve-de-mathematiques-non-voyants-bepc-2025-cameroun/download,epreuvesetcorriges
BEPC,2025,Corrigé Harmonisé National – Épreuve de Mathématiques – BEPC 2025 Cameroun,https://epreuvesetcorriges.com/categories/cameroun/examens/bepc/39782-corrige-harmonise-national-epreuve-de-mathematiques-bepc-2025-cameroun,https://epreuvesetcorriges.com/categories/cameroun/examens/bepc/39782-corrige-harmonise-national-epreuve-de-mathematiques-bepc-2025-cameroun/download,epreuvesetcorriges
BEPC,2025,Corrigé Harmonisé National – Épreuve de Physique-Chimie-Technologie (Malvoyants) – BEPC 2025 Cameroun,https://epreuvesetcorriges.com/categories/cameroun/examens/bepc/39783-corrige-harmonise-national-epreuve-de-physique-chimie-technologie-malvoyants-bepc-2025-cameroun,https://epreuvesetcorriges.com/categories/cameroun/examens/bepc/39783-corrige-harmonise-national-epreuve-de-physique-chimie-technologie-malvoyants-bepc-2025-cameroun/download,epreuvesetcorriges
BEPC,2025,Corrigé Harmonisé National – Épreuve de Physique-Chimie-Technologie – BEPC 2025 Cameroun,https://epreuvesetcorriges.com/categories/cameroun/examens/bepc/39784-corrige-harmonise-national-epreuve-de-physique-chimie-technologie-bepc-2025-cameroun,https://epreuvesetcorriges.com/categories/cameroun/examens/bepc/39784-corrige-harmonise-national-epreuve-de-physique-chimie-technologie-bepc-2025-cameroun/download,epreuvesetcorriges
BEPC,2025,Corrigé Harmonisé National – Épreuve de PES – BEPC Bilingue 2025 Cameroun,https://epreuvesetcorriges.com/categories/cameroun/examens/bepc/39785-corrige-harmonise-national-epreuve-de-pes-bepc-bilingue-2025-cameroun,https://epreuvesetcorriges.com/categories/cameroun/examens/bepc/39785-corrige-harmonise-national-epreuve-de-pes-bepc-bilingue-2025-cameroun/download,epreuvesetcorriges
BEPC,2025,Corrigé Harmonisé National – Épreuve de SVTEEHB – BEPC 2025 Cameroun,https://epreuvesetcorriges.com/categories/cameroun/examens/bepc/39786-corrige-harmonise-national-epreuve-de-svteehb-bepc-2025-cameroun,https://epreuvesetcorriges.com/categories/cameroun/examens/bepc/39786-corrige-harmonise-national-epreuve-de-svteehb-bepc-2025-cameroun/download,epreuvesetcorriges
BEPC,2025,Corrigé Harmonisé National – Épreuve Facultative de Grec – BEPC 2025 Cameroun,https://epreuvesetcorriges.com/categories/cameroun/examens/bepc/39787-corrige-harmonise-national-epreuve-facultative-de-grec-bepc-2025-cameroun,https://epreuvesetcorriges.com/categories/cameroun/examens/bepc/39787-corrige-harmonise-national-epreuve-facultative-de-grec-bepc-2025-cameroun/download,epreuvesetcorriges
BEPC,2025,Corrigé Harmonisé National – Épreuve Facultative de Latin – BEPC 2025 Cameroun,https://epreuvesetcorriges.com/categories/cameroun/examens/bepc/39788-corrige-harmonise-national-epreuve-facultative-de-latin-bepc-2025-cameroun,https://epreuvesetcorriges.com/categories/cameroun/examens/bepc/39788-corrige-harmonise-national-epreuve-facultative-de-latin-bepc-2025-cameroun/download,epreuvesetcorriges
BEPC,2025,Corrigé Harmonisé National – Épreuve Facultative de Musique – BEPC 2025 Cameroun,https://epreuvesetcorriges.com/categories/cameroun/examens/bepc/39789-corrige-harmonise-national-epreuve-facultative-de-musique-bepc-2025-cameroun,https://epreuvesetcorriges.com/categories/cameroun/examens/bepc/39789-corrige-harmonise-national-epreuve-facultative-de-musique-bepc-2025-cameroun/download,epreuvesetcorriges
BEPC,2025,Epreuve et Corrigé du BEPC 2025 SVTEEHB Cameroun,https://epreuvesetcorriges.com/categories/cameroun/examens/bepc/39876-epreuve-et-corrige-du-bepc-2025-svteehb-cameroun,https://epreuvesetcorriges.com/categories/cameroun/examens/bepc/39876-epreuve-et-corrige-du-bepc-2025-svteehb-cameroun/download,epreuvesetcorriges
BEPC,2025,Epreuve et Corrigé du BEPC 2025 Informatique Cameroun,https://epreuvesetcorriges.com/categories/cameroun/examens/bepc/39877-epreuve-et-corrige-du-bepc-2025-informatique-cameroun,https://epreuvesetcorriges.com/categories/cameroun/examens/bepc/39877-epreuve-et-corrige-du-bepc-2025-informatique-cameroun/download,epreuvesetcorriges
BEPC,2025,Epreuve et Corrigé du BEPC 2025 Histoire Cameroun,https://epreuvesetcorriges.com/categories/cameroun/examens/bepc/39878-epreuve-et-corrige-du-bepc-2025-histoire-cameroun,https://epreuvesetcorriges.com/categories/cameroun/examens/bepc/39878-epreuve-et-corrige-du-bepc-2025-histoire-cameroun/download,epreuvesetcorriges
BEPC,2014,"Épreuve d'Anglais, BEPC, année 2014, Cameroun",https://epreuvesetcorriges.com/categories/cameroun/examens/bepc/95-epreuve-d-anglais-bepc-annee-2014-cameroun,https://epreuvesetcorriges.com/categories/cameroun/examens/bepc/95-epreuve-d-anglais-bepc-annee-2014-cameroun/download,epreuvesetcorriges
BEPC,2021,BEPC 2021 CORRIGÉ HARMONISÉ NATIONAL D’ORTHOGRAPHE CAMEROUN,https://epreuvesetcorriges.com/categories/cameroun/examens/bepc/3105-bepc-2021-corrige-harmonise-national-d-orthographe-cameroun,https://epreuvesetcorriges.com/categories/cameroun/examens/bepc/3105-bepc-2021-corrige-harmonise-national-d-orthographe-cameroun/download,epreuvesetcorriges
BEPC,2022,ÉPREUVE BEPC 2022 ECM CAMEROUN,https://epreuvesetcorriges.com/categories/cameroun/examens/bepc/13556-epreuve-bepc-2022-ecm-cameroun,https://epreuvesetcorriges.com/categories/cameroun/examens/bepc/13556-epreuve-bepc-2022-ecm-cameroun/download,epreuvesetcorriges
BEPC,2023,CORRECTION ORTHOGRAPHIQUE-BEPC SESSION 2023,https://epreuvesetcorriges.com/categories/cameroun/examens/bepc/31748-correction-orthographique-bepc-session-2023,https://epreuvesetcorriges.com/categories/cameroun/examens/bepc/31748-correction-orthographique-bepc-session-2023/download,epreuvesetcorriges
BEPC,2015,"Épreuve d'Anglais, BEPC, année 2015, Cameroun",https://epreuvesetcorriges.com/categories/cameroun/examens/bepc/96-epreuve-d-anglais-bepc-annee-2015-cameroun,https://epreuvesetcorriges.com/categories/cameroun/examens/bepc/96-epreuve-d-anglais-bepc-annee-2015-cameroun/download,epreuvesetcorriges
BEPC,2021,BEPC 2021 CORRIGÉ HARMONISÉ NATIONAL DE GÉOGRAPHIE CAMEROUN,https://epreuvesetcorriges.com/categories/cameroun/examens/bepc/3106-bepc-2021-corrige-harmonise-national-de-geographie-cameroun,https://epreuvesetcorriges.com/categories/cameroun/examens/bepc/3106-bepc-2021-corrige-harmonise-national-de-geographie-cameroun/download,epreuvesetcorriges
BEPC,2022,ÉPREUVE BEPC 2022 GÉOGRAPHIE CAMEROUN,https://epreuvesetcorriges.com/categories/cameroun/examens/bepc/13557-epreuve-bepc-2022-geographie-cameroun,https://epreuvesetcorriges.com/categories/cameroun/examens/bepc/13557-epreuve-bepc-2022-geographie-cameroun/download,epreuvesetcorriges
BEPC,2023,EPREUVE BEPC 2023 ECM CAMEROUN,https://epreuvesetcorriges.com/categories/cameroun/examens/bepc/31749-epreuve-bepc-2023-ecm-cameroun-2,https://epreuvesetcorriges.com/categories/cameroun/examens/bepc/31749-epreuve-bepc-2023-ecm-cameroun-2/download,epreuvesetcorriges
BEPC,2016,"Épreuve d'Anglais, BEPC, année 2016, Cameroun",https://epreuvesetcorriges.com/categories/cameroun/examens/bepc/97-epreuve-d-anglais-bepc-annee-2016-cameroun,https://epreuvesetcorriges.com/categories/cameroun/examens/bepc/97-epreuve-d-anglais-bepc-annee-2016-cameroun/download,epreuvesetcorriges
BEPC,2021,BEPC 2021 CORRIGÉ HARMONISÉ NATIONAL DE L’ÉPREUVE D’ÉDUCATION À LA CITOYENNETÉ CAMEROUN,https://epreuvesetcorriges.com/categories/cameroun/examens/bepc/3107-bepc-2021-corrige-harmonise-national-de-l-epreuve-d-education-a-la-citoyennete-cameroun,https://epreuvesetcorriges.com/categories/cameroun/examens/bepc/3107-bepc-2021-corrige-harmonise-national-de-l-epreuve-d-education-a-la-citoyennete-cameroun/download,epreuvesetcorriges
BEPC,2023,EPREUVE BEPC 2023 EPS CAMEROUN,https://epreuvesetcorriges.com/categories/cameroun/examens/bepc/31750-epreuve-bepc-2023-eps-cameroun,https://epreuvesetcorriges.com/categories/cameroun/examens/bepc/31750-epreuve-bepc-2023-eps-cameroun/download,epreuvesetcorriges
BEPC,2014,"Épreuve de Composition française, BEPC, année 2014, Cameroun",https://epreuvesetcorriges.com/categories/cameroun/examens/bepc/98-epreuve-de-composition-francaise-bepc-annee-2014-cameroun,https://epreuvesetcorriges.com/categories/cameroun/examens/bepc/98-epreuve-de-composition-francaise-bepc-annee-2014-cameroun/download,epreuvesetcorriges
BEPC,2021,BEPC 2021 CORRIGÉ HARMONISÉ NATIONAL DE MATHÉMATIQUES CAMEROUN,https://epreuvesetcorriges.com/categories/cameroun/examens/bepc/3108-bepc-2021-corrige-harmonise-national-de-mathematiques-cameroun,https://epreuvesetcorriges.com/categories/cameroun/examens/bepc/3108-bepc-2021-corrige-harmonise-national-de-mathematiques-cameroun/download,epreuvesetcorriges
BEPC,2022,ÉPREUVE BEPC 2022 PCT CAMEROUN,https://epreuvesetcorriges.com/categories/cameroun/examens/bepc/13559-epreuve-bepc-2022-pct-cameroun,https://epreuvesetcorriges.com/categories/cameroun/examens/bepc/13559-epreuve-bepc-2022-pct-cameroun/download,epreuvesetcorriges
BEPC,2023,EPREUVE BEPC 2023 ESPAGNOL CAMEROUN,https://epreuvesetcorriges.com/categories/cameroun/examens/bepc/31751-epreuve-bepc-2023-espagnol-cameroun-2,https://epreuvesetcorriges.com/categories/cameroun/examens/bepc/31751-epreuve-bepc-2023-espagnol-cameroun-2/download,epreuvesetcorriges
BEPC,2021,BEPC 2021 CORRIGÉ HARMONISÉ NATIONAL DE PCT CAMEROUN,https://epreuvesetcorriges.com/categories/cameroun/examens/bepc/3109-bepc-2021-corrige-harmonise-national-de-pct-cameroun,https://epreuvesetcorriges.com/categories/cameroun/examens/bepc/3109-bepc-2021-corrige-harmonise-national-de-pct-cameroun/download,epreuvesetcorriges
BEPC,2022,EPREUVE BEPC 2022 SVTEEHB CAMEROUN,https://epreuvesetcorriges.com/categories/cameroun/examens/bepc/13560-epreuve-bepc-2022-svteehb-cameroun,https://epreuvesetcorriges.com/categories/cameroun/examens/bepc/13560-epreuve-bepc-2022-svteehb-cameroun/download,epreuvesetcorriges
BEPC,2023,EPREUVE BEPC 2023 ETUDE DE TEXTE CAMEROUN,https://epreuvesetcorriges.com/categories/cameroun/examens/bepc/31752-epreuve-bepc-2023-etude-de-texte-cameroun,https://epreuvesetcorriges.com/categories/cameroun/examens/bepc/31752-epreuve-bepc-2023-etude-de-texte-cameroun/download,epreuvesetcorriges
BEPC,2017,"Épreuve de Composition française, BEPC, année 2017, Cameroun",https://epreuvesetcorriges.com/categories/cameroun/examens/bepc/100-epreuve-de-composition-francaise-bepc-annee-2017-cameroun,https://epreuvesetcorriges.com/categories/cameroun/examens/bepc/100-epreuve-de-composition-francaise-bepc-annee-2017-cameroun/download,epreuvesetcorriges
BEPC,2021,BEPC 2021 CORRIGÉ HARMONISÉ NATIONAL DE SVTEEHB CAMEROUN,https://epreuvesetcorriges.com/categories/cameroun/examens/bepc/3110-bepc-2021-corrige-harmonise-national-de-svteehb-cameroun,https://epreuvesetcorriges.com/categories/cameroun/examens/bepc/3110-bepc-2021-corrige-harmonise-national-de-svteehb-cameroun/download,epreuvesetcorriges
BEPC,2022,CORRIGÉ HARMONISÉ NATIONAL - BEPC SESSION 2022  EPS CAMEROUN,https://epreuvesetcorriges.com/categories/cameroun/examens/bepc/27124-corrige-harmonise-national-bepc-session-2022-eps-cameroun,https://epreuvesetcorriges.com/categories/cameroun/examens/bepc/27124-corrige-harmonise-national-bepc-session-2022-eps-cameroun/download,epreuvesetcorriges
BEPC,2023,EPREUVE BEPC 2023 EXPRESSION ECRITE CAMEROUN,https://epreuvesetcorriges.com/categories/cameroun/examens/bepc/31753-epreuve-bepc-2023-expression-ecrite-cameroun-2,https://epreuvesetcorriges.com/categories/cameroun/examens/bepc/31753-epreuve-bepc-2023-expression-ecrite-cameroun-2/download,epreuvesetcorriges
BEPC,2014,"Épreuve de Etude de texte, BEPC, année 2014, Cameroun",https://epreuvesetcorriges.com/categories/cameroun/examens/bepc/101-epreuve-de-etude-de-texte-bepc-annee-2014-cameroun,https://epreuvesetcorriges.com/categories/cameroun/examens/bepc/101-epreuve-de-etude-de-texte-bepc-annee-2014-cameroun/download,epreuvesetcorriges
BEPC,2021,BEPC 2021 CORRIGÉ HARMONISÉ NATIONAL EXPRESSION ÉCRITE CAMEROUN,https://epreuvesetcorriges.com/categories/cameroun/examens/bepc/3111-bepc-2021-corrige-harmonise-national-expression-ecrite-cameroun,https://epreuvesetcorriges.com/categories/cameroun/examens/bepc/3111-bepc-2021-corrige-harmonise-national-expression-ecrite-cameroun/download,epreuvesetcorriges
BEPC,2022,CORRIGÉ HARMONISÉ NATIONAL - BEPC SESSION 2022 ALLEMAND CAMEROUN,https://epreuvesetcorriges.com/categories/cameroun/examens/bepc/27125-corrige-harmonise-national-bepc-session-2022-allemand-cameroun,https://epreuvesetcorriges.com/categories/cameroun/examens/bepc/27125-corrige-harmonise-national-bepc-session-2022-allemand-cameroun/download,epreuvesetcorriges
BEPC,2023,EPREUVE BEPC 2023 GEOGRAPHIE CAMEROUN,https://epreuvesetcorriges.com/categories/cameroun/examens/bepc/31754-fepreuve-bepc-2023-geographie-cameroun,https://epreuvesetcorriges.com/categories/cameroun/examens/bepc/31754-fepreuve-bepc-2023-geographie-cameroun/download,epreuvesetcorriges
BEPC,2015,"Épreuve de Etude de texte, BEPC, année 2015, Cameroun",https://epreuvesetcorriges.com/categories/cameroun/examens/bepc/102-epreuve-de-etude-de-texte-bepc-annee-2015-cameroun,https://epreuvesetcorriges.com/categories/cameroun/examens/bepc/102-epreuve-de-etude-de-texte-bepc-annee-2015-cameroun/download,epreuvesetcorriges
BEPC,2021,BEPC 2021 DICTÉE-ÉPREUVE ZÉRO CAMEROUN,https://epreuvesetcorriges.com/categories/cameroun/examens/bepc/3112-bepc-2021-dictee-epreuve-zero-cameroun,https://epreuvesetcorriges.com/categories/cameroun/examens/bepc/3112-bepc-2021-dictee-epreuve-zero-cameroun/download,epreuvesetcorriges
BEPC,2022,CORRIGÉ HARMONISÉ NATIONAL - BEPC SESSION 2022 ANGLAIS CAMEROUN,https://epreuvesetcorriges.com/categories/cameroun/examens/bepc/27126-corrige-harmonise-national-bepc-session-2022-anglais-cameroun,https://epreuvesetcorriges.com/categories/cameroun/examens/bepc/27126-corrige-harmonise-national-bepc-session-2022-anglais-cameroun/download,epreuvesetcorriges
BEPC,2023,EPREUVE BEPC 2023 INFORMATIQUE CAMEROUN,https://epreuvesetcorriges.com/categories/cameroun/examens/bepc/31755-epreuve-bepc-2023-informatique-cameroun,https://epreuvesetcorriges.com/categories/cameroun/examens/bepc/31755-epreuve-bepc-2023-informatique-cameroun/download,epreuvesetcorriges
BEPC,2017,"Épreuve de Etude de texte, BEPC, année 2017, Cameroun",https://epreuvesetcorriges.com/categories/cameroun/examens/bepc/103-epreuve-de-etude-de-texte-bepc-annee-2017-cameroun,https://epreuvesetcorriges.com/categories/cameroun/examens/bepc/103-epreuve-de-etude-de-texte-bepc-annee-2017-cameroun/download,epreuvesetcorriges
BEPC,2021,BEPC 2021 ECM-ÉPREUVE ZÉRO CAMEROUN,https://epreuvesetcorriges.com/categories/cameroun/examens/bepc/3113-bepc-2021-ecm-epreuve-zero-cameroun,https://epreuvesetcorriges.com/categories/cameroun/examens/bepc/3113-bepc-2021-ecm-epreuve-zero-cameroun/download,epreuvesetcorriges
BEPC,2022,CORRIGÉ HARMONISÉ NATIONAL - BEPC SESSION 2022 CHINOIS CAMEROUN,https://epreuvesetcorriges.com/categories/cameroun/examens/bepc/27127-corrige-harmonise-national-bepc-session-2022-chinois-cameroun,https://epreuvesetcorriges.com/categories/cameroun/examens/bepc/27127-corrige-harmonise-national-bepc-session-2022-chinois-cameroun/download,epreuvesetcorriges
BEPC,2023,EPREUVE BEPC 2023 LANGUES ET CULTURES NATIONALES CAMEROUN,https://epreuvesetcorriges.com/categories/cameroun/examens/bepc/31756-epreuve-bepc-2023-langues-et-cultures-nationales-cameroun,https://epreuvesetcorriges.com/categories/cameroun/examens/bepc/31756-epreuve-bepc-2023-langues-et-cultures-nationales-cameroun/download,epreuvesetcorriges
BEPC,2017,"Épreuve de Mathématiques, BEPC, année 2017, Cameroun",https://epreuvesetcorriges.com/categories/cameroun/examens/bepc/104-epreuve-de-mathematiques-bepc-annee-2017-cameroun,https://epreuvesetcorriges.com/categories/cameroun/examens/bepc/104-epreuve-de-mathematiques-bepc-annee-2017-cameroun/download,epreuvesetcorriges
BEPC,2021,ÉPREUVE BEPC 2021  FACULTATIVE DE DESSIN CAMEROUN,https://epreuvesetcorriges.com/categories/cameroun/examens/bepc/3114-epreuve-bepc-2021-facultative-de-dessin-cameroun,https://epreuvesetcorriges.com/categories/cameroun/examens/bepc/3114-epreuve-bepc-2021-facultative-de-dessin-cameroun/download,epreuvesetcorriges
BEPC,2022,CORRIGÉ HARMONISÉ NATIONAL - BEPC SESSION 2022 CORRECTION ORTHOGRAPHIQUE CAMEROUN,https://epreuvesetcorriges.com/categories/cameroun/examens/bepc/27128-corrige-harmonise-national-bepc-session-2022-correction-orthographique-cameroun,https://epreuvesetcorriges.com/categories/cameroun/examens/bepc/27128-corrige-harmonise-national-bepc-session-2022-correction-orthographique-cameroun/download,epreuvesetcorriges
BEPC,2023,EPREUVE BEPC 2023 PCT CAMEROUN,https://epreuvesetcorriges.com/categories/cameroun/examens/bepc/31757-epreuve-bepc-2023-pct-cameroun-2,https://epreuvesetcorriges.com/categories/cameroun/examens/bepc/31757-epreuve-bepc-2023-pct-cameroun-2/download,epreuvesetcorriges
BEPC,2016,"Épreuve de Physique-Chimie, BEPC, année 2016, Cameroun",https://epreuvesetcorriges.com/categories/cameroun/examens/bepc/105-epreuve-de-physique-chimie-bepc-annee-2016-cameroun,https://epreuvesetcorriges.com/categories/cameroun/examens/bepc/105-epreuve-de-physique-chimie-bepc-annee-2016-cameroun/download,epreuvesetcorriges
BEPC,2021,ÉPREUVE BEPC 2021 ALLEMAND CAMEROUN,https://epreuvesetcorriges.com/categories/cameroun/examens/bepc/3115-epreuve-bepc-2021-allemand-cameroun,https://epreuvesetcorriges.com/categories/cameroun/examens/bepc/3115-epreuve-bepc-2021-allemand-cameroun/download,epreuvesetcorriges
BEPC,2022,CORRIGÉ HARMONISÉ NATIONAL - BEPC SESSION 2022 ECM CAMEROUN,https://epreuvesetcorriges.com/categories/cameroun/examens/bepc/27129-corrige-harmonise-national-bepc-session-2022-ecm-cameroun,https://epreuvesetcorriges.com/categories/cameroun/examens/bepc/27129-corrige-harmonise-national-bepc-session-2022-ecm-cameroun/download,epreuvesetcorriges
BEPC,2023,EPREUVE BEPC 2023 SVTEEHB CAMEROUN,https://epreuvesetcorriges.com/categories/cameroun/examens/bepc/31758-epreuve-bepc-2023-svteehb-cameroun-2,https://epreuvesetcorriges.com/categories/cameroun/examens/bepc/31758-epreuve-bepc-2023-svteehb-cameroun-2/download,epreuvesetcorriges
BEPC,2014,"Épreuve de Sciences de la Vie et de la Terre, BEPC, Épreuve 1, année 2014, Cameroun",https://epreuvesetcorriges.com/categories/cameroun/examens/bepc/106-epreuve-de-sciences-de-la-vie-et-de-la-terre-bepc-epreuve-1-annee-2014-cameroun,https://epreuvesetcorriges.com/categories/cameroun/examens/bepc/106-epreuve-de-sciences-de-la-vie-et-de-la-terre-bepc-epreuve-1-annee-2014-cameroun/download,epreuvesetcorriges
BEPC,2021,ÉPREUVE BEPC 2021 CORRECTION ORTHOGRAPHIQUE CAMEROUN,https://epreuvesetcorriges.com/categories/cameroun/examens/bepc/3116-epreuve-bepc-2021-correction-orthographique-cameroun,https://epreuvesetcorriges.com/categories/cameroun/examens/bepc/3116-epreuve-bepc-2021-correction-orthographique-cameroun/download,epreuvesetcorriges
BEPC,2022,CORRIGÉ HARMONISÉ NATIONAL - BEPC SESSION 2022 EPS MAL VOYANTS CAMEROUN,https://epreuvesetcorriges.com/categories/cameroun/examens/bepc/27130-corrige-harmonise-national-bepc-session-2022-eps-mal-voyants-cameroun,https://epreuvesetcorriges.com/categories/cameroun/examens/bepc/27130-corrige-harmonise-national-bepc-session-2022-eps-mal-voyants-cameroun/download,epreuvesetcorriges
BEPC,2023,EPREUVE FACULTATIVE DE DESSIN D’ART-BEPC SESSION 2023,https://epreuvesetcorriges.com/categories/cameroun/examens/bepc/31759-epreuve-facultative-de-dessin-d-art-bepc-session-2023,https://epreuvesetcorriges.com/categories/cameroun/examens/bepc/31759-epreuve-facultative-de-dessin-d-art-bepc-session-2023/download,epreuvesetcorriges
BEPC,2015,"Épreuve de Sciences de la Vie et de la Terre, BEPC, Épreuve 1, année 2015, Cameroun",https://epreuvesetcorriges.com/categories/cameroun/examens/bepc/107-epreuve-de-sciences-de-la-vie-et-de-la-terre-bepc-epreuve-1-annee-2015-cameroun,https://epreuvesetcorriges.com/categories/cameroun/examens/bepc/107-epreuve-de-sciences-de-la-vie-et-de-la-terre-bepc-epreuve-1-annee-2015-cameroun/download,epreuvesetcorriges
BEPC,2021,ÉPREUVE BEPC 2021 ECM CAMEROUN,https://epreuvesetcorriges.com/categories/cameroun/examens/bepc/3117-epreuve-bepc-2021-ecm-cameroun,https://epreuvesetcorriges.com/categories/cameroun/examens/bepc/3117-epreuve-bepc-2021-ecm-cameroun/download,epreuvesetcorriges
BEPC,2022,CORRIGÉ HARMONISÉ NATIONAL - BEPC SESSION 2022 ESPAGNOL CAMEROUN,https://epreuvesetcorriges.com/categories/cameroun/examens/bepc/27131-corrige-harmonise-national-bepc-session-2022-espagnol-cameroun,https://epreuvesetcorriges.com/categories/cameroun/examens/bepc/27131-corrige-harmonise-national-bepc-session-2022-espagnol-cameroun/download,epreuvesetcorriges
BEPC,2023,CORRIGÉ HARMONISÉ BEPC 2023 CORRECTION ORTHOGRAPHIQUE CAMEROUN,https://epreuvesetcorriges.com/categories/cameroun/examens/bepc/31809-corrige-harmonise-bepc-2023-correction-orthographique-cameroun,https://epreuvesetcorriges.com/categories/cameroun/examens/bepc/31809-corrige-harmonise-bepc-2023-correction-orthographique-cameroun/download,epreuvesetcorriges
BEPC,2016,"Épreuve de Sciences de la Vie et de la Terre, BEPC, Épreuve 1, année 2016, Cameroun",https://epreuvesetcorriges.com/categories/cameroun/examens/bepc/108-epreuve-de-sciences-de-la-vie-et-de-la-terre-bepc-epreuve-1-annee-2016-cameroun,https://epreuvesetcorriges.com/categories/cameroun/examens/bepc/108-epreuve-de-sciences-de-la-vie-et-de-la-terre-bepc-epreuve-1-annee-2016-cameroun/download,epreuvesetcorriges
BEPC,2021,ÉPREUVE BEPC 2021 ESPAGNOL L V II CAMEROUN,https://epreuvesetcorriges.com/categories/cameroun/examens/bepc/3118-epreuve-bepc-2021-espagnol-l-v-ii-cameroun,https://epreuvesetcorriges.com/categories/cameroun/examens/bepc/3118-epreuve-bepc-2021-espagnol-l-v-ii-cameroun/download,epreuvesetcorriges
BEPC,2022,CORRIGÉ HARMONISÉ NATIONAL - BEPC SESSION 2022 ETUDE DE TEXTE CAMEROUN,https://epreuvesetcorriges.com/categories/cameroun/examens/bepc/27132-corrige-harmonise-national-bepc-session-2022-etude-de-texte-cameroun,https://epreuvesetcorriges.com/categories/cameroun/examens/bepc/27132-corrige-harmonise-national-bepc-session-2022-etude-de-texte-cameroun/download,epreuvesetcorriges
BEPC,2023,CORRIGÉ HARMONISÉ BEPC 2023 ETUDE DE TEXTE CAMEROUN,https://epreuvesetcorriges.com/categories/cameroun/examens/bepc/31810-corrige-harmonise-bepc-2023-etude-de-texte-cameroun,https://epreuvesetcorriges.com/categories/cameroun/examens/bepc/31810-corrige-harmonise-bepc-2023-etude-de-texte-cameroun/download,epreuvesetcorriges
BEPC,2014,"Épreuve de Sciences de la Vie et de la Terre, BEPC, Épreuve 2, année 2014, Cameroun",https://epreuvesetcorriges.com/categories/cameroun/examens/bepc/109-epreuve-de-sciences-de-la-vie-et-de-la-terre-bepc-epreuve-2-annee-2014-cameroun,https://epreuvesetcorriges.com/categories/cameroun/examens/bepc/109-epreuve-de-sciences-de-la-vie-et-de-la-terre-bepc-epreuve-2-annee-2014-cameroun/download,epreuvesetcorriges
BEPC,2021,ÉPREUVE BEPC 2021 ÉTUDE DE TEXTE CAMEROUN,https://epreuvesetcorriges.com/categories/cameroun/examens/bepc/3119-epreuve-bepc-2021-etude-de-texte-cameroun,https://epreuvesetcorriges.com/categories/cameroun/examens/bepc/3119-epreuve-bepc-2021-etude-de-texte-cameroun/download,epreuvesetcorriges
BEPC,2022,CORRIGÉ HARMONISÉ NATIONAL - BEPC SESSION 2022 HISTOIRE CAMEROUN,https://epreuvesetcorriges.com/categories/cameroun/examens/bepc/27133-corrige-harmonise-national-bepc-session-2022-histoire-cameroun,https://epreuvesetcorriges.com/categories/cameroun/examens/bepc/27133-corrige-harmonise-national-bepc-session-2022-histoire-cameroun/download,epreuvesetcorriges
BEPC,2023,CORRIGÉ HARMONISÉ BEPC 2023 EXPRESSION ECRITE CAMEROUN,https://epreuvesetcorriges.com/categories/cameroun/examens/bepc/31811-corrige-harmonise-bepc-2023-expression-ecrite-cameroun,https://epreuvesetcorriges.com/categories/cameroun/examens/bepc/31811-corrige-harmonise-bepc-2023-expression-ecrite-cameroun/download,epreuvesetcorriges
BEPC,2015,"Épreuve de Sciences de la Vie et de la Terre, BEPC, Épreuve 2, année 2015, Cameroun",https://epreuvesetcorriges.com/categories/cameroun/examens/bepc/110-epreuve-de-sciences-de-la-vie-et-de-la-terre-bepc-epreuve-2-annee-2015-cameroun,https://epreuvesetcorriges.com/categories/cameroun/examens/bepc/110-epreuve-de-sciences-de-la-vie-et-de-la-terre-bepc-epreuve-2-annee-2015-cameroun/download,epreuvesetcorriges
BEPC,2021,ÉPREUVE BEPC 2021 ÉTUDE DE TEXTE -EPREUVE ZERO CAMEROUN,https://epreuvesetcorriges.com/categories/cameroun/examens/bepc/3120-epreuve-bepc-2021-etude-de-texte-epreuve-zero-cameroun,https://epreuvesetcorriges.com/categories/cameroun/examens/bepc/3120-epreuve-bepc-2021-etude-de-texte-epreuve-zero-cameroun/download,epreuvesetcorriges
BEPC,2022,CORRIGÉ HARMONISÉ NATIONAL - BEPC SESSION 2022 INFORMATIQUE CAMEROUN,https://epreuvesetcorriges.com/categories/cameroun/examens/bepc/27134-corrige-harmonise-national-bepc-session-2022-informatique-cameroun,https://epreuvesetcorriges.com/categories/cameroun/examens/bepc/27134-corrige-harmonise-national-bepc-session-2022-informatique-cameroun/download,epreuvesetcorriges
BEPC,2023,CORRIGÉ HARMONISÉ BEPC 2023 MATHEMATIQUES CAMEROUN,https://epreuvesetcorriges.com/categories/cameroun/examens/bepc/31812-corrige-harmonise-bepc-2023-mathematiques-cameroun,https://epreuvesetcorriges.com/categories/cameroun/examens/bepc/31812-corrige-harmonise-bepc-2023-mathematiques-cameroun/download,epreuvesetcorriges
BEPC,2016,"Épreuve de Sciences de la Vie et de la Terre, BEPC, Épreuve 2, année 2016, Cameroun",https://epreuvesetcorriges.com/categories/cameroun/examens/bepc/111-epreuve-de-sciences-de-la-vie-et-de-la-terre-bepc-epreuve-2-annee-2016-cameroun,https://epreuvesetcorriges.com/categories/cameroun/examens/bepc/111-epreuve-de-sciences-de-la-vie-et-de-la-terre-bepc-epreuve-2-annee-2016-cameroun/download,epreuvesetcorriges
BEPC,2021,ÉPREUVE BEPC 2021 EXPRESSION ÉCRITE CAMEROUN,https://epreuvesetcorriges.com/categories/cameroun/examens/bepc/3121-epreuve-bepc-2021-expression-ecrite-cameroun,https://epreuvesetcorriges.com/categories/cameroun/examens/bepc/3121-epreuve-bepc-2021-expression-ecrite-cameroun/download,epreuvesetcorriges
BEPC,2022,CORRIGÉ HARMONISÉ NATIONAL - BEPC SESSION 2022 ITALIEN CAMEROUN,https://epreuvesetcorriges.com/categories/cameroun/examens/bepc/27135-corrige-harmonise-national-bepc-session-2022-italien-cameroun,https://epreuvesetcorriges.com/categories/cameroun/examens/bepc/27135-corrige-harmonise-national-bepc-session-2022-italien-cameroun/download,epreuvesetcorriges
BEPC,2014,"Épreuve d'Orthographe, BEPC, année 2014, Cameroun",https://epreuvesetcorriges.com/categories/cameroun/examens/bepc/112-epreuve-d-orthographe-bepc-annee-2014-cameroun,https://epreuvesetcorriges.com/categories/cameroun/examens/bepc/112-epreuve-d-orthographe-bepc-annee-2014-cameroun/download,epreuvesetcorriges
BEPC,2021,ÉPREUVE BEPC 2021 EXPRESSION ÉCRITE EPREUVE ZERO CAMEROUN,https://epreuvesetcorriges.com/categories/cameroun/examens/bepc/3122-epreuve-bepc-2021-expression-ecrite-epreuve-zero-cameroun,https://epreuvesetcorriges.com/categories/cameroun/examens/bepc/3122-epreuve-bepc-2021-expression-ecrite-epreuve-zero-cameroun/download,epreuvesetcorriges
BEPC,2022,CORRIGÉ HARMONISÉ NATIONAL - BEPC SESSION 2022 MATHEMATIQUES CAMEROUN,https://epreuvesetcorriges.com/categories/cameroun/examens/bepc/27136-corrige-harmonise-national-bepc-session-2022-mathematiques-cameroun,https://epreuvesetcorriges.com/categories/cameroun/examens/bepc/27136-corrige-harmonise-national-bepc-session-2022-mathematiques-cameroun/download,epreuvesetcorriges
BEPC,2015,"Épreuve d'Orthographe, BEPC, année 2015, Cameroun",https://epreuvesetcorriges.com/categories/cameroun/examens/bepc/113-epreuve-d-orthographe-bepc-annee-2015-cameroun,https://epreuvesetcorriges.com/categories/cameroun/examens/bepc/113-epreuve-d-orthographe-bepc-annee-2015-cameroun/download,epreuvesetcorriges
BEPC,2022,CORRIGÉ HARMONISÉ NATIONAL - BEPC SESSION 2022 PCT MAL VOYANT CAMEROUN,https://epreuvesetcorriges.com/categories/cameroun/examens/bepc/27137-corrige-harmonise-national-bepc-session-2022-pct-mal-voyant-cameroun,https://epreuvesetcorriges.com/categories/cameroun/examens/bepc/27137-corrige-harmonise-national-bepc-session-2022-pct-mal-voyant-cameroun/download,epreuvesetcorriges
BEPC,2016,"Épreuve d'Orthographe, BEPC, année 2016, Cameroun",https://epreuvesetcorriges.com/categories/cameroun/examens/bepc/114-epreuve-d-orthographe-bepc-annee-2016-cameroun,https://epreuvesetcorriges.com/categories/cameroun/examens/bepc/114-epreuve-d-orthographe-bepc-annee-2016-cameroun/download,epreuvesetcorriges
BEPC,2021,ÉPREUVE BEPC 2021 GÉOGRAPHIE-EPREUVE ZERO CAMEROUN,https://epreuvesetcorriges.com/categories/cameroun/examens/bepc/3124-epreuve-bepc-2021-geographie-epreuve-zero-cameroun,https://epreuvesetcorriges.com/categories/cameroun/examens/bepc/3124-epreuve-bepc-2021-geographie-epreuve-zero-cameroun/download,epreuvesetcorriges
BEPC,2019,"EPREUVE   BEPC 2019  MATHEMATIQUES, CAMEROUN",https://epreuvesetcorriges.com/categories/cameroun/examens/bepc/1532-epreuve-bepc-2019-mathematiques-cameroun,https://epreuvesetcorriges.com/categories/cameroun/examens/bepc/1532-epreuve-bepc-2019-mathematiques-cameroun/download,epreuvesetcorriges
BEPC,2021,ÉPREUVE BEPC 2021 HISTOIRE-EPREUVE ZERO-BEPC 2021 CAMEROUN,https://epreuvesetcorriges.com/categories/cameroun/examens/bepc/3125-epreuve-bepc-2021-histoire-epreuve-zero-bepc-2021-cameroun,https://epreuvesetcorriges.com/categories/cameroun/examens/bepc/3125-epreuve-bepc-2021-histoire-epreuve-zero-bepc-2021-cameroun/download,epreuvesetcorriges
BEPC,2019,"EPREUVE   BEPC 2019 EXPRESSION ECRITE, CAMEROUN",https://epreuvesetcorriges.com/categories/cameroun/examens/bepc/1533-epreuve-bepc-2019-expression-ecrite-cameroun,https://epreuvesetcorriges.com/categories/cameroun/examens/bepc/1533-epreuve-bepc-2019-expression-ecrite-cameroun/download,epreuvesetcorriges
BEPC,2021,ÉPREUVE BEPC 2021 LANGUES ET CULTURES NATIONALES CAMEROUN,https://epreuvesetcorriges.com/categories/cameroun/examens/bepc/3126-epreuve-bepc-2021-langues-et-cultures-nationales-cameroun,https://epreuvesetcorriges.com/categories/cameroun/examens/bepc/3126-epreuve-bepc-2021-langues-et-cultures-nationales-cameroun/download,epreuvesetcorriges
BEPC,2019,"EPREUVE   BEPC 2019 PCT, CAMEROUN",https://epreuvesetcorriges.com/categories/cameroun/examens/bepc/1534-epreuve-bepc-2019-pct-cameroun,https://epreuvesetcorriges.com/categories/cameroun/examens/bepc/1534-epreuve-bepc-2019-pct-cameroun/download,epreuvesetcorriges
BEPC,2021,ÉPREUVE BEPC 2021 LVII-EPREUVE ZERO CAMEROUN,https://epreuvesetcorriges.com/categories/cameroun/examens/bepc/3127-epreuve-bepc-2021-lvii-epreuve-zero-cameroun,https://epreuvesetcorriges.com/categories/cameroun/examens/bepc/3127-epreuve-bepc-2021-lvii-epreuve-zero-cameroun/download,epreuvesetcorriges
BEPC,2019,"EPREUVE   BEPC 2019 SVT EEHB, CAMEROUN",https://epreuvesetcorriges.com/categories/cameroun/examens/bepc/1535-epreuve-bepc-2019-svt-eehb-cameroun,https://epreuvesetcorriges.com/categories/cameroun/examens/bepc/1535-epreuve-bepc-2019-svt-eehb-cameroun/download,epreuvesetcorriges
BEPC,2021,ÉPREUVE BEPC 2021 MATHÉMATIQUES CAMEROUN,https://epreuvesetcorriges.com/categories/cameroun/examens/bepc/3128-epreuve-bepc-2021-mathematiques-cameroun,https://epreuvesetcorriges.com/categories/cameroun/examens/bepc/3128-epreuve-bepc-2021-mathematiques-cameroun/download,epreuvesetcorriges
BEPC,2019,"EPREUVE   BEPC ANGLAIS 2019, CAMEROUN",https://epreuvesetcorriges.com/categories/cameroun/examens/bepc/1536-epreuve-bepc-anglais-2019-cameroun,https://epreuvesetcorriges.com/categories/cameroun/examens/bepc/1536-epreuve-bepc-anglais-2019-cameroun/download,epreuvesetcorriges
BEPC,2021,ÉPREUVE BEPC 2021 PHYSIQUE CHIMIE TECHNOLOGIE CAMEROUN,https://epreuvesetcorriges.com/categories/cameroun/examens/bepc/3129-epreuve-bepc-2021-physique-chimie-technologie-cameroun,https://epreuvesetcorriges.com/categories/cameroun/examens/bepc/3129-epreuve-bepc-2021-physique-chimie-technologie-cameroun/download,epreuvesetcorriges
BEPC,2019,"EPREUVE   BEPC ETUDE DE TEXTE 2019, CAMEROUN",https://epreuvesetcorriges.com/categories/cameroun/examens/bepc/1537-epreuve-bepc-etude-de-texte-2019-cameroun,https://epreuvesetcorriges.com/categories/cameroun/examens/bepc/1537-epreuve-bepc-etude-de-texte-2019-cameroun/download,epreuvesetcorriges
BEPC,2021,ÉPREUVE BEPC 2021 THÉORIQUE D’INFORMATIQUE CAMEROUN,https://epreuvesetcorriges.com/categories/cameroun/examens/bepc/3130-epreuve-bepc-2021-theorique-d-informatique-cameroun,https://epreuvesetcorriges.com/categories/cameroun/examens/bepc/3130-epreuve-bepc-2021-theorique-d-informatique-cameroun/download,epreuvesetcorriges
BEPC,2019,"EPREUVE   BEPC REDACTION 2019, CAMEROUN",https://epreuvesetcorriges.com/categories/cameroun/examens/bepc/1538-epreuve-bepc-redaction-2019-cameroun,https://epreuvesetcorriges.com/categories/cameroun/examens/bepc/1538-epreuve-bepc-redaction-2019-cameroun/download,epreuvesetcorriges
BEPC,2021,PROPOSITION DU CORRIGE BEPC 2021 INFORMATIQUE THÉORIQUE SERIES  TOUTES CAMEROUN,https://epreuvesetcorriges.com/categories/cameroun/examens/bepc/3131-proposition-du-corrige-bepc-2021-informatique-theorique-series-toutes-cameroun,https://epreuvesetcorriges.com/categories/cameroun/examens/bepc/3131-proposition-du-corrige-bepc-2021-informatique-theorique-series-toutes-cameroun/download,epreuvesetcorriges
BEPC,2020,EPREUVE BEPC 2020 ANGLAIS CAMEROUN,https://epreuvesetcorriges.com/categories/cameroun/examens/bepc/1832-epreuve-bepc-2020-anglais-cameroun,https://epreuvesetcorriges.com/categories/cameroun/examens/bepc/1832-epreuve-bepc-2020-anglais-cameroun/download,epreuvesetcorriges
BEPC,2020,EPREUVE BEPC 2020 DICTEE CAMEROUN,https://epreuvesetcorriges.com/categories/cameroun/examens/bepc/1833-epreuve-bepc-2020-dictee-cameroun,https://epreuvesetcorriges.com/categories/cameroun/examens/bepc/1833-epreuve-bepc-2020-dictee-cameroun/download,epreuvesetcorriges
BEPC,2020,EPREUVE BEPC 2020 ETUDE DE TEXTE CAMEROUN,https://epreuvesetcorriges.com/categories/cameroun/examens/bepc/1834-epreuve-bepc-2020-etude-de-texte-cameroun,https://epreuvesetcorriges.com/categories/cameroun/examens/bepc/1834-epreuve-bepc-2020-etude-de-texte-cameroun/download,epreuvesetcorriges
BEPC,2020,EPREUVE BEPC 2020 EXPRESSION ECRITE CAMEROUN,https://epreuvesetcorriges.com/categories/cameroun/examens/bepc/1835-epreuve-bepc-2020-expression-ecrite-cameroun,https://epreuvesetcorriges.com/categories/cameroun/examens/bepc/1835-epreuve-bepc-2020-expression-ecrite-cameroun/download,epreuvesetcorriges
BEPC,2020,EPREUVE BEPC 2020 MATHS CAMEROUN,https://epreuvesetcorriges.com/categories/cameroun/examens/bepc/1836-epreuve-bepc-2020-maths-cameroun,https://epreuvesetcorriges.com/categories/cameroun/examens/bepc/1836-epreuve-bepc-2020-maths-cameroun/download,epreuvesetcorriges
BEPC,2020,EPREUVE BEPC 2020 PHYSIQUE CHIMIE TECHNOLOGY CAMEROUN,https://epreuvesetcorriges.com/categories/cameroun/examens/bepc/1837-epreuve-bepc-2020-physique-chimie-technology-cameroun,https://epreuvesetcorriges.com/categories/cameroun/examens/bepc/1837-epreuve-bepc-2020-physique-chimie-technology-cameroun/download,epreuvesetcorriges
BEPC,2020,EPREUVE BEPC 2020 SVT CAMEROUN,https://epreuvesetcorriges.com/categories/cameroun/examens/bepc/1838-epreuve-bepc-2020-svt-cameroun,https://epreuvesetcorriges.com/categories/cameroun/examens/bepc/1838-epreuve-bepc-2020-svt-cameroun/download,epreuvesetcorriges
BEPC,2022,CORRECTION ORTHOGRAPHIQUE - BEPC - SESSION 2022 CAMEROUN,https://epreuvesetcorriges.com/categories/cameroun/examens/bepc/32219-correction-orthographique-bepc-session-2022-cameroun,https://epreuvesetcorriges.com/categories/cameroun/examens/bepc/32219-correction-orthographique-bepc-session-2022-cameroun/download,epreuvesetcorriges
BEPC,2022,CORRIGÉ - EPREUVE ZÉRO DE MATHEMATIQUES - BEPC - SESSION 2022 - CORRIGE DE LA REGION DE L’OUEST CAMEROUN,https://epreuvesetcorriges.com/categories/cameroun/examens/bepc/32220-corrige-epreuve-zero-de-mathematiques-bepc-session-2022-corrige-de-la-region-de-l-ouest-cameroun,https://epreuvesetcorriges.com/categories/cameroun/examens/bepc/32220-corrige-epreuve-zero-de-mathematiques-bepc-session-2022-corrige-de-la-region-de-l-ouest-cameroun/download,epreuvesetcorriges
BEPC,2022,CORRIGE DE L’EPREUVE ZÉRO DE MATHEMATIQUES - BEPC SESSION 2022 CAMEROUN,https://epreuvesetcorriges.com/categories/cameroun/examens/bepc/32221-corrige-de-l-epreuve-zero-de-mathematiques-bepc-session-2022-cameroun,https://epreuvesetcorriges.com/categories/cameroun/examens/bepc/32221-corrige-de-l-epreuve-zero-de-mathematiques-bepc-session-2022-cameroun/download,epreuvesetcorriges
BEPC,2022,CORRIGÉ DE L’ÉPREUVE ZÉRO DU BEPC 2022 CAMEROUN,https://epreuvesetcorriges.com/categories/cameroun/examens/bepc/32222-corrige-de-l-epreuve-zero-du-bepc-2022-cameroun,https://epreuvesetcorriges.com/categories/cameroun/examens/bepc/32222-corrige-de-l-epreuve-zero-du-bepc-2022-cameroun/download,epreuvesetcorriges
BEPC,2022,CORRIGÉ EPREUVE ZERO DE PCT - BEPC SESSION 2022 CAMEROUN,https://epreuvesetcorriges.com/categories/cameroun/examens/bepc/32223-corrige-epreuve-zero-de-pct-bepc-session-2022-cameroun,https://epreuvesetcorriges.com/categories/cameroun/examens/bepc/32223-corrige-epreuve-zero-de-pct-bepc-session-2022-cameroun/download,epreuvesetcorriges
BEPC,2022,CORRIGE ÉPREUVE ZÉRO DE SVTEEHB - BEPC - SESSION 2022 CAMEROUN,https://epreuvesetcorriges.com/categories/cameroun/examens/bepc/32224-corrige-epreuve-zero-de-svteehb-bepc-session-2022-cameroun,https://epreuvesetcorriges.com/categories/cameroun/examens/bepc/32224-corrige-epreuve-zero-de-svteehb-bepc-session-2022-cameroun/download,epreuvesetcorriges
BEPC,2022,CORRIGÉ TYPE EPREUVE ZERO D’ECM - BEPC SESSION 2022 CAMEROUN,https://epreuvesetcorriges.com/categories/cameroun/examens/bepc/32225-corrige-type-epreuve-zero-d-ecm-bepc-session-2022-cameroun,https://epreuvesetcorriges.com/categories/cameroun/examens/bepc/32225-corrige-type-epreuve-zero-d-ecm-bepc-session-2022-cameroun/download,epreuvesetcorriges
BEPC,2022,CORRIGÉ TYPE EPREUVE ZERO D’HISTOIRE - BEPC SESSION 2022 CAMEROUN,https://epreuvesetcorriges.com/categories/cameroun/examens/bepc/32226-corrige-type-epreuve-zero-d-histoire-bepc-session-2022-cameroun,https://epreuvesetcorriges.com/categories/cameroun/examens/bepc/32226-corrige-type-epreuve-zero-d-histoire-bepc-session-2022-cameroun/download,epreuvesetcorriges
BEPC,2022,CORRIGÉ TYPE ÉPREUVE ZÉRO D’INFORMATIQUE - BEPC SESSION 2022 CAMEROUN,https://epreuvesetcorriges.com/categories/cameroun/examens/bepc/32227-corrige-type-epreuve-zero-d-informatique-bepc-session-2022-cameroun,https://epreuvesetcorriges.com/categories/cameroun/examens/bepc/32227-corrige-type-epreuve-zero-d-informatique-bepc-session-2022-cameroun/download,epreuvesetcorriges
BEPC,2021,CORRIGE TYPE ORTHOGRAPHIQUE - COLLEGE PRIVE LAÏC MONGO BETI - BEPC BLANC - ANNEE SCOLAIRE 2021 - 2022 CAMEROUN,https://epreuvesetcorriges.com/categories/cameroun/examens/bepc/32228-corrige-type-orthographique-college-prive-laic-mongo-beti-bepc-blanc-annee-scolaire-2021-2022-cameroun,https://epreuvesetcorriges.com/categories/cameroun/examens/bepc/32228-corrige-type-orthographique-college-prive-laic-mongo-beti-bepc-blanc-annee-scolaire-2021-2022-cameroun/download,epreuvesetcorriges
BEPC,2020,CORRIGE TYPE ORTHOGRAPHIQUE - LYCEE BILINGUE DE YAOUNDE - ANNEE SCOLAIRE 2020 - 2021 - BEPC BLANC CAMEROUN,https://epreuvesetcorriges.com/categories/cameroun/examens/bepc/32229-corrige-type-orthographique-lycee-bilingue-de-yaounde-annee-scolaire-2020-2021-bepc-blanc-cameroun,https://epreuvesetcorriges.com/categories/cameroun/examens/bepc/32229-corrige-type-orthographique-lycee-bilingue-de-yaounde-annee-scolaire-2020-2021-bepc-blanc-cameroun/download,epreuvesetcorriges
BEPC,2022,EPREUVE ZERO D’ALLEMAND - BEPC SESSION 2022 CAMEROUN,https://epreuvesetcorriges.com/categories/cameroun/examens/bepc/32230-epreuve-zero-d-allemand-bepc-session-2022-cameroun-2,https://epreuvesetcorriges.com/categories/cameroun/examens/bepc/32230-epreuve-zero-d-allemand-bepc-session-2022-cameroun-2/download,epreuvesetcorriges
BEPC,2022,EPREUVE ZERO D’ALLEMAND - PROBATOIRE A4 - SESSION 2022 CAMEROUN,https://epreuvesetcorriges.com/categories/cameroun/examens/bepc/32231-epreuve-zero-d-allemand-probatoire-a4-session-2022-cameroun-2,https://epreuvesetcorriges.com/categories/cameroun/examens/bepc/32231-epreuve-zero-d-allemand-probatoire-a4-session-2022-cameroun-2/download,epreuvesetcorriges
BEPC,2022,ÉPREUVE ZÉRO D’ESPAGNOL  - BEPC - SESSION 2022 CAMEROUN,https://epreuvesetcorriges.com/categories/cameroun/examens/bepc/32232-epreuve-zero-d-espagnol-bepc-session-2022-cameroun-2,https://epreuvesetcorriges.com/categories/cameroun/examens/bepc/32232-epreuve-zero-d-espagnol-bepc-session-2022-cameroun-2/download,epreuvesetcorriges
BEPC,2022,ÉPREUVE ZÉRO D’ÉTUDE DE TEXTE - BEPC - SESSION 2022 CAMEROUN,https://epreuvesetcorriges.com/categories/cameroun/examens/bepc/32233-epreuve-zero-d-etude-de-texte-bepc-session-2022-cameroun-2,https://epreuvesetcorriges.com/categories/cameroun/examens/bepc/32233-epreuve-zero-d-etude-de-texte-bepc-session-2022-cameroun-2/download,epreuvesetcorriges
BEPC,2022,ÉPREUVE ZÉRO D’EXPRESSION ECRITE - BEPC - SESSION 2022 CAMEROUN,https://epreuvesetcorriges.com/categories/cameroun/examens/bepc/32234-epreuve-zero-d-expression-ecrite-bepc-session-2022-cameroun-2,https://epreuvesetcorriges.com/categories/cameroun/examens/bepc/32234-epreuve-zero-d-expression-ecrite-bepc-session-2022-cameroun-2/download,epreuvesetcorriges
BEPC,2020,SUJET ETUDE DE TEXTE - LYCEE BILINGUE DE YAOUNDE - ANNEE SCOLAIRE 2020 - 2021 - BEPC BLANC CAMEROUN,https://epreuvesetcorriges.com/categories/cameroun/examens/bepc/32235-sujet-etude-de-texte-lycee-bilingue-de-yaounde-annee-scolaire-2020-2021-bepc-blanc-cameroun,https://epreuvesetcorriges.com/categories/cameroun/examens/bepc/32235-sujet-etude-de-texte-lycee-bilingue-de-yaounde-annee-scolaire-2020-2021-bepc-blanc-cameroun/download,epreuvesetcorriges
BEPC,2021,SUJET LCN - COLLEGE PRIVE LAÏC MONGO BETI - BEPC BLANC - ANNEE SCOLAIRE 2021 - 2022 CAMEROUN,https://epreuvesetcorriges.com/categories/cameroun/examens/bepc/32237-sujet-lcn-college-prive-laic-mongo-beti-bepc-blanc-annee-scolaire-2021-2022-cameroun,https://epreuvesetcorriges.com/categories/cameroun/examens/bepc/32237-sujet-lcn-college-prive-laic-mongo-beti-bepc-blanc-annee-scolaire-2021-2022-cameroun/download,epreuvesetcorriges
BEPC,2022,SUJET MATHEMATIQUES - LYCEE BILINGUE DE DSCHANG - BEPC BLANC N°2 - SESSION  2022 CAMEROUN,https://epreuvesetcorriges.com/categories/cameroun/examens/bepc/32238-sujet-mathematiques-lycee-bilingue-de-dschang-bepc-blanc-n-2-session-2022-cameroun,https://epreuvesetcorriges.com/categories/cameroun/examens/bepc/32238-sujet-mathematiques-lycee-bilingue-de-dschang-bepc-blanc-n-2-session-2022-cameroun/download,epreuvesetcorriges
BEPC,2024,PREPA BEPC 2024 ECM,https://epreuvesetcorriges.com/categories/cameroun/examens/bepc/34840-prepa-bepc-2024-ecm,https://epreuvesetcorriges.com/categories/cameroun/examens/bepc/34840-prepa-bepc-2024-ecm/download,epreuvesetcorriges
BEPC,2024,"PREPA BEPC 2024 MATHEMATIQUES, COURS DE  REMISES A NIVEAU ET TRAVAUX DIRIGES",https://epreuvesetcorriges.com/categories/cameroun/examens/bepc/34908-prepa-bepc-2024-mathematiques-cours-de-remises-a-niveau-et-travaux-diriges,https://epreuvesetcorriges.com/categories/cameroun/examens/bepc/34908-prepa-bepc-2024-mathematiques-cours-de-remises-a-niveau-et-travaux-diriges/download,epreuvesetcorriges
BEPC,2024,PREPA BEPC 2024 PCT,https://epreuvesetcorriges.com/categories/cameroun/examens/bepc/34909-prepa-bepc-2024-pct,https://epreuvesetcorriges.com/categories/cameroun/examens/bepc/34909-prepa-bepc-2024-pct/download,epreuvesetcorriges
BEPC,2024,PREPA BEPC 2024 RECUEIL DE SUJETS   SVTEEHB,https://epreuvesetcorriges.com/categories/cameroun/examens/bepc/35191-prepa-bepc-2024-recueil-de-sujets-svteehb,https://epreuvesetcorriges.com/categories/cameroun/examens/bepc/35191-prepa-bepc-2024-recueil-de-sujets-svteehb/download,epreuvesetcorriges
BEPC,2024,PREPA BEPC 2024 RECUEIL DE SUJETS DE MATHEMATIQUES,https://epreuvesetcorriges.com/categories/cameroun/examens/bepc/35192-prepa-bepc-2024-recueil-de-sujets-de-mathematiques,https://epreuvesetcorriges.com/categories/cameroun/examens/bepc/35192-prepa-bepc-2024-recueil-de-sujets-de-mathematiques/download,epreuvesetcorriges
BEPC,2024,SUJET BEPC 2024 MATHEMATIQUES EVALUATION RÉGIONALE,https://epreuvesetcorriges.com/categories/cameroun/examens/bepc/35237-sujet-bepc-2024-mathematiques-evaluation-regionale,https://epreuvesetcorriges.com/categories/cameroun/examens/bepc/35237-sujet-bepc-2024-mathematiques-evaluation-regionale/download,epreuvesetcorriges
BEPC,2024,BEPC BLANC 2024 EPREUVE MATHEMATIQUES,https://epreuvesetcorriges.com/categories/cameroun/examens/bepc/35304-bepc-blanc-2024-epreuve-mathematiques,https://epreuvesetcorriges.com/categories/cameroun/examens/bepc/35304-bepc-blanc-2024-epreuve-mathematiques/download,epreuvesetcorriges
BEPC,2024,PREPA SUJET BEPC 2024 ETUDE DE TEXTE,https://epreuvesetcorriges.com/categories/cameroun/examens/bepc/35427-prepa-sujet-bepc-2024-etude-de-texte,https://epreuvesetcorriges.com/categories/cameroun/examens/bepc/35427-prepa-sujet-bepc-2024-etude-de-texte/download,epreuvesetcorriges
BEPC,2024,BEPC BLANC 2024  N°2 INFORMATIQUE THEORIQUE,https://epreuvesetcorriges.com/categories/cameroun/examens/bepc/35305-bepc-blanc-2024-n-2-informatique-theorique,https://epreuvesetcorriges.com/categories/cameroun/examens/bepc/35305-bepc-blanc-2024-n-2-informatique-theorique/download,epreuvesetcorriges
BEPC,2024,SUJET BEPC 2024 BLANC GEOGRAPHIE  MAI 2024,https://epreuvesetcorriges.com/categories/cameroun/examens/bepc/35487-sujet-bepc-2024-blanc-geographie-mai-2024,https://epreuvesetcorriges.com/categories/cameroun/examens/bepc/35487-sujet-bepc-2024-blanc-geographie-mai-2024/download,epreuvesetcorriges
BEPC,2024,PREPA SUJET BEPC 2024 SVTEEHB,https://epreuvesetcorriges.com/categories/cameroun/examens/bepc/35425-prepa-sujet-bepc-2024-svteehb,https://epreuvesetcorriges.com/categories/cameroun/examens/bepc/35425-prepa-sujet-bepc-2024-svteehb/download,epreuvesetcorriges
BEPC,2024,SUJET BEPC 2024 BLANC MATHEMATIQUES  MAI 2024,https://epreuvesetcorriges.com/categories/cameroun/examens/bepc/35488-sujet-bepc-2024-blanc-mathematiques-mai-2024,https://epreuvesetcorriges.com/categories/cameroun/examens/bepc/35488-sujet-bepc-2024-blanc-mathematiques-mai-2024/download,epreuvesetcorriges
BEPC,2024,PREPA SUJET BEPC 2024 ANGLAIS,https://epreuvesetcorriges.com/categories/cameroun/examens/bepc/35426-prepa-sujet-bepc-2024-anglais-2,https://epreuvesetcorriges.com/categories/cameroun/examens/bepc/35426-prepa-sujet-bepc-2024-anglais-2/download,epreuvesetcorriges
BEPC,2024,BEPC 2024 EPREUVE DE MATHEMATIQUES,https://epreuvesetcorriges.com/categories/cameroun/examens/bepc/35652-bepc-2024-epreuve-de-mathematiques,https://epreuvesetcorriges.com/categories/cameroun/examens/bepc/35652-bepc-2024-epreuve-de-mathematiques/download,epreuvesetcorriges
BEPC,2024,SUJET BEPC 2024 BLANC GEOGRAPHIE 2024,https://epreuvesetcorriges.com/categories/cameroun/examens/bepc/35489-sujet-bepc-2024-blanc-geographie-mai-2024-2,https://epreuvesetcorriges.com/categories/cameroun/examens/bepc/35489-sujet-bepc-2024-blanc-geographie-mai-2024-2/download,epreuvesetcorriges
BEPC,2024,BEPC 2024  EPREUVE D'EDUCATION A LA CITOYENNETE,https://epreuvesetcorriges.com/categories/cameroun/examens/bepc/35653-bepc-2024-epreuve-d-education-a-la-citoyennete,https://epreuvesetcorriges.com/categories/cameroun/examens/bepc/35653-bepc-2024-epreuve-d-education-a-la-citoyennete/download,epreuvesetcorriges
BEPC,2024,SUJET BEPC 2024 BLANC MATHEMATIQUES 2024,https://epreuvesetcorriges.com/categories/cameroun/examens/bepc/35490-sujet-bepc-2024-blanc-mathematiques-mai-2024-2,https://epreuvesetcorriges.com/categories/cameroun/examens/bepc/35490-sujet-bepc-2024-blanc-mathematiques-mai-2024-2/download,epreuvesetcorriges
BEPC,2024,BEPC 2024  EPREUVE D'EXPRESSION ECRITE,https://epreuvesetcorriges.com/categories/cameroun/examens/bepc/35654-bepc-2024-epreuve-d-expression-ecrite,https://epreuvesetcorriges.com/categories/cameroun/examens/bepc/35654-bepc-2024-epreuve-d-expression-ecrite/download,epreuvesetcorriges
BEPC,2024,SUJET ECM BEPC 2024 BLANC,https://epreuvesetcorriges.com/categories/cameroun/examens/bepc/35580-sujet-ecm-bepc-2024-blanc,https://epreuvesetcorriges.com/categories/cameroun/examens/bepc/35580-sujet-ecm-bepc-2024-blanc/download,epreuvesetcorriges
BEPC,2024,BEPC 2024  EPREUVE D'ESPAGNOL,https://epreuvesetcorriges.com/categories/cameroun/examens/bepc/35655-bepc-2024-epreuve-d-espagnol,https://epreuvesetcorriges.com/categories/cameroun/examens/bepc/35655-bepc-2024-epreuve-d-espagnol/download,epreuvesetcorriges
BEPC,2024,EPREUVE BEPC 2024 ITALIEN LV2,https://epreuvesetcorriges.com/categories/cameroun/examens/bepc/35857-epreuve-bepc-2024-italien-lv2,https://epreuvesetcorriges.com/categories/cameroun/examens/bepc/35857-epreuve-bepc-2024-italien-lv2/download,epreuvesetcorriges
BEPC,2024,EPREUVE BEPC 2024 ÉTUDE DE TEXTE,https://epreuvesetcorriges.com/categories/cameroun/examens/bepc/35858-epreuve-bepc-2024-etude-de-texte,https://epreuvesetcorriges.com/categories/cameroun/examens/bepc/35858-epreuve-bepc-2024-etude-de-texte/download,epreuvesetcorriges
BEPC,2024,EPREUVE BEPC 2024 SVTEEHB,https://epreuvesetcorriges.com/categories/cameroun/examens/bepc/35859-epreuve-bepc-2024-svteehb,https://epreuvesetcorriges.com/categories/cameroun/examens/bepc/35859-epreuve-bepc-2024-svteehb/download,epreuvesetcorriges
BEPC,2021,BEPC 2021 EPREUVE ET CORRIGE D'ETUDE DE TEXTE CAMEROUN,https://epreuvesetcorriges.com/categories/cameroun/examens/bepc/37226-bepc-2021-epreuve-et-corrige-d-etude-de-texte-cameroun,https://epreuvesetcorriges.com/categories/cameroun/examens/bepc/37226-bepc-2021-epreuve-et-corrige-d-etude-de-texte-cameroun/download,epreuvesetcorriges
BEPC,2022,BEPC 2022 EPREUVE D'ECM CAMEROUN,https://epreuvesetcorriges.com/categories/cameroun/examens/bepc/37227-bepc-2022-epreuve-d-ecm-cameroun,https://epreuvesetcorriges.com/categories/cameroun/examens/bepc/37227-bepc-2022-epreuve-d-ecm-cameroun/download,epreuvesetcorriges
BEPC,2022,BEPC 2022 EPREUVE ET CORRIGE ECM CAMEROUN,https://epreuvesetcorriges.com/categories/cameroun/examens/bepc/37228-bepc-2022-epreuve-et-corrige-ecm-cameroun,https://epreuvesetcorriges.com/categories/cameroun/examens/bepc/37228-bepc-2022-epreuve-et-corrige-ecm-cameroun/download,epreuvesetcorriges
BEPC,2023,BEPC 2023 EPREUVE ET CORRIGE ALLEMAND CAMEROUN,https://epreuvesetcorriges.com/categories/cameroun/examens/bepc/37229-bepc-2023-epreuve-et-corrige-allemand-cameroun,https://epreuvesetcorriges.com/categories/cameroun/examens/bepc/37229-bepc-2023-epreuve-et-corrige-allemand-cameroun/download,epreuvesetcorriges
BEPC,2023,BEPC 2023 EPREUVE ET CORRIGE D'ETUDE DE TEXTE CAMEROUN,https://epreuvesetcorriges.com/categories/cameroun/examens/bepc/37230-bepc-2023-epreuve-et-corrige-d-etude-de-texte-cameroun,https://epreuvesetcorriges.com/categories/cameroun/examens/bepc/37230-bepc-2023-epreuve-et-corrige-d-etude-de-texte-cameroun/download,epreuvesetcorriges
BEPC,2024,BEPC 2024 EPREUVE D'ALLEMAND CAMEROUN,https://epreuvesetcorriges.com/categories/cameroun/examens/bepc/37231-bepc-2024-epreuve-d-allemand-cameroun,https://epreuvesetcorriges.com/categories/cameroun/examens/bepc/37231-bepc-2024-epreuve-d-allemand-cameroun/download,epreuvesetcorriges
BEPC,2024,BEPC 2024 EPREUVE ET CORRIGE ALLEMAND CAMEROUN,https://epreuvesetcorriges.com/categories/cameroun/examens/bepc/37232-bepc-2024-epreuve-et-corrige-allemand-cameroun,https://epreuvesetcorriges.com/categories/cameroun/examens/bepc/37232-bepc-2024-epreuve-et-corrige-allemand-cameroun/download,epreuvesetcorriges
BEPC,2024,BEPC 2024 EPREUVE ET CORRIGE D'ECM CAMEROUN,https://epreuvesetcorriges.com/categories/cameroun/examens/bepc/37233-bepc-2024-epreuve-et-corrige-d-ecm-cameroun,https://epreuvesetcorriges.com/categories/cameroun/examens/bepc/37233-bepc-2024-epreuve-et-corrige-d-ecm-cameroun/download,epreuvesetcorriges
BEPC,2024,BEPC 2024 EPREUVE ET CORRIGE D'ETUDE DE TEXTE CAMEROUN,https://epreuvesetcorriges.com/categories/cameroun/examens/bepc/37234-bepc-2024-epreuve-et-corrige-d-etude-de-texte-cameroun,https://epreuvesetcorriges.com/categories/cameroun/examens/bepc/37234-bepc-2024-epreuve-et-corrige-d-etude-de-texte-cameroun/download,epreuvesetcorriges
BEPC,2025,PROGRAMME DES EXAMENS OFFICIELS DU BEPC BAC  2025 AU CAMEROUN,https://epreuvesetcorriges.com/categories/cameroun/examens/bepc/38059-programme-des-examens-officiels-du-bepc-bac-2025-au-cameroun,https://epreuvesetcorriges.com/categories/cameroun/examens/bepc/38059-programme-des-examens-officiels-du-bepc-bac-2025-au-cameroun/download,epreuvesetcorriges
BEPC,2024,MATHEMATIQUES SUJET  BEPC 2024 BLANC,https://epreuvesetcorriges.com/categories/cameroun/examens/bepc/35581-mathematiques-sujet-bepc-2024-blanc,https://epreuvesetcorriges.com/categories/cameroun/examens/bepc/35581-mathematiques-sujet-bepc-2024-blanc/download,epreuvesetcorriges
BEPC,2024,SUJET SVTEEHB  BEPC 2024  BLANC,https://epreuvesetcorriges.com/categories/cameroun/examens/bepc/35582-svteehb-sujet-bepc-2024-blanc,https://epreuvesetcorriges.com/categories/cameroun/examens/bepc/35582-svteehb-sujet-bepc-2024-blanc/download,epreuvesetcorriges
BEPC,2024,INFORMATIQUE SUJET BEPC 2024 BLANC,https://epreuvesetcorriges.com/categories/cameroun/examens/bepc/35583-informatique-sujet-bepc-2024-blanc,https://epreuvesetcorriges.com/categories/cameroun/examens/bepc/35583-informatique-sujet-bepc-2024-blanc/download,epreuvesetcorriges
BEPC,2024,ANGLAIS SUJET BEPC 2024 BLANC,https://epreuvesetcorriges.com/categories/cameroun/examens/bepc/35584-anglais-sujet-bepc-2024-blanc,https://epreuvesetcorriges.com/categories/cameroun/examens/bepc/35584-anglais-sujet-bepc-2024-blanc/download,epreuvesetcorriges
BEPC,2024,ETUDE DE TEXTE SUJET BEPC 2024 BLANC,https://epreuvesetcorriges.com/categories/cameroun/examens/bepc/35585-etude-de-texte-sujet-bepc-2024-blanc,https://epreuvesetcorriges.com/categories/cameroun/examens/bepc/35585-etude-de-texte-sujet-bepc-2024-blanc/download,epreuvesetcorriges
BEPC,2024,ORTHOGRAPHE SUJET BEPC 2024 BLANC,https://epreuvesetcorriges.com/categories/cameroun/examens/bepc/35586-orthographe-sujet-bepc-2024-blanc,https://epreuvesetcorriges.com/categories/cameroun/examens/bepc/35586-orthographe-sujet-bepc-2024-blanc/download,epreuvesetcorriges
BEPC,2024,ESPAGNOL SUJET BEPC 2024 BLANC,https://epreuvesetcorriges.com/categories/cameroun/examens/bepc/35587-espagnol-sujet-bepc-2024-blanc,https://epreuvesetcorriges.com/categories/cameroun/examens/bepc/35587-espagnol-sujet-bepc-2024-blanc/download,epreuvesetcorriges
BEPC,2024,HISTOIRE SUJET BEPC 2024 BLANC,https://epreuvesetcorriges.com/categories/cameroun/examens/bepc/35588-histoire-sujet-bepc-2024-blanc,https://epreuvesetcorriges.com/categories/cameroun/examens/bepc/35588-histoire-sujet-bepc-2024-blanc/download,epreuvesetcorriges
BEPC,2024,EXPRESSION ECRITE SUJET BEPC 2024 BLANC,https://epreuvesetcorriges.com/categories/cameroun/examens/bepc/35589-expression-ecrite-sujet-bepc-2024-blanc,https://epreuvesetcorriges.com/categories/cameroun/examens/bepc/35589-expression-ecrite-sujet-bepc-2024-blanc/download,epreuvesetcorriges
BEPC,2024,PREPA BEPC 2024 SUJETS DE MATHEMATIQUES,https://epreuvesetcorriges.com/categories/cameroun/examens/bepc/35590-prepa-bepc-2024-sujets-de-mathematiques,https://epreuvesetcorriges.com/categories/cameroun/examens/bepc/35590-prepa-bepc-2024-sujets-de-mathematiques/download,epreuvesetcorriges
BEPC,2024,PREPA BEPC 2024 SUJETS  SVTEEHB,https://epreuvesetcorriges.com/categories/cameroun/examens/bepc/35591-prepa-bepc-2024-sujets-svteehb,https://epreuvesetcorriges.com/categories/cameroun/examens/bepc/35591-prepa-bepc-2024-sujets-svteehb/download,epreuvesetcorriges
BEPC,2024,SUJET PREPA BEPC 2024 ECM,https://epreuvesetcorriges.com/categories/cameroun/examens/bepc/35593-sujet-prepa-bepc-2024-ecm,https://epreuvesetcorriges.com/categories/cameroun/examens/bepc/35593-sujet-prepa-bepc-2024-ecm/download,epreuvesetcorriges
BEPC,2024,SUJET BEPC 2024 MATHEMATIQUES,https://epreuvesetcorriges.com/categories/cameroun/examens/bepc/35650-sujet-bepc-2024-mathematiques,https://epreuvesetcorriges.com/categories/cameroun/examens/bepc/35650-sujet-bepc-2024-mathematiques/download,epreuvesetcorriges
BEPC,2024,SUJET BEPC 2024 EDUCATION A LA CITOYENNETE,https://epreuvesetcorriges.com/categories/cameroun/examens/bepc/35651-sujet-bepc-2024-education-a-la-citoyennete,https://epreuvesetcorriges.com/categories/cameroun/examens/bepc/35651-sujet-bepc-2024-education-a-la-citoyennete/download,epreuvesetcorriges
BEPC,2024,SUJET BEPC 2024 EXPRESSION ECRITE,https://epreuvesetcorriges.com/categories/cameroun/examens/bepc/35656-sujet-bepc-2024-expression-ecrite,https://epreuvesetcorriges.com/categories/cameroun/examens/bepc/35656-sujet-bepc-2024-expression-ecrite/download,epreuvesetcorriges
BEPC,2024,SUJET BEPC 2024 ESPAGNOL,https://epreuvesetcorriges.com/categories/cameroun/examens/bepc/35657-sujet-bepc-2024-espagnol,https://epreuvesetcorriges.com/categories/cameroun/examens/bepc/35657-sujet-bepc-2024-espagnol/download,epreuvesetcorriges
BEPC,2024,SUJET BEPC 2024 ITALIEN LV2,https://epreuvesetcorriges.com/categories/cameroun/examens/bepc/35854-sujet-bepc-2024-italien-lv2,https://epreuvesetcorriges.com/categories/cameroun/examens/bepc/35854-sujet-bepc-2024-italien-lv2/download,epreuvesetcorriges
BEPC,2024,SUJET BEPC 2024 ÉTUDE DE TEXTE,https://epreuvesetcorriges.com/categories/cameroun/examens/bepc/35855-sujet-bepc-2024-etude-de-texte,https://epreuvesetcorriges.com/categories/cameroun/examens/bepc/35855-sujet-bepc-2024-etude-de-texte/download,epreuvesetcorriges
BEPC,2024,SUJET BEPC 2024 SVTEEHB,https://epreuvesetcorriges.com/categories/cameroun/examens/bepc/35856-sujet-bepc-2024-svteehb,https://epreuvesetcorriges.com/categories/cameroun/examens/bepc/35856-sujet-bepc-2024-svteehb/download,epreuvesetcorriges
BEPC,2024,BEPC 2024 CORRIGE DE L'EPREUVE DE PCT CAMEROUN,https://epreuvesetcorriges.com/categories/cameroun/examens/bepc/37122-bepc-2024-corrige-de-l-epreuve-de-pct-cameroun,https://epreuvesetcorriges.com/categories/cameroun/examens/bepc/37122-bepc-2024-corrige-de-l-epreuve-de-pct-cameroun/download,epreuvesetcorriges
BEPC,2026,"Étude de Texte – BEPC Blanc Nº1 2026 (Compréhension, vocabulaire, grammaire et expression écrite) pour les classes de 3ème – Cameroun – Année scolaire 2025-2026",https://epreuvesetcorriges.com/categories/cameroun/examens/bepc/41160-etude-de-texte-bepc-blanc-n-1-2026-comprehension-vocabulaire-grammaire-et-expression-ecrite-pour-les-classes-de-3eme-cameroun-annee-scolaire-2025-2026,https://epreuvesetcorriges.com/categories/cameroun/examens/bepc/41160-etude-de-texte-bepc-blanc-n-1-2026-comprehension-vocabulaire-grammaire-et-expression-ecrite-pour-les-classes-de-3eme-cameroun-annee-scolaire-2025-2026/download,epreuvesetcorriges
BEPC,2026,"Expression Écrite – BEPC Blanc Nº1 2026 (Argumentation et narration  inflation des prix, insalubrité et sensibilisation) pour les classes de 3ème – Cameroun – Année scolaire 2025-2026",https://epreuvesetcorriges.com/categories/cameroun/examens/bepc/41161-expression-ecrite-bepc-blanc-n-1-2026-argumentation-et-narration-inflation-des-prix-insalubrite-et-sensibilisation-pour-les-classes-de-3eme-cameroun-annee-scolaire-2025-2026,https://epreuvesetcorriges.com/categories/cameroun/examens/bepc/41161-expression-ecrite-bepc-blanc-n-1-2026-argumentation-et-narration-inflation-des-prix-insalubrite-et-sensibilisation-pour-les-classes-de-3eme-cameroun-annee-scolaire-2025-2026/download,epreuvesetcorriges
BEPC,2026,"Géographie – BEPC Blanc Nº1 2026 (Évaluation  agriculture traditionnelle, pêche, économie extravertie et solutions aux faibles rendements) pour les classes de 3ème – Cameroun – Année scolaire 2025-2026",https://epreuvesetcorriges.com/categories/cameroun/examens/bepc/41162-geographie-bepc-blanc-n-1-2026-evaluation-agriculture-traditionnelle-peche-economie-extravertie-et-solutions-aux-faibles-rendements-pour-les-classes-de-3eme-cameroun-annee-scolaire-2025-2026,https://epreuvesetcorriges.com/categories/cameroun/examens/bepc/41162-geographie-bepc-blanc-n-1-2026-evaluation-agriculture-traditionnelle-peche-economie-extravertie-et-solutions-aux-faibles-rendements-pour-les-classes-de-3eme-cameroun-annee-scolaire-2025-2026/download,epreuvesetcorriges
BEPC,2026,"Informatique Théorique – BEPC Blanc Nº1 2026 (Architecture du micro-ordinateur, codification, citoyenneté numérique et algorithmes) pour les classes de 3ème  – Décembre 2025",https://epreuvesetcorriges.com/categories/cameroun/examens/bepc/41163-informatique-theorique-bepc-blanc-n-1-2026-architecture-du-micro-ordinateur-codification-citoyennete-numerique-et-algorithmes-pour-les-classes-de-3eme-decembre-2025,https://epreuvesetcorriges.com/categories/cameroun/examens/bepc/41163-informatique-theorique-bepc-blanc-n-1-2026-architecture-du-micro-ordinateur-codification-citoyennete-numerique-et-algorithmes-pour-les-classes-de-3eme-decembre-2025/download,epreuvesetcorriges
BEPC,2026,"SVTEEHB – BEPC Blanc Nº1 2026 (Évaluation  Microorganismes, transfusion sanguine, anomalies chromosomiques et prévention des contaminations) pour les classes de 3ème – Lycée Bilingue de Nylon – Séquence 2",https://epreuvesetcorriges.com/categories/cameroun/examens/bepc/41164-svteehb-bepc-blanc-n-1-2026-evaluation-microorganismes-transfusion-sanguine-anomalies-chromosomiques-et-prevention-des-contaminations-pour-les-classes-de-3eme-lycee-bilingue-de-nylon-sequence-2,https://epreuvesetcorriges.com/categories/cameroun/examens/bepc/41164-svteehb-bepc-blanc-n-1-2026-evaluation-microorganismes-transfusion-sanguine-anomalies-chromosomiques-et-prevention-des-contaminations-pour-les-classes-de-3eme-lycee-bilingue-de-nylon-sequence-2/download,epreuvesetcorriges
BEPC,2026,SVTEEHB et Corrigé Harmonisé – BEPC Blanc Régional N°1 – Session Février 2026 – Délégation Régionale du Sud,https://epreuvesetcorriges.com/categories/cameroun/examens/bepc/41926-svteehb-et-corrige-harmonise-bepc-blanc-regional-n-1-session-fevrier-2026-delegation-regionale-du-sud,https://epreuvesetcorriges.com/categories/cameroun/examens/bepc/41926-svteehb-et-corrige-harmonise-bepc-blanc-regional-n-1-session-fevrier-2026-delegation-regionale-du-sud/download,epreuvesetcorriges
BEPC,2026,Mathématiques – Épreuve zéro BEPC – Février 2026 – Délégation Régionale du Nord,https://epreuvesetcorriges.com/categories/cameroun/examens/bepc/41941-mathematiques-epreuve-zero-bepc-fevrier-2026-delegation-regionale-du-nord,https://epreuvesetcorriges.com/categories/cameroun/examens/bepc/41941-mathematiques-epreuve-zero-bepc-fevrier-2026-delegation-regionale-du-nord/download,epreuvesetcorriges
BEPC,2026,Étude de Texte Prépa BEPC 2026 Cameroun : Sujets Corrigés des Sessions Précédentes (PDF),https://epreuvesetcorriges.com/categories/cameroun/examens/bepc/42744-etude-de-texte-bepc-2026-cameroun-annales-pdf,https://epreuvesetcorriges.com/categories/cameroun/examens/bepc/42744-etude-de-texte-bepc-2026-cameroun-annales-pdf/download,epreuvesetcorriges
BEPC,2026,Mathématiques Prépa BEPC 2026 Cameroun : Sujets Corrigés des Sessions Précédentes (PDF),https://epreuvesetcorriges.com/categories/cameroun/examens/bepc/42745-mathematiques-bepc-2026-cameroun-prepa-annales,https://epreuvesetcorriges.com/categories/cameroun/examens/bepc/42745-mathematiques-bepc-2026-cameroun-prepa-annales/download,epreuvesetcorriges
BEPC,2026,SVTEEHB Prépa BEPC 2026 Cameroun : Sujets Corrigés des Sessions Précédentes (PDF),https://epreuvesetcorriges.com/categories/cameroun/examens/bepc/42746-svteehb-bepc-2026-cameroun-prepa-pdf,https://epreuvesetcorriges.com/categories/cameroun/examens/bepc/42746-svteehb-bepc-2026-cameroun-prepa-pdf/download,epreuvesetcorriges
BEPC,2026,Expression Écrite Prépa BEPC 2026 Cameroun : Sujets Corrigés des Sessions Précédentes (PDF),https://epreuvesetcorriges.com/categories/cameroun/examens/bepc/42747-expression-ecrite-bepc-2026-cameroun-annales,https://epreuvesetcorriges.com/categories/cameroun/examens/bepc/42747-expression-ecrite-bepc-2026-cameroun-annales/download,epreuvesetcorriges
BEPC,2026,Corrigé Harmonisé National BEPC 2026 – Anglais – Cameroun (PDF),https://epreuvesetcorriges.com/categories/cameroun/examens/bepc/42878-corrige-harmonise-national-bepc-2026-anglais-cameroun-pdf,https://epreuvesetcorriges.com/categories/cameroun/examens/bepc/42878-corrige-harmonise-national-bepc-2026-anglais-cameroun-pdf/download,epreuvesetcorriges
BEPC,2026,Corrigé Harmonisé National BEPC 2026 – Etude de texte – Cameroun (PDF),https://epreuvesetcorriges.com/categories/cameroun/examens/bepc/42879-corrige-harmonise-national-bepc-2026-etude-de-texte-cameroun-pdf,https://epreuvesetcorriges.com/categories/cameroun/examens/bepc/42879-corrige-harmonise-national-bepc-2026-etude-de-texte-cameroun-pdf/download,epreuvesetcorriges
BEPC,2026,Corrigé Harmonisé National BEPC 2026 – Expression écrite – Cameroun (PDF),https://epreuvesetcorriges.com/categories/cameroun/examens/bepc/42880-corrige-harmonise-national-bepc-2026-expression-ecrite-cameroun-pdf,https://epreuvesetcorriges.com/categories/cameroun/examens/bepc/42880-corrige-harmonise-national-bepc-2026-expression-ecrite-cameroun-pdf/download,epreuvesetcorriges
BEPC,2026,Corrigé Harmonisé National BEPC 2026 – Espagnol – Cameroun (PDF),https://epreuvesetcorriges.com/categories/cameroun/examens/bepc/42881-corrige-harmonise-national-bepc-2026-espagnol-cameroun-pdf,https://epreuvesetcorriges.com/categories/cameroun/examens/bepc/42881-corrige-harmonise-national-bepc-2026-espagnol-cameroun-pdf/download,epreuvesetcorriges
BEPC,2026,Corrigé Harmonisé National BEPC 2026 – SVTEEHB – Cameroun (PDF),https://epreuvesetcorriges.com/categories/cameroun/examens/bepc/42882-corrige-harmonise-national-bepc-2026-svteehb-cameroun-pdf,https://epreuvesetcorriges.com/categories/cameroun/examens/bepc/42882-corrige-harmonise-national-bepc-2026-svteehb-cameroun-pdf/download,epreuvesetcorriges
BEPC,2026,Corrigé Harmonisé National BEPC 2026 – ECM – Cameroun (PDF),https://epreuvesetcorriges.com/categories/cameroun/examens/bepc/42883-corrige-harmonise-national-bepc-2026-ecm-cameroun-pdf,https://epreuvesetcorriges.com/categories/cameroun/examens/bepc/42883-corrige-harmonise-national-bepc-2026-ecm-cameroun-pdf/download,epreuvesetcorriges
BEPC,2026,Corrigé Harmonisé National BEPC 2026 – PCT – Cameroun (PDF),https://epreuvesetcorriges.com/categories/cameroun/examens/bepc/42884-corrige-harmonise-national-bepc-2026-pct-cameroun-pdf,https://epreuvesetcorriges.com/categories/cameroun/examens/bepc/42884-corrige-harmonise-national-bepc-2026-pct-cameroun-pdf/download,epreuvesetcorriges
BEPC,2026,Corrigé Harmonisé National BEPC 2026 – Mathématiques – Cameroun (PDF),https://epreuvesetcorriges.com/categories/cameroun/examens/bepc/42885-corrige-harmonise-national-bepc-2026-mathematiques-cameroun-pdf,https://epreuvesetcorriges.com/categories/cameroun/examens/bepc/42885-corrige-harmonise-national-bepc-2026-mathematiques-cameroun-pdf/download,epreuvesetcorriges
BEPC,2026,Corrigé Harmonisé National BEPC 2026 – Informatique Théorique – Cameroun (PDF),https://epreuvesetcorriges.com/categories/cameroun/examens/bepc/42886-corrige-harmonise-national-bepc-2026-informatique-theorique-cameroun-pdf,https://epreuvesetcorriges.com/categories/cameroun/examens/bepc/42886-corrige-harmonise-national-bepc-2026-informatique-theorique-cameroun-pdf/download,epreuvesetcorriges
BEPC,2026,Corrigé Harmonisé National BEPC 2026 – Géographie – Cameroun (PDF),https://epreuvesetcorriges.com/categories/cameroun/examens/bepc/42887-corrige-harmonise-national-bepc-2026-geographie-cameroun-pdf,https://epreuvesetcorriges.com/categories/cameroun/examens/bepc/42887-corrige-harmonise-national-bepc-2026-geographie-cameroun-pdf/download,epreuvesetcorriges
BEPC,2026,Corrigé Harmonisé National BEPC 2026 – Allemand – Cameroun (PDF),https://epreuvesetcorriges.com/categories/cameroun/examens/bepc/42888-corrige-harmonise-national-bepc-2026-allemand-cameroun-pdf,https://epreuvesetcorriges.com/categories/cameroun/examens/bepc/42888-corrige-harmonise-national-bepc-2026-allemand-cameroun-pdf/download,epreuvesetcorriges
BEPC,2026,Corrigé Harmonisé National BEPC 2026 – Dictée – Cameroun (PDF),https://epreuvesetcorriges.com/categories/cameroun/examens/bepc/42889-corrige-harmonise-national-bepc-2026-dictee-cameroun-pdf,https://epreuvesetcorriges.com/categories/cameroun/examens/bepc/42889-corrige-harmonise-national-bepc-2026-dictee-cameroun-pdf/download,epreuvesetcorriges
BEPC,2026,Epreuve BEPC 2026 – Mathématiques – Cameroun (PDF),https://epreuvesetcorriges.com/categories/cameroun/examens/bepc/42890-epreuve-bepc-2026-mathematiques-cameroun-pdf,https://epreuvesetcorriges.com/categories/cameroun/examens/bepc/42890-epreuve-bepc-2026-mathematiques-cameroun-pdf/download,epreuvesetcorriges
BEPC,2026,ECM BEPC 2026 – Cameroun (PDF),https://epreuvesetcorriges.com/categories/cameroun/examens/bepc/42976-ecm-bepc-2026-cameroun-pdf,https://epreuvesetcorriges.com/categories/cameroun/examens/bepc/42976-ecm-bepc-2026-cameroun-pdf/download,epreuvesetcorriges
BEPC,2026,Epreuve facultative Déssin BEPC 2026 – Cameroun (PDF),https://epreuvesetcorriges.com/categories/cameroun/examens/bepc/42977-epreuve-facultative-dessin-bepc-2026-cameroun-pdf,https://epreuvesetcorriges.com/categories/cameroun/examens/bepc/42977-epreuve-facultative-dessin-bepc-2026-cameroun-pdf/download,epreuvesetcorriges
BEPC,2026,Espagnol BEPC 2026 – Cameroun (PDF),https://epreuvesetcorriges.com/categories/cameroun/examens/bepc/42978-espagnol-bepc-2026-cameroun-pdf,https://epreuvesetcorriges.com/categories/cameroun/examens/bepc/42978-espagnol-bepc-2026-cameroun-pdf/download,epreuvesetcorriges
BEPC,2026,Etude de texte BEPC 2026 – Cameroun (PDF),https://epreuvesetcorriges.com/categories/cameroun/examens/bepc/42979-etude-de-texte-bepc-2026-cameroun-pdf,https://epreuvesetcorriges.com/categories/cameroun/examens/bepc/42979-etude-de-texte-bepc-2026-cameroun-pdf/download,epreuvesetcorriges
BEPC,2026,Expression Écrite BEPC 2026 – Cameroun (PDF),https://epreuvesetcorriges.com/categories/cameroun/examens/bepc/42980-expression-ecrite-bepc-2026-cameroun-pdf,https://epreuvesetcorriges.com/categories/cameroun/examens/bepc/42980-expression-ecrite-bepc-2026-cameroun-pdf/download,epreuvesetcorriges
BEPC,2026,Géographie BEPC 2026 – Cameroun (PDF),https://epreuvesetcorriges.com/categories/cameroun/examens/bepc/42981-geographie-bepc-2026-cameroun-pdf,https://epreuvesetcorriges.com/categories/cameroun/examens/bepc/42981-geographie-bepc-2026-cameroun-pdf/download,epreuvesetcorriges
BEPC,2026,Informatique BEPC 2026 – Cameroun (PDF),https://epreuvesetcorriges.com/categories/cameroun/examens/bepc/42982-informatique-bepc-2026-cameroun-pdf,https://epreuvesetcorriges.com/categories/cameroun/examens/bepc/42982-informatique-bepc-2026-cameroun-pdf/download,epreuvesetcorriges
BEPC,2026,Mathématiques BEPC 2026 – Cameroun (PDF),https://epreuvesetcorriges.com/categories/cameroun/examens/bepc/42983-mathematiques-bepc-2026-cameroun-pdf,https://epreuvesetcorriges.com/categories/cameroun/examens/bepc/42983-mathematiques-bepc-2026-cameroun-pdf/download,epreuvesetcorriges
BEPC,2026,PCT BEPC 2026 – Cameroun (PDF),https://epreuvesetcorriges.com/categories/cameroun/examens/bepc/42984-pct-bepc-2026-cameroun-pdf,https://epreuvesetcorriges.com/categories/cameroun/examens/bepc/42984-pct-bepc-2026-cameroun-pdf/download,epreuvesetcorriges
BEPC,2026,SVTEEHB BEPC 2026 – Cameroun (PDF),https://epreuvesetcorriges.com/categories/cameroun/examens/bepc/42985-svteehb-bepc-2026-cameroun-pdf,https://epreuvesetcorriges.com/categories/cameroun/examens/bepc/42985-svteehb-bepc-2026-cameroun-pdf/download,epreuvesetcorriges
BEPC,2026,Fascicule Corrigés Harmonisés Nationaux BEPC 2026 – Cameroun (PDF),https://epreuvesetcorriges.com/categories/cameroun/examens/bepc/42997-fascicule-corriges-harmonises-nationaux-bepc-2026-cameroun-pdf,https://epreuvesetcorriges.com/categories/cameroun/examens/bepc/42997-fascicule-corriges-harmonises-nationaux-bepc-2026-cameroun-pdf/download,epreuvesetcorriges
BEPC,2026,Fascicule Épreuves BEPC 2026 – Cameroun (PDF),https://epreuvesetcorriges.com/categories/cameroun/examens/bepc/42998-fascicule-epreuves-bepc-2026-cameroun-pdf,https://epreuvesetcorriges.com/categories/cameroun/examens/bepc/42998-fascicule-epreuves-bepc-2026-cameroun-pdf/download,epreuvesetcorriges
Probatoire,2018,MATHÉMATIQUES COLLÈGE DE LA RETRAITE PROBATOIRE BLANC N°1 SÉRIE A 2018,https://epreuvesetcorriges.com/categories/cameroun/examens/probatoire/3497-mathematiques-college-de-la-retraite-probatoire-blanc-n-1-serie-a-2018,https://epreuvesetcorriges.com/categories/cameroun/examens/probatoire/3497-mathematiques-college-de-la-retraite-probatoire-blanc-n-1-serie-a-2018/download,epreuvesetcorriges
Probatoire,2019,MATHÉMATIQUES COLLÈGE DE LA RETRAITE PROBATOIRE BLANC SÉRIE C 2019,https://epreuvesetcorriges.com/categories/cameroun/examens/probatoire/3498-mathematiques-college-de-la-retraite-probatoire-blanc-serie-c-2019,https://epreuvesetcorriges.com/categories/cameroun/examens/probatoire/3498-mathematiques-college-de-la-retraite-probatoire-blanc-serie-c-2019/download,epreuvesetcorriges
Probatoire,2019,MATHÉMATIQUES COLLÈGE DE LA RETRAITE PROBATOIRE BLANC SÉRIE D 2019,https://epreuvesetcorriges.com/categories/cameroun/examens/probatoire/3499-mathematiques-college-de-la-retraite-probatoire-blanc-serie-d-2019,https://epreuvesetcorriges.com/categories/cameroun/examens/probatoire/3499-mathematiques-college-de-la-retraite-probatoire-blanc-serie-d-2019/download,epreuvesetcorriges
Probatoire,2018,MATHÉMATIQUES COLLÈGE DE LA RETRAITE PROBATOIRE BLANC SÉRIE D AVRIL 2018 (2),https://epreuvesetcorriges.com/categories/cameroun/examens/probatoire/3500-mathematiques-college-de-la-retraite-probatoire-blanc-serie-d-avril-2018-2,https://epreuvesetcorriges.com/categories/cameroun/examens/probatoire/3500-mathematiques-college-de-la-retraite-probatoire-blanc-serie-d-avril-2018-2/download,epreuvesetcorriges
Probatoire,2018,MATHÉMATIQUES COLLÈGE DE LA RETRAITE PROBATOIRE BLANC SÉRIE D AVRIL 2018,https://epreuvesetcorriges.com/categories/cameroun/examens/probatoire/3501-mathematiques-college-de-la-retraite-probatoire-blanc-serie-d-avril-2018,https://epreuvesetcorriges.com/categories/cameroun/examens/probatoire/3501-mathematiques-college-de-la-retraite-probatoire-blanc-serie-d-avril-2018/download,epreuvesetcorriges
Probatoire,2018,MATHÉMATIQUES COLLÈGE LA CONQUÊTE PROBATOIRE BLANC SÉRIE D 2018,https://epreuvesetcorriges.com/categories/cameroun/examens/probatoire/3502-mathematiques-college-la-conquete-probatoire-blanc-serie-d-2018,https://epreuvesetcorriges.com/categories/cameroun/examens/probatoire/3502-mathematiques-college-la-conquete-probatoire-blanc-serie-d-2018/download,epreuvesetcorriges
Probatoire,2015,MATHÉMATIQUES COLLÈGE PRIVÉ LAÏC LA FONTAINE PROBATOIRE BLANC SÉRIE C 2015,https://epreuvesetcorriges.com/categories/cameroun/examens/probatoire/3503-mathematiques-college-prive-laic-la-fontaine-probatoire-blanc-serie-c-2015,https://epreuvesetcorriges.com/categories/cameroun/examens/probatoire/3503-mathematiques-college-prive-laic-la-fontaine-probatoire-blanc-serie-c-2015/download,epreuvesetcorriges
Probatoire,2018,MATHÉMATIQUES COLLÈGE PRIVÉ LES LILAS PROBATOIRE BLANC N°1 SÉRIE D 2018,https://epreuvesetcorriges.com/categories/cameroun/examens/probatoire/3504-mathematiques-college-prive-les-lilas-probatoire-blanc-n-1-serie-d-2018,https://epreuvesetcorriges.com/categories/cameroun/examens/probatoire/3504-mathematiques-college-prive-les-lilas-probatoire-blanc-n-1-serie-d-2018/download,epreuvesetcorriges
Probatoire,2018,MATHÉMATIQUES COLLÈGE PRIVÉ LES LILAS PROBATOIRE BLANC N°1 SÉRIE D AVRIL 2018,https://epreuvesetcorriges.com/categories/cameroun/examens/probatoire/3505-mathematiques-college-prive-les-lilas-probatoire-blanc-n-1-serie-d-avril-2018,https://epreuvesetcorriges.com/categories/cameroun/examens/probatoire/3505-mathematiques-college-prive-les-lilas-probatoire-blanc-n-1-serie-d-avril-2018/download,epreuvesetcorriges
Probatoire,2018,MATHÉMATIQUES COLLÈGE VOGT PROBATOIRE BLANC SÉRIE D MAI 2018 (2),https://epreuvesetcorriges.com/categories/cameroun/examens/probatoire/3506-mathematiques-college-vogt-probatoire-blanc-serie-d-mai-2018-2,https://epreuvesetcorriges.com/categories/cameroun/examens/probatoire/3506-mathematiques-college-vogt-probatoire-blanc-serie-d-mai-2018-2/download,epreuvesetcorriges
Probatoire,2018,MATHÉMATIQUES COLLÈGE VOGT PROBATOIRE BLANC SÉRIE D MAI 2018,https://epreuvesetcorriges.com/categories/cameroun/examens/probatoire/3507-mathematiques-college-vogt-probatoire-blanc-serie-d-mai-2018,https://epreuvesetcorriges.com/categories/cameroun/examens/probatoire/3507-mathematiques-college-vogt-probatoire-blanc-serie-d-mai-2018/download,epreuvesetcorriges
Probatoire,2018,MATHÉMATIQUES INSTITUT POLYVALENT NINBERT PROBATOIRE BLANC SÉRIE D MAI 2018,https://epreuvesetcorriges.com/categories/cameroun/examens/probatoire/3508-mathematiques-institut-polyvalent-ninbert-probatoire-blanc-serie-d-mai-2018,https://epreuvesetcorriges.com/categories/cameroun/examens/probatoire/3508-mathematiques-institut-polyvalent-ninbert-probatoire-blanc-serie-d-mai-2018/download,epreuvesetcorriges
Probatoire,2019,MATHÉMATIQUES LYCÉE BILINGUE DE FOSSONG PROBATOIRE BLANC N°1 SÉRIE A 2019,https://epreuvesetcorriges.com/categories/cameroun/examens/probatoire/3509-mathematiques-lycee-bilingue-de-fossong-probatoire-blanc-n-1-serie-a-2019,https://epreuvesetcorriges.com/categories/cameroun/examens/probatoire/3509-mathematiques-lycee-bilingue-de-fossong-probatoire-blanc-n-1-serie-a-2019/download,epreuvesetcorriges
Probatoire,2019,MATHÉMATIQUES LYCÉE DE BAMENDOU PROBATOIRE BLANC N°1 SÉRIE A 2019,https://epreuvesetcorriges.com/categories/cameroun/examens/probatoire/3510-mathematiques-lycee-de-bamendou-probatoire-blanc-n-1-serie-a-2019,https://epreuvesetcorriges.com/categories/cameroun/examens/probatoire/3510-mathematiques-lycee-de-bamendou-probatoire-blanc-n-1-serie-a-2019/download,epreuvesetcorriges
Probatoire,2019,MATHÉMATIQUES PROBATOIRE A 2019,https://epreuvesetcorriges.com/categories/cameroun/examens/probatoire/3511-mathematiques-probatoire-a-2019,https://epreuvesetcorriges.com/categories/cameroun/examens/probatoire/3511-mathematiques-probatoire-a-2019/download,epreuvesetcorriges
Probatoire,2018,MATHÉMATIQUES PROBATOIRE BLANC SÉRIE D 2018,https://epreuvesetcorriges.com/categories/cameroun/examens/probatoire/3512-mathematiques-probatoire-blanc-serie-d-2018,https://epreuvesetcorriges.com/categories/cameroun/examens/probatoire/3512-mathematiques-probatoire-blanc-serie-d-2018/download,epreuvesetcorriges
Probatoire,2019,MATHÉMATIQUES PROBATOIRE D 2019,https://epreuvesetcorriges.com/categories/cameroun/examens/probatoire/3513-mathematiques-probatoire-d-2019,https://epreuvesetcorriges.com/categories/cameroun/examens/probatoire/3513-mathematiques-probatoire-d-2019/download,epreuvesetcorriges
Probatoire,2019,ALLEMAND COLLÈGE DE LA RETRAITE PROBATOIRE BLANC SÉRIE A 2019,https://epreuvesetcorriges.com/categories/cameroun/examens/probatoire/3514-allemand-college-de-la-retraite-probatoire-blanc-serie-a-2019,https://epreuvesetcorriges.com/categories/cameroun/examens/probatoire/3514-allemand-college-de-la-retraite-probatoire-blanc-serie-a-2019/download,epreuvesetcorriges
Probatoire,2019,ALLEMAND LYCÉE BILINGUE DE YAOUNDÉ PROBATOIRE BLANC SÉRIE A 2019,https://epreuvesetcorriges.com/categories/cameroun/examens/probatoire/3515-allemand-lycee-bilingue-de-yaounde-probatoire-blanc-serie-a-2019,https://epreuvesetcorriges.com/categories/cameroun/examens/probatoire/3515-allemand-lycee-bilingue-de-yaounde-probatoire-blanc-serie-a-2019/download,epreuvesetcorriges
Probatoire,2018,ALLEMAND PROBATOIRE A 2018,https://epreuvesetcorriges.com/categories/cameroun/examens/probatoire/3516-allemand-probatoire-a-2018,https://epreuvesetcorriges.com/categories/cameroun/examens/probatoire/3516-allemand-probatoire-a-2018/download,epreuvesetcorriges
Probatoire,2018,CHIMIE COLLÈGE BILINGUE DJA’ANKEU PROBATOIRE BLANC N°3 SÉRIE D 2018,https://epreuvesetcorriges.com/categories/cameroun/examens/probatoire/3517-chimie-college-bilingue-dja-ankeu-probatoire-blanc-n-3-serie-d-2018,https://epreuvesetcorriges.com/categories/cameroun/examens/probatoire/3517-chimie-college-bilingue-dja-ankeu-probatoire-blanc-n-3-serie-d-2018/download,epreuvesetcorriges
Probatoire,2017,CHIMIE COLLÈGE CATHOLIQUE BILINGUE SAINT BENOIT PROBATOIRE BLANC SÉRIE C D 2017,https://epreuvesetcorriges.com/categories/cameroun/examens/probatoire/3518-chimie-college-catholique-bilingue-saint-benoit-probatoire-blanc-serie-c-d-2017,https://epreuvesetcorriges.com/categories/cameroun/examens/probatoire/3518-chimie-college-catholique-bilingue-saint-benoit-probatoire-blanc-serie-c-d-2017/download,epreuvesetcorriges
Probatoire,2017,CHIMIE COLLÈGE CATHOLIQUE BILINGUE SAINT BENOÎT PROBATOIRE BLANC SÉRIE C D AVRIL 2017,https://epreuvesetcorriges.com/categories/cameroun/examens/probatoire/3519-chimie-college-catholique-bilingue-saint-benoit-probatoire-blanc-serie-c-d-avril-2017,https://epreuvesetcorriges.com/categories/cameroun/examens/probatoire/3519-chimie-college-catholique-bilingue-saint-benoit-probatoire-blanc-serie-c-d-avril-2017/download,epreuvesetcorriges
Probatoire,2019,CHIMIE COLLÈGE DE LA RETRAITE PROBATOIRE BLANC SÉRIE C D N°1- 2019,https://epreuvesetcorriges.com/categories/cameroun/examens/probatoire/3520-chimie-college-de-la-retraite-probatoire-blanc-serie-c-d-n-1-2019,https://epreuvesetcorriges.com/categories/cameroun/examens/probatoire/3520-chimie-college-de-la-retraite-probatoire-blanc-serie-c-d-n-1-2019/download,epreuvesetcorriges
Probatoire,2018,CHIMIE COLLÈGE DJA’ANKEU PARTIELLES PROBATOIRE SÉRIE D 2018,https://epreuvesetcorriges.com/categories/cameroun/examens/probatoire/3521-chimie-college-dja-ankeu-partielles-probatoire-serie-d-2018,https://epreuvesetcorriges.com/categories/cameroun/examens/probatoire/3521-chimie-college-dja-ankeu-partielles-probatoire-serie-d-2018/download,epreuvesetcorriges
Probatoire,,CHIMIE COLLÈGE PRIVE BILINGUE DJA’ANKEU PARTIELLES PROBATOIRE SÉRIE C D,https://epreuvesetcorriges.com/categories/cameroun/examens/probatoire/3522-chimie-college-prive-bilingue-dja-ankeu-partielles-probatoire-serie-c-d,https://epreuvesetcorriges.com/categories/cameroun/examens/probatoire/3522-chimie-college-prive-bilingue-dja-ankeu-partielles-probatoire-serie-c-d/download,epreuvesetcorriges
Probatoire,,CHIMIE COLLÈGE PRIVE BILINGUE DJA’ANKEU PROBATOIRE BLANC N°3 SÉRIE C D,https://epreuvesetcorriges.com/categories/cameroun/examens/probatoire/3523-chimie-college-prive-bilingue-dja-ankeu-probatoire-blanc-n-3-serie-c-d,https://epreuvesetcorriges.com/categories/cameroun/examens/probatoire/3523-chimie-college-prive-bilingue-dja-ankeu-probatoire-blanc-n-3-serie-c-d/download,epreuvesetcorriges
Probatoire,2019,CHIMIE COLLÈGE VOGT PROBATOIRE BLANC SÉRIE C D MAI 2019,https://epreuvesetcorriges.com/categories/cameroun/examens/probatoire/3524-chimie-college-vogt-probatoire-blanc-serie-c-d-mai-2019,https://epreuvesetcorriges.com/categories/cameroun/examens/probatoire/3524-chimie-college-vogt-probatoire-blanc-serie-c-d-mai-2019/download,epreuvesetcorriges
Probatoire,2019,CHIMIE LYCÉE BILINGUE DE YAOUNDÉ PROBATOIRE BLANC SÉRIE A 2019,https://epreuvesetcorriges.com/categories/cameroun/examens/probatoire/3525-chimie-lycee-bilingue-de-yaounde-probatoire-blanc-serie-a-2019,https://epreuvesetcorriges.com/categories/cameroun/examens/probatoire/3525-chimie-lycee-bilingue-de-yaounde-probatoire-blanc-serie-a-2019/download,epreuvesetcorriges
Probatoire,2015,CHIMIE LYCEE BILINGUE DE YAOUNDE PROBATOIRE BLANC SÉRIE C D 2015,https://epreuvesetcorriges.com/categories/cameroun/examens/probatoire/3526-chimie-lycee-bilingue-de-yaounde-probatoire-blanc-serie-c-d-2015,https://epreuvesetcorriges.com/categories/cameroun/examens/probatoire/3526-chimie-lycee-bilingue-de-yaounde-probatoire-blanc-serie-c-d-2015/download,epreuvesetcorriges
Probatoire,2017,CHIMIE LYCÉE BILINGUE DE YAOUNDÉ PROBATOIRE BLANC SÉRIE C D MARS 2017,https://epreuvesetcorriges.com/categories/cameroun/examens/probatoire/3527-chimie-lycee-bilingue-de-yaounde-probatoire-blanc-serie-c-d-mars-2017,https://epreuvesetcorriges.com/categories/cameroun/examens/probatoire/3527-chimie-lycee-bilingue-de-yaounde-probatoire-blanc-serie-c-d-mars-2017/download,epreuvesetcorriges
Probatoire,2014,CHIMIE LYCEE BILINGUE DE YAOUNDÉ PROBATOIRE BLANC SÉRIE D 2014,https://epreuvesetcorriges.com/categories/cameroun/examens/probatoire/3528-chimie-lycee-bilingue-de-yaounde-probatoire-blanc-serie-d-2014,https://epreuvesetcorriges.com/categories/cameroun/examens/probatoire/3528-chimie-lycee-bilingue-de-yaounde-probatoire-blanc-serie-d-2014/download,epreuvesetcorriges
Probatoire,2017,CHIMIE LYCEE D’AHALA PROBATOIRE BLANC SÉRIE C D 2017,https://epreuvesetcorriges.com/categories/cameroun/examens/probatoire/3529-chimie-lycee-d-ahala-probatoire-blanc-serie-c-d-2017,https://epreuvesetcorriges.com/categories/cameroun/examens/probatoire/3529-chimie-lycee-d-ahala-probatoire-blanc-serie-c-d-2017/download,epreuvesetcorriges
Probatoire,2018,CHIMIE PROBATOIRE BLANC SÉRIE C D MAI 2018,https://epreuvesetcorriges.com/categories/cameroun/examens/probatoire/3530-chimie-probatoire-blanc-serie-c-d-mai-2018,https://epreuvesetcorriges.com/categories/cameroun/examens/probatoire/3530-chimie-probatoire-blanc-serie-c-d-mai-2018/download,epreuvesetcorriges
Probatoire,2018,CONTRACTION DE TEXTE LYCÉE BILINGUE DE YAOUNDÉ PROBATOIRE BLANC SÉRIE A C D SEQ5-2018,https://epreuvesetcorriges.com/categories/cameroun/examens/probatoire/3532-contraction-de-texte-lycee-bilingue-de-yaounde-probatoire-blanc-serie-a-c-d-seq5-2018,https://epreuvesetcorriges.com/categories/cameroun/examens/probatoire/3532-contraction-de-texte-lycee-bilingue-de-yaounde-probatoire-blanc-serie-a-c-d-seq5-2018/download,epreuvesetcorriges
Probatoire,2018,ECM COLLÈGE PRIVE BILINGUE DJA’ANKEU PROBATOIRE BLANC N°1 SÉRIE C D 2018,https://epreuvesetcorriges.com/categories/cameroun/examens/probatoire/3533-ecm-college-prive-bilingue-dja-ankeu-probatoire-blanc-n-1-serie-c-d-2018,https://epreuvesetcorriges.com/categories/cameroun/examens/probatoire/3533-ecm-college-prive-bilingue-dja-ankeu-probatoire-blanc-n-1-serie-c-d-2018/download,epreuvesetcorriges
Probatoire,2019,ECM LYCÉE BILINGUE DE YAOUNDÉ PROBATOIRE BLANC SÉRIE A C D 2019,https://epreuvesetcorriges.com/categories/cameroun/examens/probatoire/3534-ecm-lycee-bilingue-de-yaounde-probatoire-blanc-serie-a-c-d-2019,https://epreuvesetcorriges.com/categories/cameroun/examens/probatoire/3534-ecm-lycee-bilingue-de-yaounde-probatoire-blanc-serie-a-c-d-2019/download,epreuvesetcorriges
Probatoire,2019,ECM PROBATOIRE A C D 2019,https://epreuvesetcorriges.com/categories/cameroun/examens/probatoire/3535-ecm-probatoire-a-c-d-2019,https://epreuvesetcorriges.com/categories/cameroun/examens/probatoire/3535-ecm-probatoire-a-c-d-2019/download,epreuvesetcorriges
Probatoire,,EPREUVES COLLÈGE DE LA RETRAITE PROBATOIRE BLANC SÉRIE A C D 2008,https://epreuvesetcorriges.com/categories/cameroun/examens/probatoire/3536-epreuves-college-de-la-retraite-probatoire-blanc-serie-a-c-d-2008,https://epreuvesetcorriges.com/categories/cameroun/examens/probatoire/3536-epreuves-college-de-la-retraite-probatoire-blanc-serie-a-c-d-2008/download,epreuvesetcorriges
Probatoire,,EPREUVES COLLÈGE DE LA RETRAITE PROBATOIRE BLANC SÉRIE A C D 2009,https://epreuvesetcorriges.com/categories/cameroun/examens/probatoire/3537-epreuves-college-de-la-retraite-probatoire-blanc-serie-a-c-d-2009,https://epreuvesetcorriges.com/categories/cameroun/examens/probatoire/3537-epreuves-college-de-la-retraite-probatoire-blanc-serie-a-c-d-2009/download,epreuvesetcorriges
Probatoire,2013,EPREUVES PROBATOIRE A C D 2013,https://epreuvesetcorriges.com/categories/cameroun/examens/probatoire/3538-epreuves-probatoire-a-c-d-2013,https://epreuvesetcorriges.com/categories/cameroun/examens/probatoire/3538-epreuves-probatoire-a-c-d-2013/download,epreuvesetcorriges
Probatoire,2018,EPREUVES PROBATOIRE A C D 2018,https://epreuvesetcorriges.com/categories/cameroun/examens/probatoire/3539-epreuves-probatoire-a-c-d-2018,https://epreuvesetcorriges.com/categories/cameroun/examens/probatoire/3539-epreuves-probatoire-a-c-d-2018/download,epreuvesetcorriges
Probatoire,2019,EPS LYCÉE BILINGUE DE YAOUNDÉ PROBATOIRE BLANC SÉRIE A C D 2019,https://epreuvesetcorriges.com/categories/cameroun/examens/probatoire/3540-eps-lycee-bilingue-de-yaounde-probatoire-blanc-serie-a-c-d-2019,https://epreuvesetcorriges.com/categories/cameroun/examens/probatoire/3540-eps-lycee-bilingue-de-yaounde-probatoire-blanc-serie-a-c-d-2019/download,epreuvesetcorriges
Probatoire,2018,ESPAGNOL COLLÈGE DE LA RETRAITE PROBATOIRE BLANC N°1 SÉRIE A 2018,https://epreuvesetcorriges.com/categories/cameroun/examens/probatoire/3541-espagnol-college-de-la-retraite-probatoire-blanc-n-1-serie-a-2018,https://epreuvesetcorriges.com/categories/cameroun/examens/probatoire/3541-espagnol-college-de-la-retraite-probatoire-blanc-n-1-serie-a-2018/download,epreuvesetcorriges
Probatoire,2016,ESPAGNOL LYCÉE BILINGUE D’AMBAM PROBATOIRE BLANC SÉRIE A 2016,https://epreuvesetcorriges.com/categories/cameroun/examens/probatoire/3542-espagnol-lycee-bilingue-d-ambam-probatoire-blanc-serie-a-2016,https://epreuvesetcorriges.com/categories/cameroun/examens/probatoire/3542-espagnol-lycee-bilingue-d-ambam-probatoire-blanc-serie-a-2016/download,epreuvesetcorriges
Probatoire,2018,GÉOGRAPHIE COLLÈGE DE LA RETRAITE PROBATOIRE BLANC SÉRIE A C D 2018,https://epreuvesetcorriges.com/categories/cameroun/examens/probatoire/3543-geographie-college-de-la-retraite-probatoire-blanc-serie-a-c-d-2018,https://epreuvesetcorriges.com/categories/cameroun/examens/probatoire/3543-geographie-college-de-la-retraite-probatoire-blanc-serie-a-c-d-2018/download,epreuvesetcorriges
Probatoire,2018,GÉOGRAPHIE COLLÈGE PRIVE BILINGUE DJA’ANKEU PROBATOIRE BLANC SÉRIE A C D 2018,https://epreuvesetcorriges.com/categories/cameroun/examens/probatoire/3544-geographie-college-prive-bilingue-dja-ankeu-probatoire-blanc-serie-a-c-d-2018,https://epreuvesetcorriges.com/categories/cameroun/examens/probatoire/3544-geographie-college-prive-bilingue-dja-ankeu-probatoire-blanc-serie-a-c-d-2018/download,epreuvesetcorriges
Probatoire,2018,GÉOGRAPHIE EPREUVE ZÉRO PROBATOIRE A C D 2018,https://epreuvesetcorriges.com/categories/cameroun/examens/probatoire/3545-geographie-epreuve-zero-probatoire-a-c-d-2018,https://epreuvesetcorriges.com/categories/cameroun/examens/probatoire/3545-geographie-epreuve-zero-probatoire-a-c-d-2018/download,epreuvesetcorriges
Probatoire,2018,GEOGRAPHIE PROBATOIRE C D 2018,https://epreuvesetcorriges.com/categories/cameroun/examens/probatoire/3546-geographie-probatoire-c-d-2018,https://epreuvesetcorriges.com/categories/cameroun/examens/probatoire/3546-geographie-probatoire-c-d-2018/download,epreuvesetcorriges
Probatoire,2019,HISTOIRE LYCÉE BILINGUE DE YAOUNDÉ PROBATOIRE BLANC SÉRIE A C D 2019,https://epreuvesetcorriges.com/categories/cameroun/examens/probatoire/3547-histoire-lycee-bilingue-de-yaounde-probatoire-blanc-serie-a-c-d-2019,https://epreuvesetcorriges.com/categories/cameroun/examens/probatoire/3547-histoire-lycee-bilingue-de-yaounde-probatoire-blanc-serie-a-c-d-2019/download,epreuvesetcorriges
Probatoire,2018,INFORMATIQUE COLLÈGE PRIVE BILINGUE DJA’ANKEU PROBATOIRE BLANC SÉRIE A C D 2018,https://epreuvesetcorriges.com/categories/cameroun/examens/probatoire/3548-informatique-college-prive-bilingue-dja-ankeu-probatoire-blanc-serie-a-c-d-2018,https://epreuvesetcorriges.com/categories/cameroun/examens/probatoire/3548-informatique-college-prive-bilingue-dja-ankeu-probatoire-blanc-serie-a-c-d-2018/download,epreuvesetcorriges
Probatoire,2015,INFORMATIQUE COLLÈGE PRIVE LAÏC LA FONTAINE PROBATOIRE BLANC SÉRIE A C D 2015,https://epreuvesetcorriges.com/categories/cameroun/examens/probatoire/3549-informatique-college-prive-laic-la-fontaine-probatoire-blanc-serie-a-c-d-2015,https://epreuvesetcorriges.com/categories/cameroun/examens/probatoire/3549-informatique-college-prive-laic-la-fontaine-probatoire-blanc-serie-a-c-d-2015/download,epreuvesetcorriges
Probatoire,2018,INFORMATIQUE COLLÈGE VOGT PROBATOIRE BLANC SÉRIE A C D 2018,https://epreuvesetcorriges.com/categories/cameroun/examens/probatoire/3550-informatique-college-vogt-probatoire-blanc-serie-a-c-d-2018,https://epreuvesetcorriges.com/categories/cameroun/examens/probatoire/3550-informatique-college-vogt-probatoire-blanc-serie-a-c-d-2018/download,epreuvesetcorriges
Probatoire,2019,INFORMATIQUE PROBATOIRE A C D 2019,https://epreuvesetcorriges.com/categories/cameroun/examens/probatoire/3551-informatique-probatoire-a-c-d-2019,https://epreuvesetcorriges.com/categories/cameroun/examens/probatoire/3551-informatique-probatoire-a-c-d-2019/download,epreuvesetcorriges
Probatoire,2018,LANGUE FRANÇAISE COLLÈGE DE LA RETRAITE PROBATOIRE BLANC N°1 SÉRIE A 2018,https://epreuvesetcorriges.com/categories/cameroun/examens/probatoire/3552-langue-francaise-college-de-la-retraite-probatoire-blanc-n-1-serie-a-2018,https://epreuvesetcorriges.com/categories/cameroun/examens/probatoire/3552-langue-francaise-college-de-la-retraite-probatoire-blanc-n-1-serie-a-2018/download,epreuvesetcorriges
Probatoire,2018,LITTÉRATURE COLLÈGE DE LA RETRAITE PROBATOIRE BLANC N°1 SÉRIE A 2018,https://epreuvesetcorriges.com/categories/cameroun/examens/probatoire/3553-litterature-college-de-la-retraite-probatoire-blanc-n-1-serie-a-2018,https://epreuvesetcorriges.com/categories/cameroun/examens/probatoire/3553-litterature-college-de-la-retraite-probatoire-blanc-n-1-serie-a-2018/download,epreuvesetcorriges
Probatoire,2018,LITTÉRATURE COLLÈGE PRIVE BILINGUE DJA’ANKEU PROBATOIRE BLANC SÉRIE A C D 2018,https://epreuvesetcorriges.com/categories/cameroun/examens/probatoire/3554-litterature-college-prive-bilingue-dja-ankeu-probatoire-blanc-serie-a-c-d-2018,https://epreuvesetcorriges.com/categories/cameroun/examens/probatoire/3554-litterature-college-prive-bilingue-dja-ankeu-probatoire-blanc-serie-a-c-d-2018/download,epreuvesetcorriges
Probatoire,2019,LITTÉRATURE OU CULTURE GÉNÉRALE LYCÉE BILINGUE DE YAOUNDÉ PROBATOIRE BLANC SÉRIE A C D 2019,https://epreuvesetcorriges.com/categories/cameroun/examens/probatoire/3555-litterature-ou-culture-generale-lycee-bilingue-de-yaounde-probatoire-blanc-serie-a-c-d-2019,https://epreuvesetcorriges.com/categories/cameroun/examens/probatoire/3555-litterature-ou-culture-generale-lycee-bilingue-de-yaounde-probatoire-blanc-serie-a-c-d-2019/download,epreuvesetcorriges
Probatoire,2018,LITTÉRATURE OU CULTURE GENERALE PROBATOIRE A C D 2018,https://epreuvesetcorriges.com/categories/cameroun/examens/probatoire/3556-litterature-ou-culture-generale-probatoire-a-c-d-2018,https://epreuvesetcorriges.com/categories/cameroun/examens/probatoire/3556-litterature-ou-culture-generale-probatoire-a-c-d-2018/download,epreuvesetcorriges
Probatoire,2019,PHILOSOPHIE COLLÈGE DE LA RETRAITE PROBATOIRE BLANC N°1 SÉRIE A 2019,https://epreuvesetcorriges.com/categories/cameroun/examens/probatoire/3557-philosophie-college-de-la-retraite-probatoire-blanc-n-1-serie-a-2019,https://epreuvesetcorriges.com/categories/cameroun/examens/probatoire/3557-philosophie-college-de-la-retraite-probatoire-blanc-n-1-serie-a-2019/download,epreuvesetcorriges
Probatoire,2017,PHYSIQUE COLLÈGE CATHOLIQUE BILINGUE SAINT BENOIT PROBATOIRE BLANC SÉRIE D 2017,https://epreuvesetcorriges.com/categories/cameroun/examens/probatoire/3558-physique-college-catholique-bilingue-saint-benoit-probatoire-blanc-serie-d-2017,https://epreuvesetcorriges.com/categories/cameroun/examens/probatoire/3558-physique-college-catholique-bilingue-saint-benoit-probatoire-blanc-serie-d-2017/download,epreuvesetcorriges
Probatoire,2018,PHYSIQUE COLLÈGE DE LA RETRAITE PROBATOIRE BLANC SÉRIE D 2018,https://epreuvesetcorriges.com/categories/cameroun/examens/probatoire/3559-physique-college-de-la-retraite-probatoire-blanc-serie-d-2018,https://epreuvesetcorriges.com/categories/cameroun/examens/probatoire/3559-physique-college-de-la-retraite-probatoire-blanc-serie-d-2018/download,epreuvesetcorriges
Probatoire,2018,PHYSIQUE COLLÈGE DE LA RETRAITE PROBATOIRE BLANC SÉRIE D AVRIL 2018,https://epreuvesetcorriges.com/categories/cameroun/examens/probatoire/3560-physique-college-de-la-retraite-probatoire-blanc-serie-d-avril-2018,https://epreuvesetcorriges.com/categories/cameroun/examens/probatoire/3560-physique-college-de-la-retraite-probatoire-blanc-serie-d-avril-2018/download,epreuvesetcorriges
Probatoire,2018,PHYSIQUE COLLÈGE LA CONQUÊTE PROBATOIRE BLANC SÉRIE D 2018,https://epreuvesetcorriges.com/categories/cameroun/examens/probatoire/3561-physique-college-la-conquete-probatoire-blanc-serie-d-2018,https://epreuvesetcorriges.com/categories/cameroun/examens/probatoire/3561-physique-college-la-conquete-probatoire-blanc-serie-d-2018/download,epreuvesetcorriges
Probatoire,,PHYSIQUE COLLÈGE LA CONQUÊTE PROBATOIRE BLANC SÉRIE D,https://epreuvesetcorriges.com/categories/cameroun/examens/probatoire/3562-physique-college-la-conquete-probatoire-blanc-serie-d,https://epreuvesetcorriges.com/categories/cameroun/examens/probatoire/3562-physique-college-la-conquete-probatoire-blanc-serie-d/download,epreuvesetcorriges
Probatoire,2018,PHYSIQUE COLLÈGE VOGT PROBATOIRE BLANC SÉRIE D MAI 2018,https://epreuvesetcorriges.com/categories/cameroun/examens/probatoire/3563-physique-college-vogt-probatoire-blanc-serie-d-mai-2018,https://epreuvesetcorriges.com/categories/cameroun/examens/probatoire/3563-physique-college-vogt-probatoire-blanc-serie-d-mai-2018/download,epreuvesetcorriges
Probatoire,2019,PHYSIQUE PROBATOIRE D 2019,https://epreuvesetcorriges.com/categories/cameroun/examens/probatoire/3564-physique-probatoire-d-2019,https://epreuvesetcorriges.com/categories/cameroun/examens/probatoire/3564-physique-probatoire-d-2019/download,epreuvesetcorriges
Probatoire,2018,PHYSIQUE-CHIMIE LYCÉE BILINGUE DE YAOUNDÉ PROBATOIRE BLANC SÉRIE A 2018,https://epreuvesetcorriges.com/categories/cameroun/examens/probatoire/3565-physique-chimie-lycee-bilingue-de-yaounde-probatoire-blanc-serie-a-2018,https://epreuvesetcorriges.com/categories/cameroun/examens/probatoire/3565-physique-chimie-lycee-bilingue-de-yaounde-probatoire-blanc-serie-a-2018/download,epreuvesetcorriges
Probatoire,2019,PHYSIQUE-CHIMIE PROBATOIRE A 2019,https://epreuvesetcorriges.com/categories/cameroun/examens/probatoire/3566-physique-chimie-probatoire-a-2019,https://epreuvesetcorriges.com/categories/cameroun/examens/probatoire/3566-physique-chimie-probatoire-a-2019/download,epreuvesetcorriges
Probatoire,2019,SVT COLLÈGE DE LA RETRAITE PROBATOIRE BLANC SÉRIE A 2019,https://epreuvesetcorriges.com/categories/cameroun/examens/probatoire/3567-svt-college-de-la-retraite-probatoire-blanc-serie-a-2019,https://epreuvesetcorriges.com/categories/cameroun/examens/probatoire/3567-svt-college-de-la-retraite-probatoire-blanc-serie-a-2019/download,epreuvesetcorriges
Probatoire,2017,SVT COMPLEXE SCOLAIRE BILINGUE ADVENTISTE LIVING STONE DE SIMBOCK PROBATOIRE BLANC N°1 SÉRIE A DÉCEMBRE 2017,https://epreuvesetcorriges.com/categories/cameroun/examens/probatoire/3568-svt-complexe-scolaire-bilingue-adventiste-living-stone-de-simbock-probatoire-blanc-n-1-serie-a-decembre-2017,https://epreuvesetcorriges.com/categories/cameroun/examens/probatoire/3568-svt-complexe-scolaire-bilingue-adventiste-living-stone-de-simbock-probatoire-blanc-n-1-serie-a-decembre-2017/download,epreuvesetcorriges
Probatoire,2018,SVT COMPLEXE SCOLAIRE BILINGUE ADVENTISTE LIVING STONE DE SIMBOCK PROBATOIRE BLANC N°2 SÉRIE A MARS 2018,https://epreuvesetcorriges.com/categories/cameroun/examens/probatoire/3569-svt-complexe-scolaire-bilingue-adventiste-living-stone-de-simbock-probatoire-blanc-n-2-serie-a-mars-2018,https://epreuvesetcorriges.com/categories/cameroun/examens/probatoire/3569-svt-complexe-scolaire-bilingue-adventiste-living-stone-de-simbock-probatoire-blanc-n-2-serie-a-mars-2018/download,epreuvesetcorriges
Probatoire,2019,SVT DÉLÉGATION RÉGIONALE DE L’EXTRÊME NORD PROBATOIRE BLANC SÉRIE A MAI 2019,https://epreuvesetcorriges.com/categories/cameroun/examens/probatoire/3570-svt-delegation-regionale-de-l-extreme-nord-probatoire-blanc-serie-a-mai-2019,https://epreuvesetcorriges.com/categories/cameroun/examens/probatoire/3570-svt-delegation-regionale-de-l-extreme-nord-probatoire-blanc-serie-a-mai-2019/download,epreuvesetcorriges
Probatoire,2019,SVT DÉLÉGATION RÉGIONALE DE L’EXTRÊME NORD PROBATOIRE BLANC SÉRIE C MAI 2019,https://epreuvesetcorriges.com/categories/cameroun/examens/probatoire/3571-svt-delegation-regionale-de-l-extreme-nord-probatoire-blanc-serie-c-mai-2019,https://epreuvesetcorriges.com/categories/cameroun/examens/probatoire/3571-svt-delegation-regionale-de-l-extreme-nord-probatoire-blanc-serie-c-mai-2019/download,epreuvesetcorriges
Probatoire,2019,SVT DÉLÉGATION RÉGIONALE DE L’EXTRÊME NORD PROBATOIRE BLANC SÉRIE D MAI 2019,https://epreuvesetcorriges.com/categories/cameroun/examens/probatoire/3572-svt-delegation-regionale-de-l-extreme-nord-probatoire-blanc-serie-d-mai-2019,https://epreuvesetcorriges.com/categories/cameroun/examens/probatoire/3572-svt-delegation-regionale-de-l-extreme-nord-probatoire-blanc-serie-d-mai-2019/download,epreuvesetcorriges
Probatoire,2018,SVT LYCÉE BILINGUE DE YAOUNDÉ PROBATOIRE BLANC SÉRIE A 2018,https://epreuvesetcorriges.com/categories/cameroun/examens/probatoire/3573-svt-lycee-bilingue-de-yaounde-probatoire-blanc-serie-a-2018,https://epreuvesetcorriges.com/categories/cameroun/examens/probatoire/3573-svt-lycee-bilingue-de-yaounde-probatoire-blanc-serie-a-2018/download,epreuvesetcorriges
Probatoire,2019,SVT LYCÉE BILINGUE DE YAOUNDÉ PROBATOIRE BLANC SÉRIE A 2019,https://epreuvesetcorriges.com/categories/cameroun/examens/probatoire/3574-svt-lycee-bilingue-de-yaounde-probatoire-blanc-serie-a-2019,https://epreuvesetcorriges.com/categories/cameroun/examens/probatoire/3574-svt-lycee-bilingue-de-yaounde-probatoire-blanc-serie-a-2019/download,epreuvesetcorriges
Probatoire,2019,SVT PROBATOIRE A 2019,https://epreuvesetcorriges.com/categories/cameroun/examens/probatoire/3575-svt-probatoire-a-2019,https://epreuvesetcorriges.com/categories/cameroun/examens/probatoire/3575-svt-probatoire-a-2019/download,epreuvesetcorriges
Probatoire,2018,SVT PROBATOIRE D 2018,https://epreuvesetcorriges.com/categories/cameroun/examens/probatoire/3576-svt-probatoire-d-2018,https://epreuvesetcorriges.com/categories/cameroun/examens/probatoire/3576-svt-probatoire-d-2018/download,epreuvesetcorriges
Probatoire,2019,SVT PROBATOIRE D 2019 SUJET 1,https://epreuvesetcorriges.com/categories/cameroun/examens/probatoire/3577-svt-probatoire-d-2019-sujet-1,https://epreuvesetcorriges.com/categories/cameroun/examens/probatoire/3577-svt-probatoire-d-2019-sujet-1/download,epreuvesetcorriges
Probatoire,2020,ALLEMAND COLLÈGE DE LA RETRAITE PREMIÈRE A PROBATOIRE BLANC-2020  CAMEROUN,https://epreuvesetcorriges.com/categories/cameroun/examens/probatoire/3793-allemand-college-de-la-retraite-premiere-a-probatoire-blanc-2020-cameroun,https://epreuvesetcorriges.com/categories/cameroun/examens/probatoire/3793-allemand-college-de-la-retraite-premiere-a-probatoire-blanc-2020-cameroun/download,epreuvesetcorriges
Probatoire,2020,ANGLAIS COLLÈGE DE LA RETRAITE PREMIÈRE A C D PROBATOIRE BLANC-2020  CAMEROUN,https://epreuvesetcorriges.com/categories/cameroun/examens/probatoire/3794-anglais-college-de-la-retraite-premiere-a-c-d-probatoire-blanc-2020-cameroun,https://epreuvesetcorriges.com/categories/cameroun/examens/probatoire/3794-anglais-college-de-la-retraite-premiere-a-c-d-probatoire-blanc-2020-cameroun/download,epreuvesetcorriges
Probatoire,2020,CHIMIE COLLÈGE DE LA RETRAITE PREMIÈRE C D PROBATOIRE BLANC N°1-2020  CAMEROUN,https://epreuvesetcorriges.com/categories/cameroun/examens/probatoire/3795-chimie-college-de-la-retraite-premiere-c-d-probatoire-blanc-n-1-2020-cameroun,https://epreuvesetcorriges.com/categories/cameroun/examens/probatoire/3795-chimie-college-de-la-retraite-premiere-c-d-probatoire-blanc-n-1-2020-cameroun/download,epreuvesetcorriges
Probatoire,2020,ESPAGNOL COLLÈGE DE LA RETRAITE PREMIÈRE A PROBATOIRE BLANC N°1-2020  CAMEROUN,https://epreuvesetcorriges.com/categories/cameroun/examens/probatoire/3796-espagnol-college-de-la-retraite-premiere-a-probatoire-blanc-n-1-2020-cameroun,https://epreuvesetcorriges.com/categories/cameroun/examens/probatoire/3796-espagnol-college-de-la-retraite-premiere-a-probatoire-blanc-n-1-2020-cameroun/download,epreuvesetcorriges
Probatoire,2020,GEOGRAPHIE COLLÈGE DE LA RETRAITE PREMIÈRE A C D PROBATOIRE BLANC-2020  CAMEROUN,https://epreuvesetcorriges.com/categories/cameroun/examens/probatoire/3797-geographie-college-de-la-retraite-premiere-a-c-d-probatoire-blanc-2020-cameroun,https://epreuvesetcorriges.com/categories/cameroun/examens/probatoire/3797-geographie-college-de-la-retraite-premiere-a-c-d-probatoire-blanc-2020-cameroun/download,epreuvesetcorriges
Probatoire,2020,GEOGRAPHIE COLLÈGE DE LA RETRAITE PREMIÈRE A C D PROBATOIRE BLANC-2020 (2)  CAMEROUN,https://epreuvesetcorriges.com/categories/cameroun/examens/probatoire/3798-geographie-college-de-la-retraite-premiere-a-c-d-probatoire-blanc-2020-2-cameroun,https://epreuvesetcorriges.com/categories/cameroun/examens/probatoire/3798-geographie-college-de-la-retraite-premiere-a-c-d-probatoire-blanc-2020-2-cameroun/download,epreuvesetcorriges
Probatoire,2020,GEOGRAPHIE LYCÉE GÉNÉRAL LECLERC PREMIÈRE A PROBATOIRE BLANC -2020  CAMEROUN,https://epreuvesetcorriges.com/categories/cameroun/examens/probatoire/3799-geographie-lycee-general-leclerc-premiere-a-probatoire-blanc-2020-cameroun,https://epreuvesetcorriges.com/categories/cameroun/examens/probatoire/3799-geographie-lycee-general-leclerc-premiere-a-probatoire-blanc-2020-cameroun/download,epreuvesetcorriges
Probatoire,2020,HISTOIRE LYCÉE GÉNÉRAL LECLERC PREMIÈRE C D PROBATOIRE BLANC FEVRIER-2020  CAMEROUN,https://epreuvesetcorriges.com/categories/cameroun/examens/probatoire/3800-histoire-lycee-general-leclerc-premiere-c-d-probatoire-blanc-fevrier-2020-cameroun,https://epreuvesetcorriges.com/categories/cameroun/examens/probatoire/3800-histoire-lycee-general-leclerc-premiere-c-d-probatoire-blanc-fevrier-2020-cameroun/download,epreuvesetcorriges
Probatoire,2020,INFORMATIQUE COLLÈGE DE LA RETRAITE PREMIÈRE C D PROBATOIRE BLANC N°1-2020  CAMEROUN,https://epreuvesetcorriges.com/categories/cameroun/examens/probatoire/3801-informatique-college-de-la-retraite-premiere-c-d-probatoire-blanc-n-1-2020-cameroun,https://epreuvesetcorriges.com/categories/cameroun/examens/probatoire/3801-informatique-college-de-la-retraite-premiere-c-d-probatoire-blanc-n-1-2020-cameroun/download,epreuvesetcorriges
Probatoire,2020,MATHEMATIQUES COLLÈGE DE LA RETRAITE PREMIÈRE C PROBATOIRE BLANC-2020  CAMEROUN,https://epreuvesetcorriges.com/categories/cameroun/examens/probatoire/3802-mathematiques-college-de-la-retraite-premiere-c-probatoire-blanc-2020-cameroun,https://epreuvesetcorriges.com/categories/cameroun/examens/probatoire/3802-mathematiques-college-de-la-retraite-premiere-c-probatoire-blanc-2020-cameroun/download,epreuvesetcorriges
Probatoire,2018,MATHÉMATIQUES COLLÈGE MONSEIGNEUR FRANÇOIS XAVIER VOGT PROBATOIRE BLANC SÉRIE C MAI 2018  CAMEROUN,https://epreuvesetcorriges.com/categories/cameroun/examens/probatoire/3803-mathematiques-college-monseigneur-francois-xavier-vogt-probatoire-blanc-serie-c-mai-2018-cameroun,https://epreuvesetcorriges.com/categories/cameroun/examens/probatoire/3803-mathematiques-college-monseigneur-francois-xavier-vogt-probatoire-blanc-serie-c-mai-2018-cameroun/download,epreuvesetcorriges
Probatoire,2018,MATHÉMATIQUES COLLÈGE MONSEIGNEUR FRANÇOIS XAVIER VOGT PROBATOIRE BLANC SÉRIE D MAI 2018  CAMEROUN,https://epreuvesetcorriges.com/categories/cameroun/examens/probatoire/3804-mathematiques-college-monseigneur-francois-xavier-vogt-probatoire-blanc-serie-d-mai-2018-cameroun,https://epreuvesetcorriges.com/categories/cameroun/examens/probatoire/3804-mathematiques-college-monseigneur-francois-xavier-vogt-probatoire-blanc-serie-d-mai-2018-cameroun/download,epreuvesetcorriges
Probatoire,2020,PHYSIQUE COLLÈGE DE LA RETRAITE PREMIÈRE C PROBATOIRE BLANC-2020  CAMEROUN,https://epreuvesetcorriges.com/categories/cameroun/examens/probatoire/3805-physique-college-de-la-retraite-premiere-c-probatoire-blanc-2020-cameroun,https://epreuvesetcorriges.com/categories/cameroun/examens/probatoire/3805-physique-college-de-la-retraite-premiere-c-probatoire-blanc-2020-cameroun/download,epreuvesetcorriges
Probatoire,2020,PHYSIQUE COLLÈGE DE LA RETRAITE PREMIÈRE D PROBATOIRE BLANC-2020  CAMEROUN,https://epreuvesetcorriges.com/categories/cameroun/examens/probatoire/3806-physique-college-de-la-retraite-premiere-d-probatoire-blanc-2020-cameroun,https://epreuvesetcorriges.com/categories/cameroun/examens/probatoire/3806-physique-college-de-la-retraite-premiere-d-probatoire-blanc-2020-cameroun/download,epreuvesetcorriges
Probatoire,2020,SVT COLLÈGE DE LA RETRAITE PREMIÈRE C PROBATOIRE BLANC-2020  CAMEROUN,https://epreuvesetcorriges.com/categories/cameroun/examens/probatoire/3807-svt-college-de-la-retraite-premiere-c-probatoire-blanc-2020-cameroun,https://epreuvesetcorriges.com/categories/cameroun/examens/probatoire/3807-svt-college-de-la-retraite-premiere-c-probatoire-blanc-2020-cameroun/download,epreuvesetcorriges
Probatoire,2020,SVT COLLÈGE DE LA RETRAITE PREMIÈRE D PROBATOIRE BLANC-2020  CAMEROUN,https://epreuvesetcorriges.com/categories/cameroun/examens/probatoire/3808-svt-college-de-la-retraite-premiere-d-probatoire-blanc-2020-cameroun,https://epreuvesetcorriges.com/categories/cameroun/examens/probatoire/3808-svt-college-de-la-retraite-premiere-d-probatoire-blanc-2020-cameroun/download,epreuvesetcorriges
Probatoire,2020,SVT INSTITUT POLYVALENT BILINGUE « LA SOPHIA » PREMIÈRE A PROBATOIRE BLANC-2020  CAMEROUN,https://epreuvesetcorriges.com/categories/cameroun/examens/probatoire/3809-svt-institut-polyvalent-bilingue-la-sophia-premiere-a-probatoire-blanc-2020-cameroun,https://epreuvesetcorriges.com/categories/cameroun/examens/probatoire/3809-svt-institut-polyvalent-bilingue-la-sophia-premiere-a-probatoire-blanc-2020-cameroun/download,epreuvesetcorriges
Probatoire,2020,ALLEMAND-ÉPREUVE ZERO PROBATOIRE A4-ABI-2020 CAMEROUN,https://epreuvesetcorriges.com/categories/cameroun/examens/probatoire/4348-allemand-epreuve-zero-probatoire-a4-abi-2020-cameroun,https://epreuvesetcorriges.com/categories/cameroun/examens/probatoire/4348-allemand-epreuve-zero-probatoire-a4-abi-2020-cameroun/download,epreuvesetcorriges
Probatoire,,ALLEMAND-PROBATOIRE A- ABI2020 CAMEROUN,https://epreuvesetcorriges.com/categories/cameroun/examens/probatoire/4349-allemand-probatoire-a-abi2020-cameroun,https://epreuvesetcorriges.com/categories/cameroun/examens/probatoire/4349-allemand-probatoire-a-abi2020-cameroun/download,epreuvesetcorriges
Probatoire,2019,ANCIENS SUJETS D’INFORMATQUE AU PRBATOIRE F ET BT-2019 CAMEROUN,https://epreuvesetcorriges.com/categories/cameroun/examens/probatoire/4350-anciens-sujets-d-informatque-au-prbatoire-f-et-bt-2019-cameroun,https://epreuvesetcorriges.com/categories/cameroun/examens/probatoire/4350-anciens-sujets-d-informatque-au-prbatoire-f-et-bt-2019-cameroun/download,epreuvesetcorriges
Probatoire,2017,ANGLAIS PROBATOIRE A C D TI-2017 CAMEROUN,https://epreuvesetcorriges.com/categories/cameroun/examens/probatoire/4351-anglais-probatoire-a-c-d-ti-2017-cameroun,https://epreuvesetcorriges.com/categories/cameroun/examens/probatoire/4351-anglais-probatoire-a-c-d-ti-2017-cameroun/download,epreuvesetcorriges
Probatoire,2019,ANGLAIS PROBATOIRE A C D TI-2019 CAMEROUN,https://epreuvesetcorriges.com/categories/cameroun/examens/probatoire/4352-anglais-probatoire-a-c-d-ti-2019-cameroun,https://epreuvesetcorriges.com/categories/cameroun/examens/probatoire/4352-anglais-probatoire-a-c-d-ti-2019-cameroun/download,epreuvesetcorriges
Probatoire,,ANGLAIS-PROBATOIRE A C D TI2020 CAMEROUN,https://epreuvesetcorriges.com/categories/cameroun/examens/probatoire/4353-anglais-probatoire-a-c-d-ti2020-cameroun,https://epreuvesetcorriges.com/categories/cameroun/examens/probatoire/4353-anglais-probatoire-a-c-d-ti2020-cameroun/download,epreuvesetcorriges
Probatoire,2020,ANGLAIS-PROBATOIRE EPREUVE ZERO-SESSION 2020 CAMEROUN,https://epreuvesetcorriges.com/categories/cameroun/examens/probatoire/4354-anglais-probatoire-epreuve-zero-session-2020-cameroun,https://epreuvesetcorriges.com/categories/cameroun/examens/probatoire/4354-anglais-probatoire-epreuve-zero-session-2020-cameroun/download,epreuvesetcorriges
Probatoire,,CHIMIE-GROUPE DE REPETITION LE QUANTIQUE-PROBATOIRE BLANC N°2 SÉRIE CD- CAMEROUN,https://epreuvesetcorriges.com/categories/cameroun/examens/probatoire/4355-chimie-groupe-de-repetition-le-quantique-probatoire-blanc-n-2-serie-cd-cameroun,https://epreuvesetcorriges.com/categories/cameroun/examens/probatoire/4355-chimie-groupe-de-repetition-le-quantique-probatoire-blanc-n-2-serie-cd-cameroun/download,epreuvesetcorriges
Probatoire,,CHIMIE-GROUPE DE REPETITION LE QUANTIQUE-PROBATOIRE BLANC N°3 SÉRIE CD- CAMEROUN,https://epreuvesetcorriges.com/categories/cameroun/examens/probatoire/4356-chimie-groupe-de-repetition-le-quantique-probatoire-blanc-n-3-serie-cd-cameroun,https://epreuvesetcorriges.com/categories/cameroun/examens/probatoire/4356-chimie-groupe-de-repetition-le-quantique-probatoire-blanc-n-3-serie-cd-cameroun/download,epreuvesetcorriges
Probatoire,,CHIMIE-GROUPE DE REPETITION LE QUANTIQUE-PROBATOIRE BLANC N°4 SÉRIE CD- CAMEROUN,https://epreuvesetcorriges.com/categories/cameroun/examens/probatoire/4357-chimie-groupe-de-repetition-le-quantique-probatoire-blanc-n-4-serie-cd-cameroun,https://epreuvesetcorriges.com/categories/cameroun/examens/probatoire/4357-chimie-groupe-de-repetition-le-quantique-probatoire-blanc-n-4-serie-cd-cameroun/download,epreuvesetcorriges
Probatoire,,CHIMIE-GROUPE DE RÉPÉTITION LE QUANTIQUE-PROBATOIRE BLANC P DC N°6 CAMEROUN,https://epreuvesetcorriges.com/categories/cameroun/examens/probatoire/4358-chimie-groupe-de-repetition-le-quantique-probatoire-blanc-p-dc-n-6-cameroun,https://epreuvesetcorriges.com/categories/cameroun/examens/probatoire/4358-chimie-groupe-de-repetition-le-quantique-probatoire-blanc-p-dc-n-6-cameroun/download,epreuvesetcorriges
Probatoire,,CHIMIE-GROUPE DE RÉPÉTITION LE QUANTIQUE-PROBATOIRE BLANC P DC N°7 CAMEROUN,https://epreuvesetcorriges.com/categories/cameroun/examens/probatoire/4359-chimie-groupe-de-repetition-le-quantique-probatoire-blanc-p-dc-n-7-cameroun,https://epreuvesetcorriges.com/categories/cameroun/examens/probatoire/4359-chimie-groupe-de-repetition-le-quantique-probatoire-blanc-p-dc-n-7-cameroun/download,epreuvesetcorriges
Probatoire,,CHIMIE-LYCÉE DE MBALLA 2-PROBATOIRE BLANC-PREMIÈRE C D CAMEROUN,https://epreuvesetcorriges.com/categories/cameroun/examens/probatoire/4360-chimie-lycee-de-mballa-2-probatoire-blanc-premiere-c-d-cameroun,https://epreuvesetcorriges.com/categories/cameroun/examens/probatoire/4360-chimie-lycee-de-mballa-2-probatoire-blanc-premiere-c-d-cameroun/download,epreuvesetcorriges
Probatoire,,CHIMIE-LYCEE DE ZENMEH DSCHANG-PROBATOIRE N°1 SERIES C ET D CAMEROUN,https://epreuvesetcorriges.com/categories/cameroun/examens/probatoire/4361-chimie-lycee-de-zenmeh-dschang-probatoire-n-1-series-c-et-d-cameroun,https://epreuvesetcorriges.com/categories/cameroun/examens/probatoire/4361-chimie-lycee-de-zenmeh-dschang-probatoire-n-1-series-c-et-d-cameroun/download,epreuvesetcorriges
Probatoire,,CHIMIE-PROBATOIRE C D E2020 CAMEROUN,https://epreuvesetcorriges.com/categories/cameroun/examens/probatoire/4362-chimie-probatoire-c-d-e2020-cameroun,https://epreuvesetcorriges.com/categories/cameroun/examens/probatoire/4362-chimie-probatoire-c-d-e2020-cameroun/download,epreuvesetcorriges
Probatoire,2018,"CHIMIE-PROBATOIRE F2,F3,F5-2018 CAMEROUN",https://epreuvesetcorriges.com/categories/cameroun/examens/probatoire/4363-chimie-probatoire-f2-f3-f5-2018-cameroun,https://epreuvesetcorriges.com/categories/cameroun/examens/probatoire/4363-chimie-probatoire-f2-f3-f5-2018-cameroun/download,epreuvesetcorriges
Probatoire,,COMPTABILITE ET GESTION ASSISTEES PAR ORDINATEUR-PROBATOIRE STT-SESSION2019- SÉRIE CG CAMEROUN,https://epreuvesetcorriges.com/categories/cameroun/examens/probatoire/4364-comptabilite-et-gestion-assistees-par-ordinateur-probatoire-stt-session2019-serie-cg-cameroun,https://epreuvesetcorriges.com/categories/cameroun/examens/probatoire/4364-comptabilite-et-gestion-assistees-par-ordinateur-probatoire-stt-session2019-serie-cg-cameroun/download,epreuvesetcorriges
Probatoire,2020,"CORRIGE HARMONISE-EXAMEN  PROBATOIRE MATIERE  EPREUVE ZERO SCIENCES SERIES LITTÉRAIRES (A1, A2, A3, A4, A5 ET ABI-2020 CAMEROUN",https://epreuvesetcorriges.com/categories/cameroun/examens/probatoire/4365-corrige-harmonise-examen-probatoire-matiere-epreuve-zero-sciences-series-litteraires-a1-a2-a3-a4-a5-et-abi-2020-cameroun,https://epreuvesetcorriges.com/categories/cameroun/examens/probatoire/4365-corrige-harmonise-examen-probatoire-matiere-epreuve-zero-sciences-series-litteraires-a1-a2-a3-a4-a5-et-abi-2020-cameroun/download,epreuvesetcorriges
Probatoire,2020,CORRIGE HARMONISE-EXAMEN  PROBATOIRE MATIERE  EPREUVE ZERO SVTEEHB SERIES C & TI-2020 CAMEROUN,https://epreuvesetcorriges.com/categories/cameroun/examens/probatoire/4366-corrige-harmonise-examen-probatoire-matiere-epreuve-zero-svteehb-series-c-ti-2020-cameroun,https://epreuvesetcorriges.com/categories/cameroun/examens/probatoire/4366-corrige-harmonise-examen-probatoire-matiere-epreuve-zero-svteehb-series-c-ti-2020-cameroun/download,epreuvesetcorriges
Probatoire,2020,ECM-COLLEGE PRIVE BILINGUE ET LAIC « LE FANION »-PROBATOIRE BLANC-2020 CAMEROUN,https://epreuvesetcorriges.com/categories/cameroun/examens/probatoire/4367-ecm-college-prive-bilingue-et-laic-le-fanion-probatoire-blanc-2020-cameroun,https://epreuvesetcorriges.com/categories/cameroun/examens/probatoire/4367-ecm-college-prive-bilingue-et-laic-le-fanion-probatoire-blanc-2020-cameroun/download,epreuvesetcorriges
Probatoire,,ECM-PROBATOIRE A C D E TI2020 CAMEROUN,https://epreuvesetcorriges.com/categories/cameroun/examens/probatoire/4368-ecm-probatoire-a-c-d-e-ti2020-cameroun,https://epreuvesetcorriges.com/categories/cameroun/examens/probatoire/4368-ecm-probatoire-a-c-d-e-ti2020-cameroun/download,epreuvesetcorriges
Probatoire,,EPREUVE DE SCIENCES-PROBATOIRE A4 EPREUVE PRÉPARATOIRE CAMEROUN,https://epreuvesetcorriges.com/categories/cameroun/examens/probatoire/4369-epreuve-de-sciences-probatoire-a4-epreuve-preparatoire-cameroun,https://epreuvesetcorriges.com/categories/cameroun/examens/probatoire/4369-epreuve-de-sciences-probatoire-a4-epreuve-preparatoire-cameroun/download,epreuvesetcorriges
Probatoire,2018,"EPREUVE THEORIQUE D’INFORMATIQUE-PROBATOIRE A, ABI, C, D ET E 2018- CAMEROUN",https://epreuvesetcorriges.com/categories/cameroun/examens/probatoire/4370-epreuve-theorique-d-informatique-probatoire-a-abi-c-d-et-e-2018-cameroun,https://epreuvesetcorriges.com/categories/cameroun/examens/probatoire/4370-epreuve-theorique-d-informatique-probatoire-a-abi-c-d-et-e-2018-cameroun/download,epreuvesetcorriges
Probatoire,,EPS-DELEGATION REGIONALE DES SPORTS ET DE L’EDUCATION PHYSIQUE REGION DU NORD-(SUJETS+CORRIGÉS) AU PROBATOIRE CAMEROUN,https://epreuvesetcorriges.com/categories/cameroun/examens/probatoire/4371-eps-delegation-regionale-des-sports-et-de-l-education-physique-region-du-nord-sujets-corriges-au-probatoire-cameroun,https://epreuvesetcorriges.com/categories/cameroun/examens/probatoire/4371-eps-delegation-regionale-des-sports-et-de-l-education-physique-region-du-nord-sujets-corriges-au-probatoire-cameroun/download,epreuvesetcorriges
Probatoire,,EPS-PROATOIRE A C D TI2020 CAMEROUN,https://epreuvesetcorriges.com/categories/cameroun/examens/probatoire/4372-eps-proatoire-a-c-d-ti2020-cameroun,https://epreuvesetcorriges.com/categories/cameroun/examens/probatoire/4372-eps-proatoire-a-c-d-ti2020-cameroun/download,epreuvesetcorriges
Probatoire,2020,ESPAGNOL L V II-PROBATOIRE A2 EPREUVE ZÉRO-2020 CAMEROUN,https://epreuvesetcorriges.com/categories/cameroun/examens/probatoire/4373-espagnol-l-v-ii-probatoire-a2-epreuve-zero-2020-cameroun,https://epreuvesetcorriges.com/categories/cameroun/examens/probatoire/4373-espagnol-l-v-ii-probatoire-a2-epreuve-zero-2020-cameroun/download,epreuvesetcorriges
Probatoire,,ESPAGNOL- PROBATOIRE A2020 CAMEROUN,https://epreuvesetcorriges.com/categories/cameroun/examens/probatoire/4374-espagnol-probatoire-a2020-cameroun,https://epreuvesetcorriges.com/categories/cameroun/examens/probatoire/4374-espagnol-probatoire-a2020-cameroun/download,epreuvesetcorriges
Probatoire,2020,ESPAGNOL-ÉPREUVE ZERO PROBATOIRE A4-ABI-2020 CAMEROUN,https://epreuvesetcorriges.com/categories/cameroun/examens/probatoire/4375-espagnol-epreuve-zero-probatoire-a4-abi-2020-cameroun,https://epreuvesetcorriges.com/categories/cameroun/examens/probatoire/4375-espagnol-epreuve-zero-probatoire-a4-abi-2020-cameroun/download,epreuvesetcorriges
Probatoire,2020,ESPAGNOL-ÉPREUVE ZERO PROBATOIRE DE BT-2020 CAMEROUN,https://epreuvesetcorriges.com/categories/cameroun/examens/probatoire/4376-espagnol-epreuve-zero-probatoire-de-bt-2020-cameroun,https://epreuvesetcorriges.com/categories/cameroun/examens/probatoire/4376-espagnol-epreuve-zero-probatoire-de-bt-2020-cameroun/download,epreuvesetcorriges
Probatoire,2020,ESPAGNOL-ÉPREUVE ZERO PROBATOIRE SES-2020 CAMEROUN,https://epreuvesetcorriges.com/categories/cameroun/examens/probatoire/4377-espagnol-epreuve-zero-probatoire-ses-2020-cameroun,https://epreuvesetcorriges.com/categories/cameroun/examens/probatoire/4377-espagnol-epreuve-zero-probatoire-ses-2020-cameroun/download,epreuvesetcorriges
Probatoire,2020,EXAMEN PROBATOIRE SÉRIE D _ TI SESSION 2020 ÉPREUVE MATHÉMATIQUES CAMEROUN,https://epreuvesetcorriges.com/categories/cameroun/examens/probatoire/4378-examen-probatoire-serie-d-ti-session-2020-epreuve-mathematiques-cameroun,https://epreuvesetcorriges.com/categories/cameroun/examens/probatoire/4378-examen-probatoire-serie-d-ti-session-2020-epreuve-mathematiques-cameroun/download,epreuvesetcorriges
Probatoire,,GEOGRAPHIE-PROBATOIRE A- ABI2020 CAMEROUN,https://epreuvesetcorriges.com/categories/cameroun/examens/probatoire/4379-geographie-probatoire-a-abi2020-cameroun,https://epreuvesetcorriges.com/categories/cameroun/examens/probatoire/4379-geographie-probatoire-a-abi2020-cameroun/download,epreuvesetcorriges
Probatoire,2020,HISTOIRE-COLLÈGE PRIVÉ MONGO BETI PROBATOIRE BLANC-PREMIÈRE A C D-2020 CAMEROUN,https://epreuvesetcorriges.com/categories/cameroun/examens/probatoire/4380-histoire-college-prive-mongo-beti-probatoire-blanc-premiere-a-c-d-2020-cameroun,https://epreuvesetcorriges.com/categories/cameroun/examens/probatoire/4380-histoire-college-prive-mongo-beti-probatoire-blanc-premiere-a-c-d-2020-cameroun/download,epreuvesetcorriges
Probatoire,2020,HISTOIRE-LYCÉE DE FONGO-NDENG-PROBATOIRE BLANC-2020 CAMEROUN,https://epreuvesetcorriges.com/categories/cameroun/examens/probatoire/4381-histoire-lycee-de-fongo-ndeng-probatoire-blanc-2020-cameroun,https://epreuvesetcorriges.com/categories/cameroun/examens/probatoire/4381-histoire-lycee-de-fongo-ndeng-probatoire-blanc-2020-cameroun/download,epreuvesetcorriges
Probatoire,,HISTOIRE-PROBATOIRE A-ABI2020 CAMEROUN,https://epreuvesetcorriges.com/categories/cameroun/examens/probatoire/4382-histoire-probatoire-a-abi2020-cameroun,https://epreuvesetcorriges.com/categories/cameroun/examens/probatoire/4382-histoire-probatoire-a-abi2020-cameroun/download,epreuvesetcorriges
Probatoire,2020,"INFORMATIQUE THEORIQUE D’INFORMATIQUE-PROBATOIRE A,ABI,SH,AC-EPREUVE MODÈLE 2020 CAMEROUN",https://epreuvesetcorriges.com/categories/cameroun/examens/probatoire/4383-informatique-theorique-d-informatique-probatoire-a-abi-sh-ac-epreuve-modele-2020-cameroun,https://epreuvesetcorriges.com/categories/cameroun/examens/probatoire/4383-informatique-theorique-d-informatique-probatoire-a-abi-sh-ac-epreuve-modele-2020-cameroun/download,epreuvesetcorriges
Probatoire,2020,"INFORMATIQUE THEORIQUE D’INFORMATIQUE-PROBATOIRE C, D, E-EPREUVE MODÈLE 2020 CAMEROUN",https://epreuvesetcorriges.com/categories/cameroun/examens/probatoire/4384-informatique-theorique-d-informatique-probatoire-c-d-e-epreuve-modele-2020-cameroun,https://epreuvesetcorriges.com/categories/cameroun/examens/probatoire/4384-informatique-theorique-d-informatique-probatoire-c-d-e-epreuve-modele-2020-cameroun/download,epreuvesetcorriges
Probatoire,2020,INFORMATIQUE THEORIQUE D’INFORMATIQUE-PROBATOIRE ESTP-EPREUVE MODÈLE 2020 CAMEROUN,https://epreuvesetcorriges.com/categories/cameroun/examens/probatoire/4385-informatique-theorique-d-informatique-probatoire-estp-epreuve-modele-2020-cameroun,https://epreuvesetcorriges.com/categories/cameroun/examens/probatoire/4385-informatique-theorique-d-informatique-probatoire-estp-epreuve-modele-2020-cameroun/download,epreuvesetcorriges
Probatoire,2020,INFORMATIQUE THEORIQUE D’INFORMATIQUE-PROBATOIRE TI-EPREUVE MODÈLE 2020 CAMEROUN,https://epreuvesetcorriges.com/categories/cameroun/examens/probatoire/4386-informatique-theorique-d-informatique-probatoire-ti-epreuve-modele-2020-cameroun,https://epreuvesetcorriges.com/categories/cameroun/examens/probatoire/4386-informatique-theorique-d-informatique-probatoire-ti-epreuve-modele-2020-cameroun/download,epreuvesetcorriges
Probatoire,,INFORMATIQUE-COLLEGE PRIVE BILINGUE ET LAIC « LE FANION »PROBATOIRE BLANC- CAMEROUN,https://epreuvesetcorriges.com/categories/cameroun/examens/probatoire/4387-informatique-college-prive-bilingue-et-laic-le-fanion-probatoire-blanc-cameroun,https://epreuvesetcorriges.com/categories/cameroun/examens/probatoire/4387-informatique-college-prive-bilingue-et-laic-le-fanion-probatoire-blanc-cameroun/download,epreuvesetcorriges
Probatoire,2020,INFORMATIQUE-FICHE DES TRAVAUX DIRIGES PREPARATOIRES AU PROBATOIRE A 2020-LYCEE GENERAL LECLERC CAMEROUN,https://epreuvesetcorriges.com/categories/cameroun/examens/probatoire/4388-informatique-fiche-des-travaux-diriges-preparatoires-au-probatoire-a-2020-lycee-general-leclerc-cameroun,https://epreuvesetcorriges.com/categories/cameroun/examens/probatoire/4388-informatique-fiche-des-travaux-diriges-preparatoires-au-probatoire-a-2020-lycee-general-leclerc-cameroun/download,epreuvesetcorriges
Probatoire,,INFORMATIQUE-PROBATOIRE C D E2020 CAMEROUN,https://epreuvesetcorriges.com/categories/cameroun/examens/probatoire/4389-informatique-probatoire-c-d-e2020-cameroun,https://epreuvesetcorriges.com/categories/cameroun/examens/probatoire/4389-informatique-probatoire-c-d-e2020-cameroun/download,epreuvesetcorriges
Probatoire,2020,INFORMATIQUE-PROBATOIRE SÉRIE  TECHNOLOGIES DE L’INFORMATION (TI)-EPREUVE MODÈLE 2020 CAMEROUN,https://epreuvesetcorriges.com/categories/cameroun/examens/probatoire/4390-informatique-probatoire-serie-technologies-de-l-information-ti-epreuve-modele-2020-cameroun,https://epreuvesetcorriges.com/categories/cameroun/examens/probatoire/4390-informatique-probatoire-serie-technologies-de-l-information-ti-epreuve-modele-2020-cameroun/download,epreuvesetcorriges
Probatoire,,LANGUE FRANÇAISE-PROBATOIRE A-ABI2020 CAMEROUN,https://epreuvesetcorriges.com/categories/cameroun/examens/probatoire/4391-langue-francaise-probatoire-a-abi2020-cameroun,https://epreuvesetcorriges.com/categories/cameroun/examens/probatoire/4391-langue-francaise-probatoire-a-abi2020-cameroun/download,epreuvesetcorriges
Probatoire,2020,LITTERATURE FRANÇAISE-COLLÈGE PRIVÉ MONGO BETI PROBATOIRE BLANC-PREMIÈRE A-2020 CAMEROUN,https://epreuvesetcorriges.com/categories/cameroun/examens/probatoire/4392-litterature-francaise-college-prive-mongo-beti-probatoire-blanc-premiere-a-2020-cameroun,https://epreuvesetcorriges.com/categories/cameroun/examens/probatoire/4392-litterature-francaise-college-prive-mongo-beti-probatoire-blanc-premiere-a-2020-cameroun/download,epreuvesetcorriges
Probatoire,,LITTERATURE OU CULTURE GÉNÉRALE- PROBATOIRE A2020 CAMEROUN,https://epreuvesetcorriges.com/categories/cameroun/examens/probatoire/4393-litterature-ou-culture-generale-probatoire-a2020-cameroun,https://epreuvesetcorriges.com/categories/cameroun/examens/probatoire/4393-litterature-ou-culture-generale-probatoire-a2020-cameroun/download,epreuvesetcorriges
Probatoire,,MATHÉMATIQUE-GROUPE DE RÉPÉTITION LE QUANTIQUE-PROBATOIRE BLANC N°1 SÉRIE CD- CAMEROUN,https://epreuvesetcorriges.com/categories/cameroun/examens/probatoire/4394-mathematique-groupe-de-repetition-le-quantique-probatoire-blanc-n-1-serie-cd-cameroun,https://epreuvesetcorriges.com/categories/cameroun/examens/probatoire/4394-mathematique-groupe-de-repetition-le-quantique-probatoire-blanc-n-1-serie-cd-cameroun/download,epreuvesetcorriges
Probatoire,,MATHÉMATIQUE-GROUPE DE REPETITION LE QUANTIQUE-PROBATOIRE BLANC N°2 SÉRIE CD- CAMEROUN,https://epreuvesetcorriges.com/categories/cameroun/examens/probatoire/4395-mathematique-groupe-de-repetition-le-quantique-probatoire-blanc-n-2-serie-cd-cameroun,https://epreuvesetcorriges.com/categories/cameroun/examens/probatoire/4395-mathematique-groupe-de-repetition-le-quantique-probatoire-blanc-n-2-serie-cd-cameroun/download,epreuvesetcorriges
Probatoire,,MATHÉMATIQUE-GROUPE DE REPETITION LE QUANTIQUE-PROBATOIRE BLANC N°3 SÉRIE CD- CAMEROUN,https://epreuvesetcorriges.com/categories/cameroun/examens/probatoire/4396-mathematique-groupe-de-repetition-le-quantique-probatoire-blanc-n-3-serie-cd-cameroun,https://epreuvesetcorriges.com/categories/cameroun/examens/probatoire/4396-mathematique-groupe-de-repetition-le-quantique-probatoire-blanc-n-3-serie-cd-cameroun/download,epreuvesetcorriges
Probatoire,,MATHÉMATIQUE-GROUPE DE REPETITION LE QUANTIQUE-PROBATOIRE BLANC N°7 SÉRIE CD CAMEROUN,https://epreuvesetcorriges.com/categories/cameroun/examens/probatoire/4397-mathematique-groupe-de-repetition-le-quantique-probatoire-blanc-n-7-serie-cd-cameroun,https://epreuvesetcorriges.com/categories/cameroun/examens/probatoire/4397-mathematique-groupe-de-repetition-le-quantique-probatoire-blanc-n-7-serie-cd-cameroun/download,epreuvesetcorriges
Probatoire,,MATHÉMATIQUE-GROUPE DE RÉPÉTITION LE QUANTIQUE-PROBATOIRE BLANC P DC N°5- CAMEROUN,https://epreuvesetcorriges.com/categories/cameroun/examens/probatoire/4398-mathematique-groupe-de-repetition-le-quantique-probatoire-blanc-p-dc-n-5-cameroun,https://epreuvesetcorriges.com/categories/cameroun/examens/probatoire/4398-mathematique-groupe-de-repetition-le-quantique-probatoire-blanc-p-dc-n-5-cameroun/download,epreuvesetcorriges
Probatoire,2020,MATHEMATIQUES-COLCO PROBATOIRE SÉRIE C-2020 CAMEROUN,https://epreuvesetcorriges.com/categories/cameroun/examens/probatoire/4399-mathematiques-colco-probatoire-serie-c-2020-cameroun,https://epreuvesetcorriges.com/categories/cameroun/examens/probatoire/4399-mathematiques-colco-probatoire-serie-c-2020-cameroun/download,epreuvesetcorriges
Probatoire,,MATHÉMATIQUES-EXAMEN  PROBATOIRE BLANC-SERIE  A 42020 CAMEROUN,https://epreuvesetcorriges.com/categories/cameroun/examens/probatoire/4400-mathematiques-examen-probatoire-blanc-serie-a-42020-cameroun,https://epreuvesetcorriges.com/categories/cameroun/examens/probatoire/4400-mathematiques-examen-probatoire-blanc-serie-a-42020-cameroun/download,epreuvesetcorriges
Probatoire,,MATHEMATIQUES-GROUPE DE RÉPÉTITION LE QUANTIQUE-PROBATOIRE BLANC P DC N°8 CAMEROUN,https://epreuvesetcorriges.com/categories/cameroun/examens/probatoire/4401-mathematiques-groupe-de-repetition-le-quantique-probatoire-blanc-p-dc-n-8-cameroun,https://epreuvesetcorriges.com/categories/cameroun/examens/probatoire/4401-mathematiques-groupe-de-repetition-le-quantique-probatoire-blanc-p-dc-n-8-cameroun/download,epreuvesetcorriges
Probatoire,,MATHEMATIQUES-PROBATOIRE A- ABI2020 CAMEROUN,https://epreuvesetcorriges.com/categories/cameroun/examens/probatoire/4402-mathematiques-probatoire-a-abi2020-cameroun,https://epreuvesetcorriges.com/categories/cameroun/examens/probatoire/4402-mathematiques-probatoire-a-abi2020-cameroun/download,epreuvesetcorriges
Probatoire,2020,MATHEMATIQUES-PROBATOIRE A-ÉPREUVE ZÉRO-2020 CAMEROUN,https://epreuvesetcorriges.com/categories/cameroun/examens/probatoire/4403-mathematiques-probatoire-a-epreuve-zero-2020-cameroun,https://epreuvesetcorriges.com/categories/cameroun/examens/probatoire/4403-mathematiques-probatoire-a-epreuve-zero-2020-cameroun/download,epreuvesetcorriges
Probatoire,2020,MATHEMATIQUES-PROBATOIRE BLANC 2020 SÉRIE CE-PROBATOIRE ZÉRO N°2 CAMEROUN,https://epreuvesetcorriges.com/categories/cameroun/examens/probatoire/4404-mathematiques-probatoire-blanc-2020-serie-ce-probatoire-zero-n-2-cameroun,https://epreuvesetcorriges.com/categories/cameroun/examens/probatoire/4404-mathematiques-probatoire-blanc-2020-serie-ce-probatoire-zero-n-2-cameroun/download,epreuvesetcorriges
Probatoire,2020,MATHEMATIQUES-PROBATOIRE C-ÉPREUVE ZÉRO-2020 CAMEROUN,https://epreuvesetcorriges.com/categories/cameroun/examens/probatoire/4405-mathematiques-probatoire-c-epreuve-zero-2020-cameroun,https://epreuvesetcorriges.com/categories/cameroun/examens/probatoire/4405-mathematiques-probatoire-c-epreuve-zero-2020-cameroun/download,epreuvesetcorriges
Probatoire,2020,MATHEMATIQUES-PROBATOIRE D-ÉPREUVE ZÉRO-2020 CAMEROUN,https://epreuvesetcorriges.com/categories/cameroun/examens/probatoire/4406-mathematiques-probatoire-d-epreuve-zero-2020-cameroun,https://epreuvesetcorriges.com/categories/cameroun/examens/probatoire/4406-mathematiques-probatoire-d-epreuve-zero-2020-cameroun/download,epreuvesetcorriges
Probatoire,2020,"MATHÉMATIQUES-PROBATOIRE F1,GT,MEM,MHB,…2020 CAMEROUN",https://epreuvesetcorriges.com/categories/cameroun/examens/probatoire/4407-mathematiques-probatoire-f1-gt-mem-mhb-2020-cameroun,https://epreuvesetcorriges.com/categories/cameroun/examens/probatoire/4407-mathematiques-probatoire-f1-gt-mem-mhb-2020-cameroun/download,epreuvesetcorriges
Probatoire,2020,MINESEC  IP – SCIENCES (SVTEEHB)-SESSION  PROBATOIRE C & TI -2020 CAMEROUN,https://epreuvesetcorriges.com/categories/cameroun/examens/probatoire/4408-minesec-ip-sciences-svteehb-session-probatoire-c-ti-2020-cameroun,https://epreuvesetcorriges.com/categories/cameroun/examens/probatoire/4408-minesec-ip-sciences-svteehb-session-probatoire-c-ti-2020-cameroun/download,epreuvesetcorriges
Probatoire,2020,NFORMATIQUE-FICHE DES TRAVAUX DIRIGES PREPARATOIRES AU PROBATOIRE C-D -LYCEE GENERAL LECLERC-2020 CAMEROUN,https://epreuvesetcorriges.com/categories/cameroun/examens/probatoire/4409-nformatique-fiche-des-travaux-diriges-preparatoires-au-probatoire-c-d-lycee-general-leclerc-2020-cameroun,https://epreuvesetcorriges.com/categories/cameroun/examens/probatoire/4409-nformatique-fiche-des-travaux-diriges-preparatoires-au-probatoire-c-d-lycee-general-leclerc-2020-cameroun/download,epreuvesetcorriges
Probatoire,,PHILOSOPHIE- PROBATOIRE A2020 CAMEROUN,https://epreuvesetcorriges.com/categories/cameroun/examens/probatoire/4410-philosophie-probatoire-a2020-cameroun,https://epreuvesetcorriges.com/categories/cameroun/examens/probatoire/4410-philosophie-probatoire-a2020-cameroun/download,epreuvesetcorriges
Probatoire,,PHILOSOPHIE-PREPARATION AU PROBATOIRE ACD CAMEROUN,https://epreuvesetcorriges.com/categories/cameroun/examens/probatoire/4411-philosophie-preparation-au-probatoire-acd-cameroun,https://epreuvesetcorriges.com/categories/cameroun/examens/probatoire/4411-philosophie-preparation-au-probatoire-acd-cameroun/download,epreuvesetcorriges
Probatoire,2018,"PHYSIQUE CHIMIE-PROBATOIRE BT,F8,AF-IH-2018 CAMEROUN",https://epreuvesetcorriges.com/categories/cameroun/examens/probatoire/4412-physique-chimie-probatoire-bt-f8-af-ih-2018-cameroun,https://epreuvesetcorriges.com/categories/cameroun/examens/probatoire/4412-physique-chimie-probatoire-bt-f8-af-ih-2018-cameroun/download,epreuvesetcorriges
Probatoire,,PHYSIQUE-COLLEGE SAINT-JOSEPH DE BANDJOUN-PROBATOIRE BLANC SÉRIE C- CAMEROUN,https://epreuvesetcorriges.com/categories/cameroun/examens/probatoire/4413-physique-college-saint-joseph-de-bandjoun-probatoire-blanc-serie-c-cameroun,https://epreuvesetcorriges.com/categories/cameroun/examens/probatoire/4413-physique-college-saint-joseph-de-bandjoun-probatoire-blanc-serie-c-cameroun/download,epreuvesetcorriges
Probatoire,2020,PHYSIQUE-COMPLEXE SCOLAIRE LA VISION-EXAMEN BLANC PROBATOIRE SÉRIE C-2020 CAMEROUN,https://epreuvesetcorriges.com/categories/cameroun/examens/probatoire/4414-physique-complexe-scolaire-la-vision-examen-blanc-probatoire-serie-c-2020-cameroun,https://epreuvesetcorriges.com/categories/cameroun/examens/probatoire/4414-physique-complexe-scolaire-la-vision-examen-blanc-probatoire-serie-c-2020-cameroun/download,epreuvesetcorriges
Probatoire,2020,PHYSIQUE-COMPLEXE SCOLAIRE LA VISION-EXAMEN BLANC PROBATOIRE SÉRIE D-2020 CAMEROUN,https://epreuvesetcorriges.com/categories/cameroun/examens/probatoire/4415-physique-complexe-scolaire-la-vision-examen-blanc-probatoire-serie-d-2020-cameroun,https://epreuvesetcorriges.com/categories/cameroun/examens/probatoire/4415-physique-complexe-scolaire-la-vision-examen-blanc-probatoire-serie-d-2020-cameroun/download,epreuvesetcorriges
Probatoire,,PHYSIQUE-GROUPE DE REPETITION LE QUANTIQUE-PROBATOIRE BLANC N°5 - CAMEROUN,https://epreuvesetcorriges.com/categories/cameroun/examens/probatoire/4416-physique-groupe-de-repetition-le-quantique-probatoire-blanc-n-5-cameroun,https://epreuvesetcorriges.com/categories/cameroun/examens/probatoire/4416-physique-groupe-de-repetition-le-quantique-probatoire-blanc-n-5-cameroun/download,epreuvesetcorriges
Probatoire,,PHYSIQUE-GROUPE DE RÉPÉTITION LE QUANTIQUE-PROBATOIRE BLANC P DC N°6 CAMEROUN,https://epreuvesetcorriges.com/categories/cameroun/examens/probatoire/4417-physique-groupe-de-repetition-le-quantique-probatoire-blanc-p-dc-n-6-cameroun,https://epreuvesetcorriges.com/categories/cameroun/examens/probatoire/4417-physique-groupe-de-repetition-le-quantique-probatoire-blanc-p-dc-n-6-cameroun/download,epreuvesetcorriges
Probatoire,,PHYSIQUE-GROUPE DE RÉPÉTITION LE QUANTIQUE-PROBATOIRE BLANC P DC N°7- CAMEROUN,https://epreuvesetcorriges.com/categories/cameroun/examens/probatoire/4418-physique-groupe-de-repetition-le-quantique-probatoire-blanc-p-dc-n-7-cameroun,https://epreuvesetcorriges.com/categories/cameroun/examens/probatoire/4418-physique-groupe-de-repetition-le-quantique-probatoire-blanc-p-dc-n-7-cameroun/download,epreuvesetcorriges
Probatoire,2020,PHYSIQUE-PROBATOIRE C E 2020 CAMEROUN,https://epreuvesetcorriges.com/categories/cameroun/examens/probatoire/4419-physique-probatoire-c-e-2020-cameroun,https://epreuvesetcorriges.com/categories/cameroun/examens/probatoire/4419-physique-probatoire-c-e-2020-cameroun/download,epreuvesetcorriges
Probatoire,,PREPARATION AU PROBATOIRE EPREUVE D’EPS N° 1-COMPLEXE SCOLAIRE BILINGUE NAL- CAMEROUN,https://epreuvesetcorriges.com/categories/cameroun/examens/probatoire/4420-preparation-au-probatoire-epreuve-d-eps-n-1-complexe-scolaire-bilingue-nal-cameroun,https://epreuvesetcorriges.com/categories/cameroun/examens/probatoire/4420-preparation-au-probatoire-epreuve-d-eps-n-1-complexe-scolaire-bilingue-nal-cameroun/download,epreuvesetcorriges
Probatoire,,PROBATOIRE DE BTCMA-MVT-ORGANISATION ET GESTION DE LA MAINTENANCE(SPÉCIALITÉCONSTRUCTION ET MAINTENANCE AUTOMOBIBEMAINTENANCE DES VÉHICULE DE TOURISME) CAMEROUN,https://epreuvesetcorriges.com/categories/cameroun/examens/probatoire/4421-probatoire-de-btcma-mvt-organisation-et-gestion-de-la-maintenance-specialiteconstruction-et-maintenance-automobibemaintenance-des-vehicule-de-tourisme-cameroun,https://epreuvesetcorriges.com/categories/cameroun/examens/probatoire/4421-probatoire-de-btcma-mvt-organisation-et-gestion-de-la-maintenance-specialiteconstruction-et-maintenance-automobibemaintenance-des-vehicule-de-tourisme-cameroun/download,epreuvesetcorriges
Probatoire,2019,PROBATOIRE F3-SERIE F3 ÉLECTRONIQUE-2019 CAMEROUN,https://epreuvesetcorriges.com/categories/cameroun/examens/probatoire/4422-probatoire-f3-serie-f3-electronique-2019-cameroun,https://epreuvesetcorriges.com/categories/cameroun/examens/probatoire/4422-probatoire-f3-serie-f3-electronique-2019-cameroun/download,epreuvesetcorriges
Probatoire,2020,SCIENCES PHYSIQUES-COLLEGE BILINGUE INTELLEXI-PROBATOIRE BLANC-SPECIALITE F 8 -AF ET BT IH-2020 CAMEROUN,https://epreuvesetcorriges.com/categories/cameroun/examens/probatoire/4423-sciences-physiques-college-bilingue-intellexi-probatoire-blanc-specialite-f-8-af-et-bt-ih-2020-cameroun,https://epreuvesetcorriges.com/categories/cameroun/examens/probatoire/4423-sciences-physiques-college-bilingue-intellexi-probatoire-blanc-specialite-f-8-af-et-bt-ih-2020-cameroun/download,epreuvesetcorriges
Probatoire,,SVT- PROBATOIRE A2020 CAMEROUN,https://epreuvesetcorriges.com/categories/cameroun/examens/probatoire/4424-svt-probatoire-a2020-cameroun,https://epreuvesetcorriges.com/categories/cameroun/examens/probatoire/4424-svt-probatoire-a2020-cameroun/download,epreuvesetcorriges
Probatoire,2019,SVT PROBATOIRE C-2019 CAMEROUN,https://epreuvesetcorriges.com/categories/cameroun/examens/probatoire/4425-svt-probatoire-c-2019-cameroun,https://epreuvesetcorriges.com/categories/cameroun/examens/probatoire/4425-svt-probatoire-c-2019-cameroun/download,epreuvesetcorriges
Probatoire,,SVT-COLLEGE PRIVE BILINGUE ET LAIC « LE FANION »-CLASSE DE PREMIÈRE A-PROBATOIRE BLANC CAMEROUN,https://epreuvesetcorriges.com/categories/cameroun/examens/probatoire/4426-svt-college-prive-bilingue-et-laic-le-fanion-classe-de-premiere-a-probatoire-blanc-cameroun,https://epreuvesetcorriges.com/categories/cameroun/examens/probatoire/4426-svt-college-prive-bilingue-et-laic-le-fanion-classe-de-premiere-a-probatoire-blanc-cameroun/download,epreuvesetcorriges
Probatoire,2019,SVT-CORRIGÉ HARMONISÉ NATIONAL-PROBATOIRE D-2019 CAMEROUN,https://epreuvesetcorriges.com/categories/cameroun/examens/probatoire/4427-svt-corrige-harmonise-national-probatoire-d-2019-cameroun,https://epreuvesetcorriges.com/categories/cameroun/examens/probatoire/4427-svt-corrige-harmonise-national-probatoire-d-2019-cameroun/download,epreuvesetcorriges
Probatoire,2019,SVT-DELEGATION REGIONALE DE L’EXTREME NORD-PROBATOIRE SÉRIE A BLANC -2019 CAMEROUN,https://epreuvesetcorriges.com/categories/cameroun/examens/probatoire/4428-svt-delegation-regionale-de-l-extreme-nord-probatoire-serie-a-blanc-2019-cameroun,https://epreuvesetcorriges.com/categories/cameroun/examens/probatoire/4428-svt-delegation-regionale-de-l-extreme-nord-probatoire-serie-a-blanc-2019-cameroun/download,epreuvesetcorriges
Probatoire,2019,SVT-DELEGATION REGIONALE DE L’EXTREME NORD-PROBATOIRE SÉRIE D BLANC -2019 CAMEROUN,https://epreuvesetcorriges.com/categories/cameroun/examens/probatoire/4429-svt-delegation-regionale-de-l-extreme-nord-probatoire-serie-d-blanc-2019-cameroun,https://epreuvesetcorriges.com/categories/cameroun/examens/probatoire/4429-svt-delegation-regionale-de-l-extreme-nord-probatoire-serie-d-blanc-2019-cameroun/download,epreuvesetcorriges
Probatoire,2020,SVTEEHB-MINESEC  IP-SCIENCES-PROBATOIRE ESG-SÉRIE  D SESSION  2020 CAMEROUN,https://epreuvesetcorriges.com/categories/cameroun/examens/probatoire/4430-svteehb-minesec-ip-sciences-probatoire-esg-serie-d-session-2020-cameroun,https://epreuvesetcorriges.com/categories/cameroun/examens/probatoire/4430-svteehb-minesec-ip-sciences-probatoire-esg-serie-d-session-2020-cameroun/download,epreuvesetcorriges
Probatoire,2020,SVT-EPREUVE ZÉRO-PROBATOIRE A-2020 CAMEROUN,https://epreuvesetcorriges.com/categories/cameroun/examens/probatoire/4431-svt-epreuve-zero-probatoire-a-2020-cameroun,https://epreuvesetcorriges.com/categories/cameroun/examens/probatoire/4431-svt-epreuve-zero-probatoire-a-2020-cameroun/download,epreuvesetcorriges
Probatoire,2020,SVT-ÉPREUVE ZÉRO-PROBATOIRE D  SESSION 2020 CAMEROUN,https://epreuvesetcorriges.com/categories/cameroun/examens/probatoire/4432-svt-epreuve-zero-probatoire-d-session-2020-cameroun,https://epreuvesetcorriges.com/categories/cameroun/examens/probatoire/4432-svt-epreuve-zero-probatoire-d-session-2020-cameroun/download,epreuvesetcorriges
Probatoire,2020,SVT-PROBATOIRE C & TI-ÉPREUVE ZÉRO N°2-(VOYANT)-2020 CAMEROUN,https://epreuvesetcorriges.com/categories/cameroun/examens/probatoire/4433-svt-probatoire-c-ti-epreuve-zero-n-2-voyant-2020-cameroun,https://epreuvesetcorriges.com/categories/cameroun/examens/probatoire/4433-svt-probatoire-c-ti-epreuve-zero-n-2-voyant-2020-cameroun/download,epreuvesetcorriges
Probatoire,2020,SVT-PROBATOIRE C & TI-ÉPREUVE ZÉRO N°2-2020 CAMEROUN,https://epreuvesetcorriges.com/categories/cameroun/examens/probatoire/4434-svt-probatoire-c-ti-epreuve-zero-n-2-2020-cameroun,https://epreuvesetcorriges.com/categories/cameroun/examens/probatoire/4434-svt-probatoire-c-ti-epreuve-zero-n-2-2020-cameroun/download,epreuvesetcorriges
Probatoire,2020,SVT-PROBATOIRE C TI 2020 CAMEROUN,https://epreuvesetcorriges.com/categories/cameroun/examens/probatoire/4435-svt-probatoire-c-ti-2020-cameroun,https://epreuvesetcorriges.com/categories/cameroun/examens/probatoire/4435-svt-probatoire-c-ti-2020-cameroun/download,epreuvesetcorriges
Probatoire,2018,"ÉCONOMIE D’ENTREPRISE-PROBATOIRE STT-SPÉCIALITÉ ACA,CG,ACC,FIG-2018 CAMEROUN",https://epreuvesetcorriges.com/categories/cameroun/examens/probatoire/4562-economie-d-entreprise-probatoire-stt-specialite-aca-cg-acc-fig-2018-cameroun,https://epreuvesetcorriges.com/categories/cameroun/examens/probatoire/4562-economie-d-entreprise-probatoire-stt-specialite-aca-cg-acc-fig-2018-cameroun/download,epreuvesetcorriges
Probatoire,,ALLEMAND - LYCEE BILINGUE DE DJOHONG - PROBATOIRE BLANC N°1 CAMEROUN,https://epreuvesetcorriges.com/categories/cameroun/examens/probatoire/5210-allemand-lycee-bilingue-de-djohong-probatoire-blanc-n-1-cameroun,https://epreuvesetcorriges.com/categories/cameroun/examens/probatoire/5210-allemand-lycee-bilingue-de-djohong-probatoire-blanc-n-1-cameroun/download,epreuvesetcorriges
Probatoire,2020,CHIMIE - CORRIGÉ HARMONISÉ - PROBATOIRE C D E 2020 CAMEROUN,https://epreuvesetcorriges.com/categories/cameroun/examens/probatoire/5211-chimie-corrige-harmonise-probatoire-c-d-e-2020-cameroun,https://epreuvesetcorriges.com/categories/cameroun/examens/probatoire/5211-chimie-corrige-harmonise-probatoire-c-d-e-2020-cameroun/download,epreuvesetcorriges
Probatoire,,"ÉPREUVE ZÉRO DE LANGUE FRANÇAISE - PROBATOIRE A, ABI CAMEROUN",https://epreuvesetcorriges.com/categories/cameroun/examens/probatoire/5212-epreuve-zero-de-langue-francaise-probatoire-a-abi-cameroun,https://epreuvesetcorriges.com/categories/cameroun/examens/probatoire/5212-epreuve-zero-de-langue-francaise-probatoire-a-abi-cameroun/download,epreuvesetcorriges
Probatoire,2020,EPREUVE ZERO PROBATOIRE 2020 - CORRIGE DE CHIMIE 2020 CAMEROUN,https://epreuvesetcorriges.com/categories/cameroun/examens/probatoire/5213-epreuve-zero-probatoire-2020-corrige-de-chimie-2020-cameroun,https://epreuvesetcorriges.com/categories/cameroun/examens/probatoire/5213-epreuve-zero-probatoire-2020-corrige-de-chimie-2020-cameroun/download,epreuvesetcorriges
Probatoire,,INFORMATIQUE -  LYCÉE DE -  MADALAM -  PROBATOIRE BLANC SÉRIES  A2020 CAMEROUN,https://epreuvesetcorriges.com/categories/cameroun/examens/probatoire/5214-informatique-lycee-de-madalam-probatoire-blanc-series-a2020-cameroun,https://epreuvesetcorriges.com/categories/cameroun/examens/probatoire/5214-informatique-lycee-de-madalam-probatoire-blanc-series-a2020-cameroun/download,epreuvesetcorriges
Probatoire,2020,MATHÉMATIQUES - COLLÈGE POLYVALENT DE BEPANDA - EXAMEN  PROBATOIRE BLANC N°1 SÉRIEC - 2020 CAMEROUN,https://epreuvesetcorriges.com/categories/cameroun/examens/probatoire/5215-mathematiques-college-polyvalent-de-bepanda-examen-probatoire-blanc-n-1-seriec-2020-cameroun,https://epreuvesetcorriges.com/categories/cameroun/examens/probatoire/5215-mathematiques-college-polyvalent-de-bepanda-examen-probatoire-blanc-n-1-seriec-2020-cameroun/download,epreuvesetcorriges
Probatoire,2020,MATHÉMATIQUES - EXAMEN  PROBATOIRE - SESSION  2020 SÉRIES  D CAMEROUN,https://epreuvesetcorriges.com/categories/cameroun/examens/probatoire/5216-mathematiques-examen-probatoire-session-2020-series-d-cameroun,https://epreuvesetcorriges.com/categories/cameroun/examens/probatoire/5216-mathematiques-examen-probatoire-session-2020-series-d-cameroun/download,epreuvesetcorriges
Probatoire,2020,MATHÉMATIQUES - EXAMEN  PROBATOIRE - SESSION  2020 SÉRIES D CAMEROUN,https://epreuvesetcorriges.com/categories/cameroun/examens/probatoire/5217-mathematiques-examen-probatoire-session-2020-series-d-cameroun-2,https://epreuvesetcorriges.com/categories/cameroun/examens/probatoire/5217-mathematiques-examen-probatoire-session-2020-series-d-cameroun-2/download,epreuvesetcorriges
Probatoire,2020,MATHEMATIQUES - REGION DE L’EXTRÊME–NORD - EXAMENS BLANCS DU PREMIER TRIMESTRE - SESSION DECEMBRE - PROBATOIRE C -  2020 CAMEROUN,https://epreuvesetcorriges.com/categories/cameroun/examens/probatoire/5218-mathematiques-region-de-l-extreme-nord-examens-blancs-du-premier-trimestre-session-decembre-probatoire-c-2020-cameroun,https://epreuvesetcorriges.com/categories/cameroun/examens/probatoire/5218-mathematiques-region-de-l-extreme-nord-examens-blancs-du-premier-trimestre-session-decembre-probatoire-c-2020-cameroun/download,epreuvesetcorriges
Probatoire,2020,"PHILOSOPHIE - PROBATOIRE SERIE A1, A2, A3, A4, A5 - ANPEPHIE 2020 CAMEROUN",https://epreuvesetcorriges.com/categories/cameroun/examens/probatoire/5219-philosophie-probatoire-serie-a1-a2-a3-a4-a5-anpephie-2020-cameroun,https://epreuvesetcorriges.com/categories/cameroun/examens/probatoire/5219-philosophie-probatoire-serie-a1-a2-a3-a4-a5-anpephie-2020-cameroun/download,epreuvesetcorriges
Probatoire,2024,EPREUVE PROBATOIRE 2024 ANGLAIS SERIE A-C-D-TI,https://epreuvesetcorriges.com/categories/cameroun/examens/probatoire/36053-epreuve-probatoire-2024-anglais-serie-a-c-d-ti,https://epreuvesetcorriges.com/categories/cameroun/examens/probatoire/36053-epreuve-probatoire-2024-anglais-serie-a-c-d-ti/download,epreuvesetcorriges
Probatoire,2020,PHYSIQUE - LYCEE DE BALOUMGOU - PROBATOIRE BLANC ESG - SERIE D&TI - 2020 CAMEROUN,https://epreuvesetcorriges.com/categories/cameroun/examens/probatoire/5220-physique-lycee-de-baloumgou-probatoire-blanc-esg-serie-d-ti-2020-cameroun,https://epreuvesetcorriges.com/categories/cameroun/examens/probatoire/5220-physique-lycee-de-baloumgou-probatoire-blanc-esg-serie-d-ti-2020-cameroun/download,epreuvesetcorriges
Probatoire,2021,MATHS - COLLÈGE DE LA RETRAITE - PROBATOIRE BLANC N°1 SÉRIE C…2021 CAMEROUN,https://epreuvesetcorriges.com/categories/cameroun/examens/probatoire/6200-maths-college-de-la-retraite-probatoire-blanc-n-1-serie-c-2021-cameroun,https://epreuvesetcorriges.com/categories/cameroun/examens/probatoire/6200-maths-college-de-la-retraite-probatoire-blanc-n-1-serie-c-2021-cameroun/download,epreuvesetcorriges
Probatoire,2021,PHYSIQUE - ÉCOLE SONARA - PROBATOIRE BLANC SÉRIE C D…2021 CAMEROUN,https://epreuvesetcorriges.com/categories/cameroun/examens/probatoire/6201-physique-ecole-sonara-probatoire-blanc-serie-c-d-2021-cameroun,https://epreuvesetcorriges.com/categories/cameroun/examens/probatoire/6201-physique-ecole-sonara-probatoire-blanc-serie-c-d-2021-cameroun/download,epreuvesetcorriges
Probatoire,,STATISTIQUE - LYCÉE TECHNIQUE DE BAFANG - PROBATOIRE STT - SÉQUENCE N°3 CAMEROUN,https://epreuvesetcorriges.com/categories/cameroun/examens/probatoire/6202-statistique-lycee-technique-de-bafang-probatoire-stt-sequence-n-3-cameroun,https://epreuvesetcorriges.com/categories/cameroun/examens/probatoire/6202-statistique-lycee-technique-de-bafang-probatoire-stt-sequence-n-3-cameroun/download,epreuvesetcorriges
Probatoire,,STATISTIQUE - LYCÉE TECHNIQUE DE BAFANG - PROBATOIRE STT CAMEROUN,https://epreuvesetcorriges.com/categories/cameroun/examens/probatoire/6203-statistique-lycee-technique-de-bafang-probatoire-stt-cameroun,https://epreuvesetcorriges.com/categories/cameroun/examens/probatoire/6203-statistique-lycee-technique-de-bafang-probatoire-stt-cameroun/download,epreuvesetcorriges
Probatoire,,ECM - LYCÉE DE FONGO - NDENG - PROBATOIRE BLANC N°2 CAMEROUN,https://epreuvesetcorriges.com/categories/cameroun/examens/probatoire/6501-ecm-lycee-de-fongo-ndeng-probatoire-blanc-n-2-cameroun,https://epreuvesetcorriges.com/categories/cameroun/examens/probatoire/6501-ecm-lycee-de-fongo-ndeng-probatoire-blanc-n-2-cameroun/download,epreuvesetcorriges
Probatoire,,MATHEMATIQUES  - EXAMEN PROBATOIRE C CAMEROUN,https://epreuvesetcorriges.com/categories/cameroun/examens/probatoire/6502-mathematiques-examen-probatoire-c-cameroun,https://epreuvesetcorriges.com/categories/cameroun/examens/probatoire/6502-mathematiques-examen-probatoire-c-cameroun/download,epreuvesetcorriges
Probatoire,,MATHEMATIQUES LYCEE CLASSIQUE ET MODERNE DE YAGOUA - EXAMEN  PROBATOIRE BLANC3 CAMEROUN,https://epreuvesetcorriges.com/categories/cameroun/examens/probatoire/6503-mathematiques-lycee-classique-et-moderne-de-yagoua-examen-probatoire-blanc3-cameroun,https://epreuvesetcorriges.com/categories/cameroun/examens/probatoire/6503-mathematiques-lycee-classique-et-moderne-de-yagoua-examen-probatoire-blanc3-cameroun/download,epreuvesetcorriges
Probatoire,,SVTEEHB - COLLÈGE PRIVÉ BILINGUE MONTESQUIEU - PROBATOIRE BLANC SÉRIE C CAMEROUN,https://epreuvesetcorriges.com/categories/cameroun/examens/probatoire/6504-svteehb-college-prive-bilingue-montesquieu-probatoire-blanc-serie-c-cameroun,https://epreuvesetcorriges.com/categories/cameroun/examens/probatoire/6504-svteehb-college-prive-bilingue-montesquieu-probatoire-blanc-serie-c-cameroun/download,epreuvesetcorriges
Probatoire,2020,EPREUVE DE SCIENCES - PROBATOIRE LITTERAIRE - EPREUVE ZÉRO 2020 CAMEROUN,https://epreuvesetcorriges.com/categories/cameroun/examens/probatoire/7266-epreuve-de-sciences-probatoire-litteraire-epreuve-zero-2020-cameroun,https://epreuvesetcorriges.com/categories/cameroun/examens/probatoire/7266-epreuve-de-sciences-probatoire-litteraire-epreuve-zero-2020-cameroun/download,epreuvesetcorriges
Probatoire,,"ÉPREUVE ZÉRO DE FRANÇAIS - PROBATOIRE ACA,(ACC  CG  ACA) (FIG) CAMEROUN",https://epreuvesetcorriges.com/categories/cameroun/examens/probatoire/7267-epreuve-zero-de-francais-probatoire-aca-acc-cg-aca-fig-cameroun,https://epreuvesetcorriges.com/categories/cameroun/examens/probatoire/7267-epreuve-zero-de-francais-probatoire-aca-acc-cg-aca-fig-cameroun/download,epreuvesetcorriges
Probatoire,2020,"FRANÇAIS - PROBATOIRE F, AF, CI, ET DE BT EPREUVE ZÉRO 2020 CAMEROUN",https://epreuvesetcorriges.com/categories/cameroun/examens/probatoire/7268-francais-probatoire-f-af-ci-et-de-bt-epreuve-zero-2020-cameroun,https://epreuvesetcorriges.com/categories/cameroun/examens/probatoire/7268-francais-probatoire-f-af-ci-et-de-bt-epreuve-zero-2020-cameroun/download,epreuvesetcorriges
Probatoire,,MATHS - COLLÈGE DE LA RETRAITE - PROBATOIRE BLANC - PREMIÈRE DTI - 20192020 CAMEROUN,https://epreuvesetcorriges.com/categories/cameroun/examens/probatoire/7269-maths-college-de-la-retraite-probatoire-blanc-premiere-dti-20192020-cameroun,https://epreuvesetcorriges.com/categories/cameroun/examens/probatoire/7269-maths-college-de-la-retraite-probatoire-blanc-premiere-dti-20192020-cameroun/download,epreuvesetcorriges
Probatoire,,PHYSIQUE - COLLÈGE DE LA RETRAITE - PROBATOIRE BLANC N° 1 - SÉRIE C - 20192020 CAMEROUN,https://epreuvesetcorriges.com/categories/cameroun/examens/probatoire/7270-physique-college-de-la-retraite-probatoire-blanc-n-1-serie-c-20192020-cameroun,https://epreuvesetcorriges.com/categories/cameroun/examens/probatoire/7270-physique-college-de-la-retraite-probatoire-blanc-n-1-serie-c-20192020-cameroun/download,epreuvesetcorriges
Probatoire,2019,PHYSIQUE - COLLÈGE DE LA RETRAITE - PROBATOIRE BLANC N°1 - PREMIÈRE DTI - 2019 - 2020 CAMEROUN,https://epreuvesetcorriges.com/categories/cameroun/examens/probatoire/7271-physique-college-de-la-retraite-probatoire-blanc-n-1-premiere-dti-2019-2020-cameroun,https://epreuvesetcorriges.com/categories/cameroun/examens/probatoire/7271-physique-college-de-la-retraite-probatoire-blanc-n-1-premiere-dti-2019-2020-cameroun/download,epreuvesetcorriges
Probatoire,,"SCIENCES PHYSIQUES - LYCEE TECHNIQUE DE MEIGANG - 1ÈRES F2, F3, F5, F6 - PROBATOIRE BLANC CAMEROUN",https://epreuvesetcorriges.com/categories/cameroun/examens/probatoire/7272-sciences-physiques-lycee-technique-de-meigang-1eres-f2-f3-f5-f6-probatoire-blanc-cameroun,https://epreuvesetcorriges.com/categories/cameroun/examens/probatoire/7272-sciences-physiques-lycee-technique-de-meigang-1eres-f2-f3-f5-f6-probatoire-blanc-cameroun/download,epreuvesetcorriges
Probatoire,2021,ALLEMAND - ÉPREUVE ZÉRO - PROBATOIRE SÉRIE A4 A2 2021 CAMEROUN,https://epreuvesetcorriges.com/categories/cameroun/examens/probatoire/7869-allemand-epreuve-zero-probatoire-serie-a4-a2-2021-cameroun,https://epreuvesetcorriges.com/categories/cameroun/examens/probatoire/7869-allemand-epreuve-zero-probatoire-serie-a4-a2-2021-cameroun/download,epreuvesetcorriges
Probatoire,2017,ANGLAIS - PROBATOIRE A - C - D - TI 2017 CAMEROUN,https://epreuvesetcorriges.com/categories/cameroun/examens/probatoire/7870-anglais-probatoire-a-c-d-ti-2017-cameroun-2,https://epreuvesetcorriges.com/categories/cameroun/examens/probatoire/7870-anglais-probatoire-a-c-d-ti-2017-cameroun-2/download,epreuvesetcorriges
Probatoire,2021,CHIMIE - ÉPREUVE ZÉRO - PROBATOIRE TI 2021 CAMEROUN,https://epreuvesetcorriges.com/categories/cameroun/examens/probatoire/7871-chimie-epreuve-zero-probatoire-ti-2021-cameroun,https://epreuvesetcorriges.com/categories/cameroun/examens/probatoire/7871-chimie-epreuve-zero-probatoire-ti-2021-cameroun/download,epreuvesetcorriges
Probatoire,2021,CHIMIE - ÉPREUVE ZÉRO PROBATOIRE SÉRIE C D E 2021 CAMEROUN,https://epreuvesetcorriges.com/categories/cameroun/examens/probatoire/7872-chimie-epreuve-zero-probatoire-serie-c-d-e-2021-cameroun,https://epreuvesetcorriges.com/categories/cameroun/examens/probatoire/7872-chimie-epreuve-zero-probatoire-serie-c-d-e-2021-cameroun/download,epreuvesetcorriges
Probatoire,,CHIMIE - GROUPE DE RÉPÉTITION LE QUANTIQUE DE BAFOUSSAM  - PDC - PROBATOIRE BLANC N°2 -  CAMEROUN,https://epreuvesetcorriges.com/categories/cameroun/examens/probatoire/7873-chimie-groupe-de-repetition-le-quantique-de-bafoussam-pdc-probatoire-blanc-n-2-cameroun,https://epreuvesetcorriges.com/categories/cameroun/examens/probatoire/7873-chimie-groupe-de-repetition-le-quantique-de-bafoussam-pdc-probatoire-blanc-n-2-cameroun/download,epreuvesetcorriges
Probatoire,2020,CHIMIE - LYCÉE D’AKWA NORD - PROBATOIRE BLANC - SÉRIE CD - JUIN 2020 CAMEROUN,https://epreuvesetcorriges.com/categories/cameroun/examens/probatoire/7874-chimie-lycee-d-akwa-nord-probatoire-blanc-serie-cd-juin-2020-cameroun,https://epreuvesetcorriges.com/categories/cameroun/examens/probatoire/7874-chimie-lycee-d-akwa-nord-probatoire-blanc-serie-cd-juin-2020-cameroun/download,epreuvesetcorriges
Probatoire,2021,CHIMIE - PROBATOIRE BLANC NATIONAL SESSION D’AVRIL 2021 - SPÉCIALITÉ  SÉRIE D - POLYCORP’S CHALLENGE CAMEROUN,https://epreuvesetcorriges.com/categories/cameroun/examens/probatoire/7875-chimie-probatoire-blanc-national-session-d-avril-2021-specialite-serie-d-polycorp-s-challenge-cameroun,https://epreuvesetcorriges.com/categories/cameroun/examens/probatoire/7875-chimie-probatoire-blanc-national-session-d-avril-2021-specialite-serie-d-polycorp-s-challenge-cameroun/download,epreuvesetcorriges
Probatoire,2018,CHIMIE COLLÈGE BILINGUE DJA’ANKEU PROBATOIRE BLANC N°3 SÉRIE D 2018 CAMEROUN,https://epreuvesetcorriges.com/categories/cameroun/examens/probatoire/7876-chimie-college-bilingue-dja-ankeu-probatoire-blanc-n-3-serie-d-2018-cameroun,https://epreuvesetcorriges.com/categories/cameroun/examens/probatoire/7876-chimie-college-bilingue-dja-ankeu-probatoire-blanc-n-3-serie-d-2018-cameroun/download,epreuvesetcorriges
Probatoire,2017,CHIMIE COLLÈGE CATHOLIQUE BILINGUE SAINT BENOIT PROBATOIRE BLANC SÉRIE C D 2017 CAMEROUN,https://epreuvesetcorriges.com/categories/cameroun/examens/probatoire/7877-chimie-college-catholique-bilingue-saint-benoit-probatoire-blanc-serie-c-d-2017-cameroun,https://epreuvesetcorriges.com/categories/cameroun/examens/probatoire/7877-chimie-college-catholique-bilingue-saint-benoit-probatoire-blanc-serie-c-d-2017-cameroun/download,epreuvesetcorriges
Probatoire,2017,CHIMIE COLLÈGE CATHOLIQUE BILINGUE SAINT BENOÎT PROBATOIRE BLANC SÉRIE C D AVRIL 2017 CAMEROUN,https://epreuvesetcorriges.com/categories/cameroun/examens/probatoire/7878-chimie-college-catholique-bilingue-saint-benoit-probatoire-blanc-serie-c-d-avril-2017-cameroun,https://epreuvesetcorriges.com/categories/cameroun/examens/probatoire/7878-chimie-college-catholique-bilingue-saint-benoit-probatoire-blanc-serie-c-d-avril-2017-cameroun/download,epreuvesetcorriges
Probatoire,2018,CHIMIE COLLÈGE DJA’ANKEU PARTIELLES PROBATOIRE SÉRIE D 2018 CAMEROUN,https://epreuvesetcorriges.com/categories/cameroun/examens/probatoire/7879-chimie-college-dja-ankeu-partielles-probatoire-serie-d-2018-cameroun,https://epreuvesetcorriges.com/categories/cameroun/examens/probatoire/7879-chimie-college-dja-ankeu-partielles-probatoire-serie-d-2018-cameroun/download,epreuvesetcorriges
Probatoire,2019,CHIMIE COLLÈGE VOGT PROBATOIRE BLANC SÉRIE C D MAI 2019 CAMEROUN,https://epreuvesetcorriges.com/categories/cameroun/examens/probatoire/7880-chimie-college-vogt-probatoire-blanc-serie-c-d-mai-2019-cameroun,https://epreuvesetcorriges.com/categories/cameroun/examens/probatoire/7880-chimie-college-vogt-probatoire-blanc-serie-c-d-mai-2019-cameroun/download,epreuvesetcorriges
Probatoire,2015,CHIMIE LYCEE BILINGUE DE YAOUNDE PROBATOIRE BLANC SÉRIE C D 2015 CAMEROUN,https://epreuvesetcorriges.com/categories/cameroun/examens/probatoire/7881-chimie-lycee-bilingue-de-yaounde-probatoire-blanc-serie-c-d-2015-cameroun,https://epreuvesetcorriges.com/categories/cameroun/examens/probatoire/7881-chimie-lycee-bilingue-de-yaounde-probatoire-blanc-serie-c-d-2015-cameroun/download,epreuvesetcorriges
Probatoire,2017,CHIMIE LYCÉE BILINGUE DE YAOUNDÉ PROBATOIRE BLANC SÉRIE C D MARS 2017 CAMEROUN,https://epreuvesetcorriges.com/categories/cameroun/examens/probatoire/7882-chimie-lycee-bilingue-de-yaounde-probatoire-blanc-serie-c-d-mars-2017-cameroun,https://epreuvesetcorriges.com/categories/cameroun/examens/probatoire/7882-chimie-lycee-bilingue-de-yaounde-probatoire-blanc-serie-c-d-mars-2017-cameroun/download,epreuvesetcorriges
Probatoire,2017,CHIMIE LYCEE D’AHALA PROBATOIRE BLANC SÉRIE C D 2017 (2) CAMEROUN,https://epreuvesetcorriges.com/categories/cameroun/examens/probatoire/7884-chimie-lycee-d-ahala-probatoire-blanc-serie-c-d-2017-2-cameroun,https://epreuvesetcorriges.com/categories/cameroun/examens/probatoire/7884-chimie-lycee-d-ahala-probatoire-blanc-serie-c-d-2017-2-cameroun/download,epreuvesetcorriges
Probatoire,2017,CHIMIE LYCEE D’AHALA PROBATOIRE BLANC SÉRIE C D 2017 CAMEROUN,https://epreuvesetcorriges.com/categories/cameroun/examens/probatoire/7885-chimie-lycee-d-ahala-probatoire-blanc-serie-c-d-2017-cameroun,https://epreuvesetcorriges.com/categories/cameroun/examens/probatoire/7885-chimie-lycee-d-ahala-probatoire-blanc-serie-c-d-2017-cameroun/download,epreuvesetcorriges
Probatoire,2019,CHIMIE PROBATOIRE C D 2019 CAMEROUN,https://epreuvesetcorriges.com/categories/cameroun/examens/probatoire/7886-chimie-probatoire-c-d-2019-cameroun,https://epreuvesetcorriges.com/categories/cameroun/examens/probatoire/7886-chimie-probatoire-c-d-2019-cameroun/download,epreuvesetcorriges
Probatoire,2018,CHIMIE PROBATOIRE D 2018 CAMEROUN,https://epreuvesetcorriges.com/categories/cameroun/examens/probatoire/7887-chimie-probatoire-d-2018-cameroun,https://epreuvesetcorriges.com/categories/cameroun/examens/probatoire/7887-chimie-probatoire-d-2018-cameroun/download,epreuvesetcorriges
Probatoire,2021,COMPTABILITE - PROBATOIRE BLANC - COOPERATION EDUCATIVE - SESSION AVRIL 2021 - CLASSE P ACC -  CAMEROUN,https://epreuvesetcorriges.com/categories/cameroun/examens/probatoire/7888-comptabilite-probatoire-blanc-cooperation-educative-session-avril-2021-classe-p-acc-cameroun,https://epreuvesetcorriges.com/categories/cameroun/examens/probatoire/7888-comptabilite-probatoire-blanc-cooperation-educative-session-avril-2021-classe-p-acc-cameroun/download,epreuvesetcorriges
Probatoire,2021,COMPTABILITÉ D’ENTREPRISE - PROBATOIRE STT - SPÉCIALITÉ CG - SESSION 2021 CAMEROUN,https://epreuvesetcorriges.com/categories/cameroun/examens/probatoire/7889-comptabilite-d-entreprise-probatoire-stt-specialite-cg-session-2021-cameroun,https://epreuvesetcorriges.com/categories/cameroun/examens/probatoire/7889-comptabilite-d-entreprise-probatoire-stt-specialite-cg-session-2021-cameroun/download,epreuvesetcorriges
Probatoire,,COMPTABILITE D’ENTREPRISE COOPERATION EDUCATIVE - PROBATOIRE BLANC - CLASSE PCG CAMEROUN,https://epreuvesetcorriges.com/categories/cameroun/examens/probatoire/7890-comptabilite-d-entreprise-cooperation-educative-probatoire-blanc-classe-pcg-cameroun,https://epreuvesetcorriges.com/categories/cameroun/examens/probatoire/7890-comptabilite-d-entreprise-cooperation-educative-probatoire-blanc-classe-pcg-cameroun/download,epreuvesetcorriges
Probatoire,,"CORRECTION EPREUVE ZERO DE LANGUE FRANÇAISE EXAMEN  PROBATOIRE SERIE  C, D, E ET TI CAMEROUN",https://epreuvesetcorriges.com/categories/cameroun/examens/probatoire/7891-correction-epreuve-zero-de-langue-francaise-examen-probatoire-serie-c-d-e-et-ti-cameroun,https://epreuvesetcorriges.com/categories/cameroun/examens/probatoire/7891-correction-epreuve-zero-de-langue-francaise-examen-probatoire-serie-c-d-e-et-ti-cameroun/download,epreuvesetcorriges
Probatoire,2021,CORRIGÉ ÉPREUVE ZÉRO DE CHIMIE PROBATOIRE SÉRIE C D E 2021 CAMEROUN,https://epreuvesetcorriges.com/categories/cameroun/examens/probatoire/7892-corrige-epreuve-zero-de-chimie-probatoire-serie-c-d-e-2021-cameroun,https://epreuvesetcorriges.com/categories/cameroun/examens/probatoire/7892-corrige-epreuve-zero-de-chimie-probatoire-serie-c-d-e-2021-cameroun/download,epreuvesetcorriges
Probatoire,,CORRIGE HARMONISE - EXAMEN  PROBATOIRE MATIERE  EPREUVE ZERO SVTEEHB SERIES C & TI CAMEROUN,https://epreuvesetcorriges.com/categories/cameroun/examens/probatoire/7893-corrige-harmonise-examen-probatoire-matiere-epreuve-zero-svteehb-series-c-ti-cameroun,https://epreuvesetcorriges.com/categories/cameroun/examens/probatoire/7893-corrige-harmonise-examen-probatoire-matiere-epreuve-zero-svteehb-series-c-ti-cameroun/download,epreuvesetcorriges
Probatoire,,CORRIGE HARMONISE DE L’EPREUVE D’HISTOIRE -   PROBATOIRE ESG EPREUVE ZERO SERIES  A - B - C - D - E CAMEROUN,https://epreuvesetcorriges.com/categories/cameroun/examens/probatoire/7895-corrige-harmonise-de-l-epreuve-d-histoire-probatoire-esg-epreuve-zero-series-a-b-c-d-e-cameroun,https://epreuvesetcorriges.com/categories/cameroun/examens/probatoire/7895-corrige-harmonise-de-l-epreuve-d-histoire-probatoire-esg-epreuve-zero-series-a-b-c-d-e-cameroun/download,epreuvesetcorriges
Probatoire,,CORRIGE HARMONISE DE L’EPREUVE DE GEOGRAPHIE - EXAMEN  PROBATOIRE ESG CAMEROUN,https://epreuvesetcorriges.com/categories/cameroun/examens/probatoire/7896-corrige-harmonise-de-l-epreuve-de-geographie-examen-probatoire-esg-cameroun,https://epreuvesetcorriges.com/categories/cameroun/examens/probatoire/7896-corrige-harmonise-de-l-epreuve-de-geographie-examen-probatoire-esg-cameroun/download,epreuvesetcorriges
Probatoire,,CORRIGÉ HARMONISÉ NATIONAL - ÉPREUVE DE MATHÉMATIQUE - PROBATOIRE SÉRIE CG - ACC CAMEROUN,https://epreuvesetcorriges.com/categories/cameroun/examens/probatoire/7897-corrige-harmonise-national-epreuve-de-mathematique-probatoire-serie-cg-acc-cameroun,https://epreuvesetcorriges.com/categories/cameroun/examens/probatoire/7897-corrige-harmonise-national-epreuve-de-mathematique-probatoire-serie-cg-acc-cameroun/download,epreuvesetcorriges
Probatoire,,CORRIGÉ HARMONISÉ NATIONAL - PROBATOIRE STT - MATHÉMATIQUES APPLIQUÉES - SPÉCIALITÉ ACCCGFIG -  CAMEROUN,https://epreuvesetcorriges.com/categories/cameroun/examens/probatoire/7898-corrige-harmonise-national-probatoire-stt-mathematiques-appliquees-specialite-acccgfig-cameroun,https://epreuvesetcorriges.com/categories/cameroun/examens/probatoire/7898-corrige-harmonise-national-probatoire-stt-mathematiques-appliquees-specialite-acccgfig-cameroun/download,epreuvesetcorriges
Probatoire,,CORRIGÉ HARMONISÉ NATIONAL DE L’ÉPREUVE D’INFORMATIQUE THÉORIQUE - PROBATOIRE SÉRIE C D E CAMEROUN,https://epreuvesetcorriges.com/categories/cameroun/examens/probatoire/7899-corrige-harmonise-national-de-l-epreuve-d-informatique-theorique-probatoire-serie-c-d-e-cameroun,https://epreuvesetcorriges.com/categories/cameroun/examens/probatoire/7899-corrige-harmonise-national-de-l-epreuve-d-informatique-theorique-probatoire-serie-c-d-e-cameroun/download,epreuvesetcorriges
Probatoire,2021,CORRIGÉ HARMONISÉ NATIONAL DE L’ÉPREUVE DE CHIMIE - PROBATOIRE SÉRIE C D E - SESSION 2021 CAMEROUN,https://epreuvesetcorriges.com/categories/cameroun/examens/probatoire/7900-corrige-harmonise-national-de-l-epreuve-de-chimie-probatoire-serie-c-d-e-session-2021-cameroun,https://epreuvesetcorriges.com/categories/cameroun/examens/probatoire/7900-corrige-harmonise-national-de-l-epreuve-de-chimie-probatoire-serie-c-d-e-session-2021-cameroun/download,epreuvesetcorriges
Probatoire,,CORRIGÉ HARMONISÉ NATIONAL DE L’ÉPREUVE DE MATHÉMATIQUES  - PROBATOIRE SÉRIE CE CAMEROUN,https://epreuvesetcorriges.com/categories/cameroun/examens/probatoire/7901-corrige-harmonise-national-de-l-epreuve-de-mathematiques-probatoire-serie-ce-cameroun,https://epreuvesetcorriges.com/categories/cameroun/examens/probatoire/7901-corrige-harmonise-national-de-l-epreuve-de-mathematiques-probatoire-serie-ce-cameroun/download,epreuvesetcorriges
Probatoire,,CORRIGÉ HARMONISÉ NATIONAL DE L’ÉPREUVE DE MATHÉMATIQUES  - PROBATOIRE SÉRIE DTI -  CAMEROUN,https://epreuvesetcorriges.com/categories/cameroun/examens/probatoire/7902-corrige-harmonise-national-de-l-epreuve-de-mathematiques-probatoire-serie-dti-cameroun,https://epreuvesetcorriges.com/categories/cameroun/examens/probatoire/7902-corrige-harmonise-national-de-l-epreuve-de-mathematiques-probatoire-serie-dti-cameroun/download,epreuvesetcorriges
Probatoire,,CORRIGE NON HARMONISE - EXAMEN  PROBATOIRE ESG MATIERE  GEOGRAPHIE SERIE (S)  A - ABI CAMEROUN,https://epreuvesetcorriges.com/categories/cameroun/examens/probatoire/7903-corrige-non-harmonise-examen-probatoire-esg-matiere-geographie-serie-s-a-abi-cameroun,https://epreuvesetcorriges.com/categories/cameroun/examens/probatoire/7903-corrige-non-harmonise-examen-probatoire-esg-matiere-geographie-serie-s-a-abi-cameroun/download,epreuvesetcorriges
Probatoire,,CORRIGE NON HARMONISE - EXAMEN  PROBATOIRE ESG MATIERE HITOIRE CAMEROUN,https://epreuvesetcorriges.com/categories/cameroun/examens/probatoire/7904-corrige-non-harmonise-examen-probatoire-esg-matiere-hitoire-cameroun,https://epreuvesetcorriges.com/categories/cameroun/examens/probatoire/7904-corrige-non-harmonise-examen-probatoire-esg-matiere-hitoire-cameroun/download,epreuvesetcorriges
Probatoire,,CORRIGE NON HARMONISE - EXAMEN  PROBATOIRE ESG MATIERE HITOIRE SERIE (S) C D E TI CAMEROUN,https://epreuvesetcorriges.com/categories/cameroun/examens/probatoire/7905-corrige-non-harmonise-examen-probatoire-esg-matiere-hitoire-serie-s-c-d-e-ti-cameroun,https://epreuvesetcorriges.com/categories/cameroun/examens/probatoire/7905-corrige-non-harmonise-examen-probatoire-esg-matiere-hitoire-serie-s-c-d-e-ti-cameroun/download,epreuvesetcorriges
Probatoire,2018,CORRIGÉ PROBATIRE DE BT - MÉCANIQUE AUTOMOBILE - 2018 CAMEROUN,https://epreuvesetcorriges.com/categories/cameroun/examens/probatoire/7906-corrige-probatire-de-bt-mecanique-automobile-2018-cameroun,https://epreuvesetcorriges.com/categories/cameroun/examens/probatoire/7906-corrige-probatire-de-bt-mecanique-automobile-2018-cameroun/download,epreuvesetcorriges
Probatoire,2021,ECM - ÉPREUVE ZÉRO - PROBATOIRE SÉRIE A C D TI 2021 CAMEROUN,https://epreuvesetcorriges.com/categories/cameroun/examens/probatoire/7907-ecm-epreuve-zero-probatoire-serie-a-c-d-ti-2021-cameroun,https://epreuvesetcorriges.com/categories/cameroun/examens/probatoire/7907-ecm-epreuve-zero-probatoire-serie-a-c-d-ti-2021-cameroun/download,epreuvesetcorriges
Probatoire,2019,ECM PROBATOIRE A C D 2019 (2) CAMEROUN,https://epreuvesetcorriges.com/categories/cameroun/examens/probatoire/7908-ecm-probatoire-a-c-d-2019-2-cameroun,https://epreuvesetcorriges.com/categories/cameroun/examens/probatoire/7908-ecm-probatoire-a-c-d-2019-2-cameroun/download,epreuvesetcorriges
Probatoire,2019,ECM PROBATOIRE A C D 2019 CAMEROUN,https://epreuvesetcorriges.com/categories/cameroun/examens/probatoire/7909-ecm-probatoire-a-c-d-2019-cameroun,https://epreuvesetcorriges.com/categories/cameroun/examens/probatoire/7909-ecm-probatoire-a-c-d-2019-cameroun/download,epreuvesetcorriges
Probatoire,2021,ÉPREUVE D’ALLEMAND - PROBATOIRE SÉRIE A4 - ABI - SESSION 2021 CAMEROUN,https://epreuvesetcorriges.com/categories/cameroun/examens/probatoire/7910-epreuve-d-allemand-probatoire-serie-a4-abi-session-2021-cameroun,https://epreuvesetcorriges.com/categories/cameroun/examens/probatoire/7910-epreuve-d-allemand-probatoire-serie-a4-abi-session-2021-cameroun/download,epreuvesetcorriges
Probatoire,2021,ÉPREUVE D’ANGLAIS - PROBATOIRE A C D TI - SESSION 2021 CAMEROUN,https://epreuvesetcorriges.com/categories/cameroun/examens/probatoire/7911-epreuve-d-anglais-probatoire-a-c-d-ti-session-2021-cameroun,https://epreuvesetcorriges.com/categories/cameroun/examens/probatoire/7911-epreuve-d-anglais-probatoire-a-c-d-ti-session-2021-cameroun/download,epreuvesetcorriges
Probatoire,2021,ÉPREUVE D’ÉCONOMIE GÉNÉRALE - PROBATOIRE STT - SPÉCIALITÉ ACA - CG - ACC - FIG - SESSION 2021 CAMEROUN,https://epreuvesetcorriges.com/categories/cameroun/examens/probatoire/7912-epreuve-d-economie-generale-probatoire-stt-specialite-aca-cg-acc-fig-session-2021-cameroun,https://epreuvesetcorriges.com/categories/cameroun/examens/probatoire/7912-epreuve-d-economie-generale-probatoire-stt-specialite-aca-cg-acc-fig-session-2021-cameroun/download,epreuvesetcorriges
Probatoire,2021,ÉPREUVE D’EPS - PROBATOIRE A C D E TI - SESSION 2021 CAMEROUN,https://epreuvesetcorriges.com/categories/cameroun/examens/probatoire/7913-epreuve-d-eps-probatoire-a-c-d-e-ti-session-2021-cameroun,https://epreuvesetcorriges.com/categories/cameroun/examens/probatoire/7913-epreuve-d-eps-probatoire-a-c-d-e-ti-session-2021-cameroun/download,epreuvesetcorriges
Probatoire,2021,ÉPREUVE D’ESPAGNOL - PROBATOIRE SÉRIE A4 - ABI - SESSION 2021 CAMEROUN,https://epreuvesetcorriges.com/categories/cameroun/examens/probatoire/7914-epreuve-d-espagnol-probatoire-serie-a4-abi-session-2021-cameroun,https://epreuvesetcorriges.com/categories/cameroun/examens/probatoire/7914-epreuve-d-espagnol-probatoire-serie-a4-abi-session-2021-cameroun/download,epreuvesetcorriges
Probatoire,2021,ÉPREUVE D’HISTOIRE - PROBATOIRE SÉRIE A - ABI - SESSION 2021 CAMEROUN,https://epreuvesetcorriges.com/categories/cameroun/examens/probatoire/7915-epreuve-d-histoire-probatoire-serie-a-abi-session-2021-cameroun,https://epreuvesetcorriges.com/categories/cameroun/examens/probatoire/7915-epreuve-d-histoire-probatoire-serie-a-abi-session-2021-cameroun/download,epreuvesetcorriges
Probatoire,2021,ÉPREUVE D’HISTOIRE - PROBATOIRE SÉRIE C D E TI - SESSION 2021 CAMEROUN,https://epreuvesetcorriges.com/categories/cameroun/examens/probatoire/7916-epreuve-d-histoire-probatoire-serie-c-d-e-ti-session-2021-cameroun,https://epreuvesetcorriges.com/categories/cameroun/examens/probatoire/7916-epreuve-d-histoire-probatoire-serie-c-d-e-ti-session-2021-cameroun/download,epreuvesetcorriges
Probatoire,,"EPREUVE D’INFORMATIQUE THEORIQUE - EXAMEN  PROBATOIRE SÉRIE  C, D, E CAMEROUN",https://epreuvesetcorriges.com/categories/cameroun/examens/probatoire/7917-epreuve-d-informatique-theorique-examen-probatoire-serie-c-d-e-cameroun,https://epreuvesetcorriges.com/categories/cameroun/examens/probatoire/7917-epreuve-d-informatique-theorique-examen-probatoire-serie-c-d-e-cameroun/download,epreuvesetcorriges
Probatoire,2021,ÉPREUVE DE CHIMIE - PROBATOIRE SÉRIE C D E - SESSION 2021 (2) CAMEROUN,https://epreuvesetcorriges.com/categories/cameroun/examens/probatoire/7918-epreuve-de-chimie-probatoire-serie-c-d-e-session-2021-2-cameroun,https://epreuvesetcorriges.com/categories/cameroun/examens/probatoire/7918-epreuve-de-chimie-probatoire-serie-c-d-e-session-2021-2-cameroun/download,epreuvesetcorriges
Probatoire,2021,ÉPREUVE DE CHIMIE - PROBATOIRE SÉRIE C D E - SESSION 2021 CAMEROUN,https://epreuvesetcorriges.com/categories/cameroun/examens/probatoire/7919-epreuve-de-chimie-probatoire-serie-c-d-e-session-2021-cameroun,https://epreuvesetcorriges.com/categories/cameroun/examens/probatoire/7919-epreuve-de-chimie-probatoire-serie-c-d-e-session-2021-cameroun/download,epreuvesetcorriges
Probatoire,2021,ÉPREUVE DE COMPTABILITÉ - PROBATOIRE STT - SPÉCIALITÉ ACA - SESSION 2021 CAMEROUN,https://epreuvesetcorriges.com/categories/cameroun/examens/probatoire/7920-epreuve-de-comptabilite-probatoire-stt-specialite-aca-session-2021-cameroun,https://epreuvesetcorriges.com/categories/cameroun/examens/probatoire/7920-epreuve-de-comptabilite-probatoire-stt-specialite-aca-session-2021-cameroun/download,epreuvesetcorriges
Probatoire,2021,ÉPREUVE DE COMPTABILITÉ - PROBATOIRE STT - SPÉCIALITÉ ACC ACA - SESSION 2021 CAMEROUN,https://epreuvesetcorriges.com/categories/cameroun/examens/probatoire/7921-epreuve-de-comptabilite-probatoire-stt-specialite-acc-aca-session-2021-cameroun,https://epreuvesetcorriges.com/categories/cameroun/examens/probatoire/7921-epreuve-de-comptabilite-probatoire-stt-specialite-acc-aca-session-2021-cameroun/download,epreuvesetcorriges
Probatoire,2021,ÉPREUVE DE DROIT - PROBATOIRE STT - SPÉCIALITÉ ACA - CG - ACC - FIG - SESSION 2021 CAMEROUN,https://epreuvesetcorriges.com/categories/cameroun/examens/probatoire/7922-epreuve-de-droit-probatoire-stt-specialite-aca-cg-acc-fig-session-2021-cameroun,https://epreuvesetcorriges.com/categories/cameroun/examens/probatoire/7922-epreuve-de-droit-probatoire-stt-specialite-aca-cg-acc-fig-session-2021-cameroun/download,epreuvesetcorriges
Probatoire,2021,ÉPREUVE DE ECM - PROBATOIRE SÉRIE A C D E TI - SESSION 2021 CAMEROUN,https://epreuvesetcorriges.com/categories/cameroun/examens/probatoire/7923-epreuve-de-ecm-probatoire-serie-a-c-d-e-ti-session-2021-cameroun,https://epreuvesetcorriges.com/categories/cameroun/examens/probatoire/7923-epreuve-de-ecm-probatoire-serie-a-c-d-e-ti-session-2021-cameroun/download,epreuvesetcorriges
Probatoire,2021,ÉPREUVE DE EPS - PROBATOIRE SÉRIE A C D E TI - SESSION 2021 CAMEROUN,https://epreuvesetcorriges.com/categories/cameroun/examens/probatoire/7924-epreuve-de-eps-probatoire-serie-a-c-d-e-ti-session-2021-cameroun,https://epreuvesetcorriges.com/categories/cameroun/examens/probatoire/7924-epreuve-de-eps-probatoire-serie-a-c-d-e-ti-session-2021-cameroun/download,epreuvesetcorriges
Probatoire,2021,ÉPREUVE DE GÉOGRAPHIE - PROBATOIRE A - ABI - SESSION 2021 CAMEROUN,https://epreuvesetcorriges.com/categories/cameroun/examens/probatoire/7925-epreuve-de-geographie-probatoire-a-abi-session-2021-cameroun,https://epreuvesetcorriges.com/categories/cameroun/examens/probatoire/7925-epreuve-de-geographie-probatoire-a-abi-session-2021-cameroun/download,epreuvesetcorriges
Probatoire,,ÉPREUVE DE GESTION SUR ORDINATRUER(GSO) - PROBATOIRE DE BT -  STT -  CAMEROUN,https://epreuvesetcorriges.com/categories/cameroun/examens/probatoire/7926-epreuve-de-gestion-sur-ordinatruer-gso-probatoire-de-bt-stt-cameroun,https://epreuvesetcorriges.com/categories/cameroun/examens/probatoire/7926-epreuve-de-gestion-sur-ordinatruer-gso-probatoire-de-bt-stt-cameroun/download,epreuvesetcorriges
Probatoire,2021,ÉPREUVE DE LANGUE FRANÇAISE - PROBATOIRE SÉRIE A - ABI - SESSION 2021 CAMEROUN,https://epreuvesetcorriges.com/categories/cameroun/examens/probatoire/7927-epreuve-de-langue-francaise-probatoire-serie-a-abi-session-2021-cameroun,https://epreuvesetcorriges.com/categories/cameroun/examens/probatoire/7927-epreuve-de-langue-francaise-probatoire-serie-a-abi-session-2021-cameroun/download,epreuvesetcorriges
Probatoire,2021,ÉPREUVE DE LANGUE FRANÇAISE - PROBATOIRE SÉRIE C D E TI - SESSION 2021 CAMEROUN,https://epreuvesetcorriges.com/categories/cameroun/examens/probatoire/7928-epreuve-de-langue-francaise-probatoire-serie-c-d-e-ti-session-2021-cameroun,https://epreuvesetcorriges.com/categories/cameroun/examens/probatoire/7928-epreuve-de-langue-francaise-probatoire-serie-c-d-e-ti-session-2021-cameroun/download,epreuvesetcorriges
Probatoire,2021,ÉPREUVE DE LITTÉRATURE OU CULTURE GÉNÉRAL - PROBATOIRE SÉRIE C D E TI - SESSION 2021 CAMEROUN,https://epreuvesetcorriges.com/categories/cameroun/examens/probatoire/7929-epreuve-de-litterature-ou-culture-general-probatoire-serie-c-d-e-ti-session-2021-cameroun,https://epreuvesetcorriges.com/categories/cameroun/examens/probatoire/7929-epreuve-de-litterature-ou-culture-general-probatoire-serie-c-d-e-ti-session-2021-cameroun/download,epreuvesetcorriges
Probatoire,2021,ÉPREUVE DE MATHÉMATIQUES - PROBATOIRE SÉRIE A4 - ABI - SESSION 2021 CAMEROUN,https://epreuvesetcorriges.com/categories/cameroun/examens/probatoire/7930-epreuve-de-mathematiques-probatoire-serie-a4-abi-session-2021-cameroun,https://epreuvesetcorriges.com/categories/cameroun/examens/probatoire/7930-epreuve-de-mathematiques-probatoire-serie-a4-abi-session-2021-cameroun/download,epreuvesetcorriges
Probatoire,2021,ÉPREUVE DE MATHÉMATIQUES - PROBATOIRE SÉRIE CE - SESSION 2021 CAMEROUN,https://epreuvesetcorriges.com/categories/cameroun/examens/probatoire/7931-epreuve-de-mathematiques-probatoire-serie-ce-session-2021-cameroun,https://epreuvesetcorriges.com/categories/cameroun/examens/probatoire/7931-epreuve-de-mathematiques-probatoire-serie-ce-session-2021-cameroun/download,epreuvesetcorriges
Probatoire,2021,ÉPREUVE DE MATHÉMATIQUES APPLIQUÉES - PROBATOIRE STT - SPÉCIALITÉ ACA - SESSION 2021 CAMEROUN,https://epreuvesetcorriges.com/categories/cameroun/examens/probatoire/7932-epreuve-de-mathematiques-appliquees-probatoire-stt-specialite-aca-session-2021-cameroun,https://epreuvesetcorriges.com/categories/cameroun/examens/probatoire/7932-epreuve-de-mathematiques-appliquees-probatoire-stt-specialite-aca-session-2021-cameroun/download,epreuvesetcorriges
Probatoire,2021,ÉPREUVE DE MATHÉMATIQUES APPLIQUÉES - PROBATOIRE STT SPÉCIALITÉ ACA - SESSION 2021 CAMEROUN,https://epreuvesetcorriges.com/categories/cameroun/examens/probatoire/7933-epreuve-de-mathematiques-appliquees-probatoire-stt-specialite-aca-session-2021-cameroun-2,https://epreuvesetcorriges.com/categories/cameroun/examens/probatoire/7933-epreuve-de-mathematiques-appliquees-probatoire-stt-specialite-aca-session-2021-cameroun-2/download,epreuvesetcorriges
Probatoire,2021,ÉPREUVE DE PHILOSOPHIE - PROBATOIRE SÉRIE A - ABI - SESSION 2021 CAMEROUN,https://epreuvesetcorriges.com/categories/cameroun/examens/probatoire/7935-epreuve-de-philosophie-probatoire-serie-a-abi-session-2021-cameroun,https://epreuvesetcorriges.com/categories/cameroun/examens/probatoire/7935-epreuve-de-philosophie-probatoire-serie-a-abi-session-2021-cameroun/download,epreuvesetcorriges
Probatoire,2021,"ÉPREUVE DE PHILOSOPHIE - PROBATOIRE SÉRIE C, D, E ,TI - SESSION 2021 CAMEROUN",https://epreuvesetcorriges.com/categories/cameroun/examens/probatoire/7936-epreuve-de-philosophie-probatoire-serie-c-d-e-ti-session-2021-cameroun,https://epreuvesetcorriges.com/categories/cameroun/examens/probatoire/7936-epreuve-de-philosophie-probatoire-serie-c-d-e-ti-session-2021-cameroun/download,epreuvesetcorriges
Probatoire,2021,ÉPREUVE DE PHYSIQUE - PROBATOIRE CE - SESSION 2021 CAMEROUN,https://epreuvesetcorriges.com/categories/cameroun/examens/probatoire/7937-epreuve-de-physique-probatoire-ce-session-2021-cameroun,https://epreuvesetcorriges.com/categories/cameroun/examens/probatoire/7937-epreuve-de-physique-probatoire-ce-session-2021-cameroun/download,epreuvesetcorriges
Probatoire,2021,"ÉPREUVE DE SCIENCES - PROBATOIRE SÉRIE A1,A2,A3,A4,A5,ABI - SESSION 2021 CAMEROUN",https://epreuvesetcorriges.com/categories/cameroun/examens/probatoire/7939-epreuve-de-sciences-probatoire-serie-a1-a2-a3-a4-a5-abi-session-2021-cameroun,https://epreuvesetcorriges.com/categories/cameroun/examens/probatoire/7939-epreuve-de-sciences-probatoire-serie-a1-a2-a3-a4-a5-abi-session-2021-cameroun/download,epreuvesetcorriges
Probatoire,2021,ÉPREUVE DE SVTEEHB - PROBATOIRE SÉRIE CTI - SESSION 2021 CAMEROUN,https://epreuvesetcorriges.com/categories/cameroun/examens/probatoire/7940-epreuve-de-svteehb-probatoire-serie-cti-session-2021-cameroun,https://epreuvesetcorriges.com/categories/cameroun/examens/probatoire/7940-epreuve-de-svteehb-probatoire-serie-cti-session-2021-cameroun/download,epreuvesetcorriges
Probatoire,2021,ÉPREUVE DE SVTEEHB - PROBATOIRE SÉRIE D - SESSION 2021 CAMEROUN,https://epreuvesetcorriges.com/categories/cameroun/examens/probatoire/7941-epreuve-de-svteehb-probatoire-serie-d-session-2021-cameroun,https://epreuvesetcorriges.com/categories/cameroun/examens/probatoire/7941-epreuve-de-svteehb-probatoire-serie-d-session-2021-cameroun/download,epreuvesetcorriges
Probatoire,2021,ÉPREUVE DE TRAVAUX D’APPLICATION - PROBATOIRE STT - SPÉCIALITÉ ACA - SESSION 2021 CAMEROUN,https://epreuvesetcorriges.com/categories/cameroun/examens/probatoire/7942-epreuve-de-travaux-d-application-probatoire-stt-specialite-aca-session-2021-cameroun,https://epreuvesetcorriges.com/categories/cameroun/examens/probatoire/7942-epreuve-de-travaux-d-application-probatoire-stt-specialite-aca-session-2021-cameroun/download,epreuvesetcorriges
Probatoire,2021,ÉPREUVE FACULTATIVE DE CULTURES NATIONALES - PROBATOIRE LITTÉRAIRE - SESSION 2021 CAMEROUN,https://epreuvesetcorriges.com/categories/cameroun/examens/probatoire/7943-epreuve-facultative-de-cultures-nationales-probatoire-litteraire-session-2021-cameroun,https://epreuvesetcorriges.com/categories/cameroun/examens/probatoire/7943-epreuve-facultative-de-cultures-nationales-probatoire-litteraire-session-2021-cameroun/download,epreuvesetcorriges
Probatoire,2021,ÉPREUVE FACULTATIVE DE TRAVAIL MANUEL - PROBATOIRE SÉRIE A C D E TI - SESSION 2021 CAMEROUN,https://epreuvesetcorriges.com/categories/cameroun/examens/probatoire/7944-epreuve-facultative-de-travail-manuel-probatoire-serie-a-c-d-e-ti-session-2021-cameroun,https://epreuvesetcorriges.com/categories/cameroun/examens/probatoire/7944-epreuve-facultative-de-travail-manuel-probatoire-serie-a-c-d-e-ti-session-2021-cameroun/download,epreuvesetcorriges
Probatoire,2021,"ÉPREUVE THÉORIQUE D’INFORMATIQUE - PROBATOIRE SÉRIE A,ABI,SH,AC - SESSION 2021 CAMEROUN",https://epreuvesetcorriges.com/categories/cameroun/examens/probatoire/7945-epreuve-theorique-d-informatique-probatoire-serie-a-abi-sh-ac-session-2021-cameroun,https://epreuvesetcorriges.com/categories/cameroun/examens/probatoire/7945-epreuve-theorique-d-informatique-probatoire-serie-a-abi-sh-ac-session-2021-cameroun/download,epreuvesetcorriges
Probatoire,2021,ÉPREUVE THÉORIQUE D’INFORMATIQUE - PROBATOIRE SÉRIE C D E - SESSION 2021 CAMEROUN,https://epreuvesetcorriges.com/categories/cameroun/examens/probatoire/7946-epreuve-theorique-d-informatique-probatoire-serie-c-d-e-session-2021-cameroun,https://epreuvesetcorriges.com/categories/cameroun/examens/probatoire/7946-epreuve-theorique-d-informatique-probatoire-serie-c-d-e-session-2021-cameroun/download,epreuvesetcorriges
Probatoire,,EPREUVE ZERO TECHNOLOGIE ELECTRICITE ET ELECTRONIQUE -  PROBATOIRE CAMEROUN,https://epreuvesetcorriges.com/categories/cameroun/examens/probatoire/7947-epreuve-zero-technologie-electricite-et-electronique-probatoire-cameroun,https://epreuvesetcorriges.com/categories/cameroun/examens/probatoire/7947-epreuve-zero-technologie-electricite-et-electronique-probatoire-cameroun/download,epreuvesetcorriges
Probatoire,2021,ESPAGNOL - ÉPREUVE ZÉRO - PROBATOIRE SÉRIE A4  - ABI 2021 CAMEROUN,https://epreuvesetcorriges.com/categories/cameroun/examens/probatoire/7948-espagnol-epreuve-zero-probatoire-serie-a4-abi-2021-cameroun,https://epreuvesetcorriges.com/categories/cameroun/examens/probatoire/7948-espagnol-epreuve-zero-probatoire-serie-a4-abi-2021-cameroun/download,epreuvesetcorriges
Probatoire,,ESPAGNOL LVII - EPREUVE ZERO - BEPC CAMEROUN,https://epreuvesetcorriges.com/categories/cameroun/examens/probatoire/7949-espagnol-lvii-epreuve-zero-bepc-cameroun,https://epreuvesetcorriges.com/categories/cameroun/examens/probatoire/7949-espagnol-lvii-epreuve-zero-bepc-cameroun/download,epreuvesetcorriges
Probatoire,,FASCICULE ANGLAIS - PROBATOIRE EXAMINATION SAMPLING CAMEROUN,https://epreuvesetcorriges.com/categories/cameroun/examens/probatoire/7950-fascicule-anglais-probatoire-examination-sampling-cameroun,https://epreuvesetcorriges.com/categories/cameroun/examens/probatoire/7950-fascicule-anglais-probatoire-examination-sampling-cameroun/download,epreuvesetcorriges
Probatoire,2021,GÉOGRAPHIE - ÉPREUVE ZÉRO - PROBATOIRE SÉRIE A4  - ABI 2021 CAMEROUN,https://epreuvesetcorriges.com/categories/cameroun/examens/probatoire/7951-geographie-epreuve-zero-probatoire-serie-a4-abi-2021-cameroun,https://epreuvesetcorriges.com/categories/cameroun/examens/probatoire/7951-geographie-epreuve-zero-probatoire-serie-a4-abi-2021-cameroun/download,epreuvesetcorriges
Probatoire,2018,GEOGRAPHIE PROBATOIRE C D 2018 CAMEROUN,https://epreuvesetcorriges.com/categories/cameroun/examens/probatoire/7952-geographie-probatoire-c-d-2018-cameroun,https://epreuvesetcorriges.com/categories/cameroun/examens/probatoire/7952-geographie-probatoire-c-d-2018-cameroun/download,epreuvesetcorriges
Probatoire,,GESTION DE L’INFORMATION FINANCIERE - COOPERATION EDUCATIVE - PROBATOIRE BLANC - CLASSE PCG CAMEROUN,https://epreuvesetcorriges.com/categories/cameroun/examens/probatoire/7953-gestion-de-l-information-financiere-cooperation-educative-probatoire-blanc-classe-pcg-cameroun,https://epreuvesetcorriges.com/categories/cameroun/examens/probatoire/7953-gestion-de-l-information-financiere-cooperation-educative-probatoire-blanc-classe-pcg-cameroun/download,epreuvesetcorriges
Probatoire,2021,GESTION DE L’INFORMATION FINANCIÈRE - PROBATOIRE STT - SPÉCIALITÉ CG - SESSION 2021 CAMEROUN,https://epreuvesetcorriges.com/categories/cameroun/examens/probatoire/7954-gestion-de-l-information-financiere-probatoire-stt-specialite-cg-session-2021-cameroun,https://epreuvesetcorriges.com/categories/cameroun/examens/probatoire/7954-gestion-de-l-information-financiere-probatoire-stt-specialite-cg-session-2021-cameroun/download,epreuvesetcorriges
Probatoire,2018,HISTOIRE PROBATOIRE A 2018 CAMEROUN,https://epreuvesetcorriges.com/categories/cameroun/examens/probatoire/7955-histoire-probatoire-a-2018-cameroun,https://epreuvesetcorriges.com/categories/cameroun/examens/probatoire/7955-histoire-probatoire-a-2018-cameroun/download,epreuvesetcorriges
Probatoire,2021,"INFORMATIQUE - COLLEGE IAES EXAMEN  PROBATOIRE BLANC ESG SÉRIE  A,ABI,SH,AC SESSION  2021 CAMEROUN",https://epreuvesetcorriges.com/categories/cameroun/examens/probatoire/7956-informatique-college-iaes-examen-probatoire-blanc-esg-serie-a-abi-sh-ac-session-2021-cameroun,https://epreuvesetcorriges.com/categories/cameroun/examens/probatoire/7956-informatique-college-iaes-examen-probatoire-blanc-esg-serie-a-abi-sh-ac-session-2021-cameroun/download,epreuvesetcorriges
Probatoire,2020,"INFORMATIQUE - LYCEE DE BANYO - EVALUATION  4 - AS  2020 - 2021 - EXAMEN  PROBATOIRE ESG -  SÉRIE  C, D -  CAMEROUN",https://epreuvesetcorriges.com/categories/cameroun/examens/probatoire/7957-informatique-lycee-de-banyo-evaluation-4-as-2020-2021-examen-probatoire-esg-serie-c-d-cameroun,https://epreuvesetcorriges.com/categories/cameroun/examens/probatoire/7957-informatique-lycee-de-banyo-evaluation-4-as-2020-2021-examen-probatoire-esg-serie-c-d-cameroun/download,epreuvesetcorriges
Probatoire,,"INFORMATIQUE - LYCÉE DE MANJO - EXAMEN  PROBATOIRE BLANC ESG SÉRIE  C, D, E (2) CAMEROUN",https://epreuvesetcorriges.com/categories/cameroun/examens/probatoire/7958-informatique-lycee-de-manjo-examen-probatoire-blanc-esg-serie-c-d-e-2-cameroun,https://epreuvesetcorriges.com/categories/cameroun/examens/probatoire/7958-informatique-lycee-de-manjo-examen-probatoire-blanc-esg-serie-c-d-e-2-cameroun/download,epreuvesetcorriges
Probatoire,,"INFORMATIQUE - LYCÉE DE MANJO - EXAMEN  PROBATOIRE BLANC ESG SÉRIE  C, D, E CAMEROUN",https://epreuvesetcorriges.com/categories/cameroun/examens/probatoire/7959-informatique-lycee-de-manjo-examen-probatoire-blanc-esg-serie-c-d-e-cameroun,https://epreuvesetcorriges.com/categories/cameroun/examens/probatoire/7959-informatique-lycee-de-manjo-examen-probatoire-blanc-esg-serie-c-d-e-cameroun/download,epreuvesetcorriges
Probatoire,2020,"INFORMATIQUE - LYCÉE DE MANJO - EXAMEN  PROBATOIRE BLANC ESG SÉRIE  C, D, E SESSION  2020 -  CAMEROUN",https://epreuvesetcorriges.com/categories/cameroun/examens/probatoire/7960-informatique-lycee-de-manjo-examen-probatoire-blanc-esg-serie-c-d-e-session-2020-cameroun,https://epreuvesetcorriges.com/categories/cameroun/examens/probatoire/7960-informatique-lycee-de-manjo-examen-probatoire-blanc-esg-serie-c-d-e-session-2020-cameroun/download,epreuvesetcorriges
Probatoire,,INFORMATIQUE - PROPOSITION DE CORRIGÉ - PROBATOIRE TI -  CAMEROUN,https://epreuvesetcorriges.com/categories/cameroun/examens/probatoire/7961-informatique-proposition-de-corrige-probatoire-ti-cameroun,https://epreuvesetcorriges.com/categories/cameroun/examens/probatoire/7961-informatique-proposition-de-corrige-probatoire-ti-cameroun/download,epreuvesetcorriges
Probatoire,2018,INFORMATIQUE PROBATOIRE A C D 2018 CAMEROUN,https://epreuvesetcorriges.com/categories/cameroun/examens/probatoire/7962-informatique-probatoire-a-c-d-2018-cameroun,https://epreuvesetcorriges.com/categories/cameroun/examens/probatoire/7962-informatique-probatoire-a-c-d-2018-cameroun/download,epreuvesetcorriges
Probatoire,2021,LANGUE FRANÇAISE - ÉPREUVE ZÉRO - PROBATOIRE SÉRIE A - ABI 2021 (ÉPREUVE 2) CAMEROUN,https://epreuvesetcorriges.com/categories/cameroun/examens/probatoire/7963-langue-francaise-epreuve-zero-probatoire-serie-a-abi-2021-epreuve-2-cameroun,https://epreuvesetcorriges.com/categories/cameroun/examens/probatoire/7963-langue-francaise-epreuve-zero-probatoire-serie-a-abi-2021-epreuve-2-cameroun/download,epreuvesetcorriges
Probatoire,2021,LANGUE FRANÇAISE - ÉPREUVE ZÉRO - PROBATOIRE SÉRIE A - ABI 2021 CAMEROUN,https://epreuvesetcorriges.com/categories/cameroun/examens/probatoire/7964-langue-francaise-epreuve-zero-probatoire-serie-a-abi-2021-cameroun,https://epreuvesetcorriges.com/categories/cameroun/examens/probatoire/7964-langue-francaise-epreuve-zero-probatoire-serie-a-abi-2021-cameroun/download,epreuvesetcorriges
Probatoire,2021,LANGUE FRANCAISE - PROPOSITION DE CORRIGÉ DE L’EPREUVE ZERO 2021 - PROBATOIRE ESG - SÉRIE  C – D – E – TI CAMEROUN,https://epreuvesetcorriges.com/categories/cameroun/examens/probatoire/7965-langue-francaise-proposition-de-corrige-de-l-epreuve-zero-2021-probatoire-esg-serie-c-d-e-ti-cameroun,https://epreuvesetcorriges.com/categories/cameroun/examens/probatoire/7965-langue-francaise-proposition-de-corrige-de-l-epreuve-zero-2021-probatoire-esg-serie-c-d-e-ti-cameroun/download,epreuvesetcorriges
Probatoire,2021,LITTÉRATURE OU CULTURE GÉNÉRALE - ÉPREUVE ZÉRO - PROBATOIRE SÉRIE A - ABI 2021 CAMEROUN,https://epreuvesetcorriges.com/categories/cameroun/examens/probatoire/7966-litterature-ou-culture-generale-epreuve-zero-probatoire-serie-a-abi-2021-cameroun,https://epreuvesetcorriges.com/categories/cameroun/examens/probatoire/7966-litterature-ou-culture-generale-epreuve-zero-probatoire-serie-a-abi-2021-cameroun/download,epreuvesetcorriges
Probatoire,2018,LITTÉRATURE OU CULTURE GENERALE PROBATOIRE A C D 2018 CAMEROUN,https://epreuvesetcorriges.com/categories/cameroun/examens/probatoire/7967-litterature-ou-culture-generale-probatoire-a-c-d-2018-cameroun,https://epreuvesetcorriges.com/categories/cameroun/examens/probatoire/7967-litterature-ou-culture-generale-probatoire-a-c-d-2018-cameroun/download,epreuvesetcorriges
Probatoire,,MATHEMATIQUES - COLLÈGE FXVOGT - PROBATOIRE BLANC - NIVEAU  PREMIÈRE D ET TI CAMEROUN,https://epreuvesetcorriges.com/categories/cameroun/examens/probatoire/7968-mathematiques-college-fxvogt-probatoire-blanc-niveau-premiere-d-et-ti-cameroun,https://epreuvesetcorriges.com/categories/cameroun/examens/probatoire/7968-mathematiques-college-fxvogt-probatoire-blanc-niveau-premiere-d-et-ti-cameroun/download,epreuvesetcorriges
Probatoire,2021,MATHÉMATIQUES - ÉPREUVE ZÉRO - PROBATOIRE A - ABI 2021 CAMEROUN,https://epreuvesetcorriges.com/categories/cameroun/examens/probatoire/7969-mathematiques-epreuve-zero-probatoire-a-abi-2021-cameroun,https://epreuvesetcorriges.com/categories/cameroun/examens/probatoire/7969-mathematiques-epreuve-zero-probatoire-a-abi-2021-cameroun/download,epreuvesetcorriges
Probatoire,2021,MATHÉMATIQUES - ÉPREUVE ZÉRO - PROBATOIRE C 2021 CAMEROUN,https://epreuvesetcorriges.com/categories/cameroun/examens/probatoire/7970-mathematiques-epreuve-zero-probatoire-c-2021-cameroun,https://epreuvesetcorriges.com/categories/cameroun/examens/probatoire/7970-mathematiques-epreuve-zero-probatoire-c-2021-cameroun/download,epreuvesetcorriges
Probatoire,2021,MATHÉMATIQUES - ÉPREUVE ZÉRO - PROBATOIRE DTI 2021 CAMEROUN,https://epreuvesetcorriges.com/categories/cameroun/examens/probatoire/7971-mathematiques-epreuve-zero-probatoire-dti-2021-cameroun,https://epreuvesetcorriges.com/categories/cameroun/examens/probatoire/7971-mathematiques-epreuve-zero-probatoire-dti-2021-cameroun/download,epreuvesetcorriges
Probatoire,2021,MATHÉMATIQUES - EXAMEN  BACCALAURÉAT ZÉRO SÉRIE C 2021 CAMEROUN,https://epreuvesetcorriges.com/categories/cameroun/examens/probatoire/7972-mathematiques-examen-baccalaureat-zero-serie-c-2021-cameroun,https://epreuvesetcorriges.com/categories/cameroun/examens/probatoire/7972-mathematiques-examen-baccalaureat-zero-serie-c-2021-cameroun/download,epreuvesetcorriges
Probatoire,2021,MATHÉMATIQUES - EXAMEN  PROBATOIRE ZÉRO -  SÉRIE  C -  SESSION  2021 CAMEROUN,https://epreuvesetcorriges.com/categories/cameroun/examens/probatoire/7973-mathematiques-examen-probatoire-zero-serie-c-session-2021-cameroun,https://epreuvesetcorriges.com/categories/cameroun/examens/probatoire/7973-mathematiques-examen-probatoire-zero-serie-c-session-2021-cameroun/download,epreuvesetcorriges
Probatoire,,MATHÉMATIQUES - LYCÉE CLASSIQUE D’EDÉA - PROBATOIRE BLANC SÉRIE C CAMEROUN,https://epreuvesetcorriges.com/categories/cameroun/examens/probatoire/7974-mathematiques-lycee-classique-d-edea-probatoire-blanc-serie-c-cameroun,https://epreuvesetcorriges.com/categories/cameroun/examens/probatoire/7974-mathematiques-lycee-classique-d-edea-probatoire-blanc-serie-c-cameroun/download,epreuvesetcorriges
Probatoire,,MATHÉMATIQUES - MINISTÈRE DES ENSEIGNEMENTS SECONDAIRES  - EXAMEN  PROBATOIRE ZÉRO - SÉRIE  D & TI -  CAMEROUN,https://epreuvesetcorriges.com/categories/cameroun/examens/probatoire/7975-mathematiques-ministere-des-enseignements-secondaires-examen-probatoire-zero-serie-d-ti-cameroun,https://epreuvesetcorriges.com/categories/cameroun/examens/probatoire/7975-mathematiques-ministere-des-enseignements-secondaires-examen-probatoire-zero-serie-d-ti-cameroun/download,epreuvesetcorriges
Probatoire,,MATHÉMATIQUES - OFFICE DU BACCALAURÉAT DU CAMEROUN - EXAMEN  PROBATOIRE BLANC -  CAMEROUN,https://epreuvesetcorriges.com/categories/cameroun/examens/probatoire/7976-mathematiques-office-du-baccalaureat-du-cameroun-examen-probatoire-blanc-cameroun,https://epreuvesetcorriges.com/categories/cameroun/examens/probatoire/7976-mathematiques-office-du-baccalaureat-du-cameroun-examen-probatoire-blanc-cameroun/download,epreuvesetcorriges
Probatoire,,MATHEMATIQUES APPLIQUEES - COOPERATION EDUCATIVE - PROBATOIRE BLANC - CLASSE P STT CAMEROUN,https://epreuvesetcorriges.com/categories/cameroun/examens/probatoire/7978-mathematiques-appliquees-cooperation-educative-probatoire-blanc-classe-p-stt-cameroun,https://epreuvesetcorriges.com/categories/cameroun/examens/probatoire/7978-mathematiques-appliquees-cooperation-educative-probatoire-blanc-classe-p-stt-cameroun/download,epreuvesetcorriges
Probatoire,2018,MATHS COLLÈGE DE LA RETRAITE PROBATOIRE BLANC SÉRIE D AVRIL 2018 CAMEROUN,https://epreuvesetcorriges.com/categories/cameroun/examens/probatoire/7979-maths-college-de-la-retraite-probatoire-blanc-serie-d-avril-2018-cameroun,https://epreuvesetcorriges.com/categories/cameroun/examens/probatoire/7979-maths-college-de-la-retraite-probatoire-blanc-serie-d-avril-2018-cameroun/download,epreuvesetcorriges
Probatoire,2018,MATHS COLLÈGE PRIVÉ LES LILAS PROBATOIRE BLANC N°1 SÉRIE D AVRIL 2018 CAMEROUN,https://epreuvesetcorriges.com/categories/cameroun/examens/probatoire/7981-maths-college-prive-les-lilas-probatoire-blanc-n-1-serie-d-avril-2018-cameroun,https://epreuvesetcorriges.com/categories/cameroun/examens/probatoire/7981-maths-college-prive-les-lilas-probatoire-blanc-n-1-serie-d-avril-2018-cameroun/download,epreuvesetcorriges
Probatoire,2018,MATHS COLLÈGE VOGT PROBATOIRE BLANC SÉRIE D MAI 2018 CAMEROUN,https://epreuvesetcorriges.com/categories/cameroun/examens/probatoire/7982-maths-college-vogt-probatoire-blanc-serie-d-mai-2018-cameroun,https://epreuvesetcorriges.com/categories/cameroun/examens/probatoire/7982-maths-college-vogt-probatoire-blanc-serie-d-mai-2018-cameroun/download,epreuvesetcorriges
Probatoire,,PHYSIQUE - CORRIGÉ EPREUVE ZÉRO - PROBATOIRE DTI CAMEROUN,https://epreuvesetcorriges.com/categories/cameroun/examens/probatoire/7991-physique-corrige-epreuve-zero-probatoire-dti-cameroun,https://epreuvesetcorriges.com/categories/cameroun/examens/probatoire/7991-physique-corrige-epreuve-zero-probatoire-dti-cameroun/download,epreuvesetcorriges
Probatoire,,PHYSIQUE - E - LEARNING - CLASSE PREMIÈRES - ANNEE 20202021 CAMEROUN,https://epreuvesetcorriges.com/categories/cameroun/examens/probatoire/7992-physique-e-learning-classe-premieres-annee-20202021-cameroun,https://epreuvesetcorriges.com/categories/cameroun/examens/probatoire/7992-physique-e-learning-classe-premieres-annee-20202021-cameroun/download,epreuvesetcorriges
Probatoire,2021,PHYSIQUE - ÉPREUVE ZÉRO - PROBATOIRE SÉRIE DTI 2021 (ÉPREUVE 2) CAMEROUN,https://epreuvesetcorriges.com/categories/cameroun/examens/probatoire/7993-physique-epreuve-zero-probatoire-serie-dti-2021-epreuve-2-cameroun,https://epreuvesetcorriges.com/categories/cameroun/examens/probatoire/7993-physique-epreuve-zero-probatoire-serie-dti-2021-epreuve-2-cameroun/download,epreuvesetcorriges
Probatoire,2021,PHYSIQUE - ÉPREUVE ZÉRO - PROBATOIRE SÉRIE DTI 2021 CAMEROUN,https://epreuvesetcorriges.com/categories/cameroun/examens/probatoire/7994-physique-epreuve-zero-probatoire-serie-dti-2021-cameroun,https://epreuvesetcorriges.com/categories/cameroun/examens/probatoire/7994-physique-epreuve-zero-probatoire-serie-dti-2021-cameroun/download,epreuvesetcorriges
Probatoire,2021,PHYSIQUE - PROBATOIRE BLANC NATIONAL SESSION D’AVRIL 2021 - SPÉCIALITÉ  SÉRIE C CAMEROUN,https://epreuvesetcorriges.com/categories/cameroun/examens/probatoire/7995-physique-probatoire-blanc-national-session-d-avril-2021-specialite-serie-c-cameroun,https://epreuvesetcorriges.com/categories/cameroun/examens/probatoire/7995-physique-probatoire-blanc-national-session-d-avril-2021-specialite-serie-c-cameroun/download,epreuvesetcorriges
Probatoire,2021,PHYSIQUE - PROBATOIRE BLANC NATIONAL SESSION D’AVRIL 2021 - SPÉCIALITÉ  SÉRIE D CAMEROUN,https://epreuvesetcorriges.com/categories/cameroun/examens/probatoire/7996-physique-probatoire-blanc-national-session-d-avril-2021-specialite-serie-d-cameroun,https://epreuvesetcorriges.com/categories/cameroun/examens/probatoire/7996-physique-probatoire-blanc-national-session-d-avril-2021-specialite-serie-d-cameroun/download,epreuvesetcorriges
Probatoire,,PHYSIQUE - PROBATOIRE ZÉRO - SÉRIE C E CAMEROUN,https://epreuvesetcorriges.com/categories/cameroun/examens/probatoire/7997-physique-probatoire-zero-serie-c-e-cameroun,https://epreuvesetcorriges.com/categories/cameroun/examens/probatoire/7997-physique-probatoire-zero-serie-c-e-cameroun/download,epreuvesetcorriges
Probatoire,2017,PHYSIQUE COLLÈGE CATHOLIQUE BILINGUE SAINT BENOIT PROBATOIRE BLANC SÉRIE D 2017 CAMEROUN,https://epreuvesetcorriges.com/categories/cameroun/examens/probatoire/7998-physique-college-catholique-bilingue-saint-benoit-probatoire-blanc-serie-d-2017-cameroun,https://epreuvesetcorriges.com/categories/cameroun/examens/probatoire/7998-physique-college-catholique-bilingue-saint-benoit-probatoire-blanc-serie-d-2017-cameroun/download,epreuvesetcorriges
Probatoire,2018,PHYSIQUE COLLÈGE DE LA RETRAITE PROBATOIRE BLANC SÉRIE D AVRIL 2018 CAMEROUN,https://epreuvesetcorriges.com/categories/cameroun/examens/probatoire/8000-physique-college-de-la-retraite-probatoire-blanc-serie-d-avril-2018-cameroun,https://epreuvesetcorriges.com/categories/cameroun/examens/probatoire/8000-physique-college-de-la-retraite-probatoire-blanc-serie-d-avril-2018-cameroun/download,epreuvesetcorriges
Probatoire,2018,PHYSIQUE COLLÈGE VOGT PROBATOIRE BLANC SÉRIE D MAI 2018 CAMEROUN,https://epreuvesetcorriges.com/categories/cameroun/examens/probatoire/8001-physique-college-vogt-probatoire-blanc-serie-d-mai-2018-cameroun,https://epreuvesetcorriges.com/categories/cameroun/examens/probatoire/8001-physique-college-vogt-probatoire-blanc-serie-d-mai-2018-cameroun/download,epreuvesetcorriges
Probatoire,2018,PHYSIQUE PROBATOIRE D 2018 CAMEROUN,https://epreuvesetcorriges.com/categories/cameroun/examens/probatoire/8002-physique-probatoire-d-2018-cameroun,https://epreuvesetcorriges.com/categories/cameroun/examens/probatoire/8002-physique-probatoire-d-2018-cameroun/download,epreuvesetcorriges
Probatoire,2019,PHYSIQUE PROBATOIRE D 2019 CAMEROUN,https://epreuvesetcorriges.com/categories/cameroun/examens/probatoire/8003-physique-probatoire-d-2019-cameroun,https://epreuvesetcorriges.com/categories/cameroun/examens/probatoire/8003-physique-probatoire-d-2019-cameroun/download,epreuvesetcorriges
Probatoire,2021,PREUVE D’ÉCONOMIE D’ENTREPRISE - PROBATOIRE STT - SPÉCIALITÉ ACA ACC FIG - SESSION 2021 CAMEROUN,https://epreuvesetcorriges.com/categories/cameroun/examens/probatoire/8004-preuve-d-economie-d-entreprise-probatoire-stt-specialite-aca-acc-fig-session-2021-cameroun,https://epreuvesetcorriges.com/categories/cameroun/examens/probatoire/8004-preuve-d-economie-d-entreprise-probatoire-stt-specialite-aca-acc-fig-session-2021-cameroun/download,epreuvesetcorriges
Probatoire,,PROBATACDE_2INFORMATIQUE PROBATOIRE A C D 2019019_INFO CAMEROUN,https://epreuvesetcorriges.com/categories/cameroun/examens/probatoire/8005-probatacde-2informatique-probatoire-a-c-d-2019019-info-cameroun,https://epreuvesetcorriges.com/categories/cameroun/examens/probatoire/8005-probatacde-2informatique-probatoire-a-c-d-2019019-info-cameroun/download,epreuvesetcorriges
Probatoire,,PROBATOIRE ESG MATIERE  SVTEEHB (EPREUVE ZERO) SERIES  PROBATOIRE D CAMEROUN,https://epreuvesetcorriges.com/categories/cameroun/examens/probatoire/8006-probatoire-esg-matiere-svteehb-epreuve-zero-series-probatoire-d-cameroun,https://epreuvesetcorriges.com/categories/cameroun/examens/probatoire/8006-probatoire-esg-matiere-svteehb-epreuve-zero-series-probatoire-d-cameroun/download,epreuvesetcorriges
Probatoire,2021,PROPOSITION DE CORRIGE - ÉPREUVE DE PHYSIQUE - PROBATOIRE CE - SESSION 2021 -  CAMEROUN,https://epreuvesetcorriges.com/categories/cameroun/examens/probatoire/8007-proposition-de-corrige-epreuve-de-physique-probatoire-ce-session-2021-cameroun,https://epreuvesetcorriges.com/categories/cameroun/examens/probatoire/8007-proposition-de-corrige-epreuve-de-physique-probatoire-ce-session-2021-cameroun/download,epreuvesetcorriges
Probatoire,2021,PROPOSITION DE CORRIGE - ÉPREUVE DE PHYSIQUE - PROBATOIRE DTI - SESSION 2021 -  CAMEROUN,https://epreuvesetcorriges.com/categories/cameroun/examens/probatoire/8008-proposition-de-corrige-epreuve-de-physique-probatoire-dti-session-2021-cameroun,https://epreuvesetcorriges.com/categories/cameroun/examens/probatoire/8008-proposition-de-corrige-epreuve-de-physique-probatoire-dti-session-2021-cameroun/download,epreuvesetcorriges
Probatoire,,PROPOSITION DE CORRIGÉ DE L’ÉPREUVE DE MATHÉMATIQUE - PROBATOIRE SÉRIE CE  -  CAMEROUN,https://epreuvesetcorriges.com/categories/cameroun/examens/probatoire/8009-proposition-de-corrige-de-l-epreuve-de-mathematique-probatoire-serie-ce-cameroun,https://epreuvesetcorriges.com/categories/cameroun/examens/probatoire/8009-proposition-de-corrige-de-l-epreuve-de-mathematique-probatoire-serie-ce-cameroun/download,epreuvesetcorriges
Probatoire,,PROPOSITION DE CORRIGÉ DE L’ÉPREUVE DE MATHÉMATIQUE - PROBATOIRE SÉRIE DTI  -  CAMEROUN,https://epreuvesetcorriges.com/categories/cameroun/examens/probatoire/8010-proposition-de-corrige-de-l-epreuve-de-mathematique-probatoire-serie-dti-cameroun,https://epreuvesetcorriges.com/categories/cameroun/examens/probatoire/8010-proposition-de-corrige-de-l-epreuve-de-mathematique-probatoire-serie-dti-cameroun/download,epreuvesetcorriges
Probatoire,,PROPOSITION DE CORRIGÉ DE MATHÉMATIQUES DU PROBATOIRE SÉRIE A - ABI CAMEROUN,https://epreuvesetcorriges.com/categories/cameroun/examens/probatoire/8011-proposition-de-corrige-de-mathematiques-du-probatoire-serie-a-abi-cameroun,https://epreuvesetcorriges.com/categories/cameroun/examens/probatoire/8011-proposition-de-corrige-de-mathematiques-du-probatoire-serie-a-abi-cameroun/download,epreuvesetcorriges
Probatoire,2021,PROPOSITION DE CORRIGÉ ÉPREUVE D’ANGLAIS - PROBATOIRE A C D TI - SESSION 2021 CAMEROUN,https://epreuvesetcorriges.com/categories/cameroun/examens/probatoire/8012-proposition-de-corrige-epreuve-d-anglais-probatoire-a-c-d-ti-session-2021-cameroun,https://epreuvesetcorriges.com/categories/cameroun/examens/probatoire/8012-proposition-de-corrige-epreuve-d-anglais-probatoire-a-c-d-ti-session-2021-cameroun/download,epreuvesetcorriges
Probatoire,2021,PROPOSITION DE CORRIGÉ ÉPREUVE DE ECM - PROBATOIRE A C D E TI - SESSION 2021 CAMEROUN,https://epreuvesetcorriges.com/categories/cameroun/examens/probatoire/8013-proposition-de-corrige-epreuve-de-ecm-probatoire-a-c-d-e-ti-session-2021-cameroun,https://epreuvesetcorriges.com/categories/cameroun/examens/probatoire/8013-proposition-de-corrige-epreuve-de-ecm-probatoire-a-c-d-e-ti-session-2021-cameroun/download,epreuvesetcorriges
Probatoire,2021,PROPOSITION DE CORRIGÉ ÉPREUVE DE SVT - PROBATOIRE A - ABI - SESSION 2021 CAMEROUN,https://epreuvesetcorriges.com/categories/cameroun/examens/probatoire/8014-proposition-de-corrige-epreuve-de-svt-probatoire-a-abi-session-2021-cameroun,https://epreuvesetcorriges.com/categories/cameroun/examens/probatoire/8014-proposition-de-corrige-epreuve-de-svt-probatoire-a-abi-session-2021-cameroun/download,epreuvesetcorriges
Probatoire,,PROPOSITION DE CORRIGÉ REGIONAL DE L’EPREUVE ZERO PROBATOIRE C -  CAMEROUN,https://epreuvesetcorriges.com/categories/cameroun/examens/probatoire/8015-proposition-de-corrige-regional-de-l-epreuve-zero-probatoire-c-cameroun,https://epreuvesetcorriges.com/categories/cameroun/examens/probatoire/8015-proposition-de-corrige-regional-de-l-epreuve-zero-probatoire-c-cameroun/download,epreuvesetcorriges
Probatoire,2021,PROPOSITION DU CORRIGE - ÉPREUVE ZÉRO CHIMIE PROBATOIRE C D E 2021 CAMEROUN,https://epreuvesetcorriges.com/categories/cameroun/examens/probatoire/8016-proposition-du-corrige-epreuve-zero-chimie-probatoire-c-d-e-2021-cameroun,https://epreuvesetcorriges.com/categories/cameroun/examens/probatoire/8016-proposition-du-corrige-epreuve-zero-chimie-probatoire-c-d-e-2021-cameroun/download,epreuvesetcorriges
Probatoire,2021,PROPOSITION DU CORRIGE DE L’EPREUVE ZERO DES SCIENCES AU PROBATOIRE A SESSION 2021 CAMEROUN,https://epreuvesetcorriges.com/categories/cameroun/examens/probatoire/8017-proposition-du-corrige-de-l-epreuve-zero-des-sciences-au-probatoire-a-session-2021-cameroun,https://epreuvesetcorriges.com/categories/cameroun/examens/probatoire/8017-proposition-du-corrige-de-l-epreuve-zero-des-sciences-au-probatoire-a-session-2021-cameroun/download,epreuvesetcorriges
Probatoire,,PROPOSITION DU CORRIGE DE MATHÉMATIQUES - PROBATOIRE DTI -  CAMEROUN,https://epreuvesetcorriges.com/categories/cameroun/examens/probatoire/8018-proposition-du-corrige-de-mathematiques-probatoire-dti-cameroun,https://epreuvesetcorriges.com/categories/cameroun/examens/probatoire/8018-proposition-du-corrige-de-mathematiques-probatoire-dti-cameroun/download,epreuvesetcorriges
Probatoire,2021,PROPOSITION DU CORRIGE DU PROBATOIRE D BLANC SVTEEHB 2021 CAMEROUN,https://epreuvesetcorriges.com/categories/cameroun/examens/probatoire/8019-proposition-du-corrige-du-probatoire-d-blanc-svteehb-2021-cameroun,https://epreuvesetcorriges.com/categories/cameroun/examens/probatoire/8019-proposition-du-corrige-du-probatoire-d-blanc-svteehb-2021-cameroun/download,epreuvesetcorriges
Probatoire,2021,"PROPOSITION DU CORRIGÉ MATHÉMATIQUES - EXAMEN  PROBATOIRE 2021 SÉRIE  F 2,3,4,5 , CI, IS CAMEROUN",https://epreuvesetcorriges.com/categories/cameroun/examens/probatoire/8020-proposition-du-corrige-mathematiques-examen-probatoire-2021-serie-f-2-3-4-5-ci-is-cameroun,https://epreuvesetcorriges.com/categories/cameroun/examens/probatoire/8020-proposition-du-corrige-mathematiques-examen-probatoire-2021-serie-f-2-3-4-5-ci-is-cameroun/download,epreuvesetcorriges
Probatoire,,SVT - COLLÈGE DE LA RETRAITE - PROBATOIRE BLANC SÉRIE D -  20182019 CAMEROUN,https://epreuvesetcorriges.com/categories/cameroun/examens/probatoire/8021-svt-college-de-la-retraite-probatoire-blanc-serie-d-20182019-cameroun,https://epreuvesetcorriges.com/categories/cameroun/examens/probatoire/8021-svt-college-de-la-retraite-probatoire-blanc-serie-d-20182019-cameroun/download,epreuvesetcorriges
Probatoire,2018,SVT PROBATOIRE A 2018 CAMEROUN,https://epreuvesetcorriges.com/categories/cameroun/examens/probatoire/8022-svt-probatoire-a-2018-cameroun,https://epreuvesetcorriges.com/categories/cameroun/examens/probatoire/8022-svt-probatoire-a-2018-cameroun/download,epreuvesetcorriges
Probatoire,2019,SVT PROBATOIRE D 2019 SUJET 1 CAMEROUN,https://epreuvesetcorriges.com/categories/cameroun/examens/probatoire/8023-svt-probatoire-d-2019-sujet-1-cameroun,https://epreuvesetcorriges.com/categories/cameroun/examens/probatoire/8023-svt-probatoire-d-2019-sujet-1-cameroun/download,epreuvesetcorriges
Probatoire,2021,SVTEEHB - COLLÈGE BILINGUE SABIL DE MAROUA - PÉRIODE JANVIER 2021 - EXAMEN  PROBATOIRE D CAMEROUN,https://epreuvesetcorriges.com/categories/cameroun/examens/probatoire/8024-svteehb-college-bilingue-sabil-de-maroua-periode-janvier-2021-examen-probatoire-d-cameroun,https://epreuvesetcorriges.com/categories/cameroun/examens/probatoire/8024-svteehb-college-bilingue-sabil-de-maroua-periode-janvier-2021-examen-probatoire-d-cameroun/download,epreuvesetcorriges
Probatoire,2021,SVTEEHB - CORRIGÉ REGIONAL DE L’EPREUVE ZERO PROBATOIRE C - TI - SESSION 2021 CAMEROUN,https://epreuvesetcorriges.com/categories/cameroun/examens/probatoire/8025-svteehb-corrige-regional-de-l-epreuve-zero-probatoire-c-ti-session-2021-cameroun,https://epreuvesetcorriges.com/categories/cameroun/examens/probatoire/8025-svteehb-corrige-regional-de-l-epreuve-zero-probatoire-c-ti-session-2021-cameroun/download,epreuvesetcorriges
Probatoire,2021,SVTEEHB - ÉPREUVE ZÉRO - PROBATOIRE SÉRIE D 2021(VOYANT) CAMEROUN,https://epreuvesetcorriges.com/categories/cameroun/examens/probatoire/8026-svteehb-epreuve-zero-probatoire-serie-d-2021-voyant-cameroun,https://epreuvesetcorriges.com/categories/cameroun/examens/probatoire/8026-svteehb-epreuve-zero-probatoire-serie-d-2021-voyant-cameroun/download,epreuvesetcorriges
Probatoire,2021,SVTEEHB - ÉPREUVE ZÉRO - PROBATOIRE SÉRIE D 2021(VOYANT) CAMEROUN,https://epreuvesetcorriges.com/categories/cameroun/examens/probatoire/8027-svteehb-epreuve-zero-probatoire-serie-d-2021-voyant-cameroun-2,https://epreuvesetcorriges.com/categories/cameroun/examens/probatoire/8027-svteehb-epreuve-zero-probatoire-serie-d-2021-voyant-cameroun-2/download,epreuvesetcorriges
Probatoire,2019,SVTEEHB - SEMINAIRE SAINT MICHEL DE MELONG - EVALUATION NO4 - PROBATOIRE D -  2019 - 2020 CAMEROUN,https://epreuvesetcorriges.com/categories/cameroun/examens/probatoire/8028-svteehb-seminaire-saint-michel-de-melong-evaluation-no4-probatoire-d-2019-2020-cameroun,https://epreuvesetcorriges.com/categories/cameroun/examens/probatoire/8028-svteehb-seminaire-saint-michel-de-melong-evaluation-no4-probatoire-d-2019-2020-cameroun/download,epreuvesetcorriges
Probatoire,,"TD DE PHILOSOPHIE - OFFICE DU BACCALAURÉAT - PROBATOIRE SERIE A1, A2, A3, A4, A5 CAMEROUN",https://epreuvesetcorriges.com/categories/cameroun/examens/probatoire/8029-td-de-philosophie-office-du-baccalaureat-probatoire-serie-a1-a2-a3-a4-a5-cameroun,https://epreuvesetcorriges.com/categories/cameroun/examens/probatoire/8029-td-de-philosophie-office-du-baccalaureat-probatoire-serie-a1-a2-a3-a4-a5-cameroun/download,epreuvesetcorriges
Probatoire,2016,TECHNOLOGIE ÉLECTRIQUE ET ÉLECTRONIQUE - PROBATOIRE DE BT - MÉCANIQUE AUTOMOBILE 2016 CAMEROUN,https://epreuvesetcorriges.com/categories/cameroun/examens/probatoire/8030-technologie-electrique-et-electronique-probatoire-de-bt-mecanique-automobile-2016-cameroun,https://epreuvesetcorriges.com/categories/cameroun/examens/probatoire/8030-technologie-electrique-et-electronique-probatoire-de-bt-mecanique-automobile-2016-cameroun/download,epreuvesetcorriges
Probatoire,2017,TECHNOLOGIE ÉLECTRIQUE ET ÉLECTRONIQUE - PROBATOIRE DE BT - SPÉCIALITÉ MA 2017 CAMEROUN,https://epreuvesetcorriges.com/categories/cameroun/examens/probatoire/8031-technologie-electrique-et-electronique-probatoire-de-bt-specialite-ma-2017-cameroun,https://epreuvesetcorriges.com/categories/cameroun/examens/probatoire/8031-technologie-electrique-et-electronique-probatoire-de-bt-specialite-ma-2017-cameroun/download,epreuvesetcorriges
Probatoire,2016,TECHNOLOGIE MÉCANIQUE - PROBATOIRE DE BT - MÉCANIQUE AUTOMOBILE 2016 CAMEROUN,https://epreuvesetcorriges.com/categories/cameroun/examens/probatoire/8032-technologie-mecanique-probatoire-de-bt-mecanique-automobile-2016-cameroun,https://epreuvesetcorriges.com/categories/cameroun/examens/probatoire/8032-technologie-mecanique-probatoire-de-bt-mecanique-automobile-2016-cameroun/download,epreuvesetcorriges
Probatoire,2017,TECHNOLOGIE MÉCANIQUE - PROBATOIRE DE BT - MÉCANIQUE AUTOMOBILE 2017 CAMEROUN,https://epreuvesetcorriges.com/categories/cameroun/examens/probatoire/8033-technologie-mecanique-probatoire-de-bt-mecanique-automobile-2017-cameroun,https://epreuvesetcorriges.com/categories/cameroun/examens/probatoire/8033-technologie-mecanique-probatoire-de-bt-mecanique-automobile-2017-cameroun/download,epreuvesetcorriges
Probatoire,2022,ALLEMAND  -  PROBATOIRE SERIE A4  -  ABI SESSION 2022 CAMEROUN,https://epreuvesetcorriges.com/categories/cameroun/examens/probatoire/27034-allemand-probatoire-serie-a4-abi-session-2022-cameroun,https://epreuvesetcorriges.com/categories/cameroun/examens/probatoire/27034-allemand-probatoire-serie-a4-abi-session-2022-cameroun/download,epreuvesetcorriges
Probatoire,2022,ANGLAIS - PROBATOIRE SERIE A C D TI SESSION 2022,https://epreuvesetcorriges.com/categories/cameroun/examens/probatoire/27035-anglais-probatoire-serie-a-c-d-ti-session-2022,https://epreuvesetcorriges.com/categories/cameroun/examens/probatoire/27035-anglais-probatoire-serie-a-c-d-ti-session-2022/download,epreuvesetcorriges
Probatoire,2022,CHIMIE - PROBATOIRE SERIE C D E SESSION 2022,https://epreuvesetcorriges.com/categories/cameroun/examens/probatoire/27036-chimie-probatoire-serie-c-d-e-session-2022,https://epreuvesetcorriges.com/categories/cameroun/examens/probatoire/27036-chimie-probatoire-serie-c-d-e-session-2022/download,epreuvesetcorriges
Probatoire,2022,CULTURES NATIONALES - PROBATOIRE SERIE A4 - ABI SESSION 2022,https://epreuvesetcorriges.com/categories/cameroun/examens/probatoire/27037-cultures-nationales-probatoire-serie-a4-abi-session-2022,https://epreuvesetcorriges.com/categories/cameroun/examens/probatoire/27037-cultures-nationales-probatoire-serie-a4-abi-session-2022/download,epreuvesetcorriges
Probatoire,2022,DESSIN - PROBATOIRE SESSION 2022,https://epreuvesetcorriges.com/categories/cameroun/examens/probatoire/27038-dessin-probatoire-session-2022,https://epreuvesetcorriges.com/categories/cameroun/examens/probatoire/27038-dessin-probatoire-session-2022/download,epreuvesetcorriges
Probatoire,2022,ECM - PROBATOIRE A C D E TI - SESSION 2022,https://epreuvesetcorriges.com/categories/cameroun/examens/probatoire/27039-ecm-probatoire-a-c-d-e-ti-session-2022,https://epreuvesetcorriges.com/categories/cameroun/examens/probatoire/27039-ecm-probatoire-a-c-d-e-ti-session-2022/download,epreuvesetcorriges
Probatoire,2022,ECM - PROBATOIRE SERIE A C D E TI SESSION 2022,https://epreuvesetcorriges.com/categories/cameroun/examens/probatoire/27040-ecm-probatoire-serie-a-c-d-e-ti-session-2022,https://epreuvesetcorriges.com/categories/cameroun/examens/probatoire/27040-ecm-probatoire-serie-a-c-d-e-ti-session-2022/download,epreuvesetcorriges
Probatoire,2022,EPS THEORIQUE - PROBATOIRE SERIE A C D E TI SESSION 2022,https://epreuvesetcorriges.com/categories/cameroun/examens/probatoire/27041-eps-theorique-probatoire-serie-a-c-d-e-ti-session-2022,https://epreuvesetcorriges.com/categories/cameroun/examens/probatoire/27041-eps-theorique-probatoire-serie-a-c-d-e-ti-session-2022/download,epreuvesetcorriges
Probatoire,2022,ESPAGNOL - PROBATOIRE SERIE A - ABI SESSION 2022,https://epreuvesetcorriges.com/categories/cameroun/examens/probatoire/27042-espagnol-probatoire-serie-a-abi-session-2022,https://epreuvesetcorriges.com/categories/cameroun/examens/probatoire/27042-espagnol-probatoire-serie-a-abi-session-2022/download,epreuvesetcorriges
Probatoire,2022,ESPAGNOL - PROBATOIRE SERIE A4 - ABI SESSION 2022,https://epreuvesetcorriges.com/categories/cameroun/examens/probatoire/27043-espagnol-probatoire-serie-a4-abi-session-2022,https://epreuvesetcorriges.com/categories/cameroun/examens/probatoire/27043-espagnol-probatoire-serie-a4-abi-session-2022/download,epreuvesetcorriges
Probatoire,2022,GEOGRAPHIE - PROBATOIRE SERIE A4 - ABI SESSION 2022,https://epreuvesetcorriges.com/categories/cameroun/examens/probatoire/27044-geographie-probatoire-serie-a4-abi-session-2022,https://epreuvesetcorriges.com/categories/cameroun/examens/probatoire/27044-geographie-probatoire-serie-a4-abi-session-2022/download,epreuvesetcorriges
Probatoire,2022,HISTOIRE - PROBATOIRE A - ABI - SESSION 2022,https://epreuvesetcorriges.com/categories/cameroun/examens/probatoire/27045-histoire-probatoire-a-abi-session-2022,https://epreuvesetcorriges.com/categories/cameroun/examens/probatoire/27045-histoire-probatoire-a-abi-session-2022/download,epreuvesetcorriges
Probatoire,2022,HISTOIRE - PROBATOIRE SERIE A4 - ABI SESSION 2022,https://epreuvesetcorriges.com/categories/cameroun/examens/probatoire/27046-histoire-probatoire-serie-a4-abi-session-2022,https://epreuvesetcorriges.com/categories/cameroun/examens/probatoire/27046-histoire-probatoire-serie-a4-abi-session-2022/download,epreuvesetcorriges
Probatoire,2022,HISTOIRE - PROBATOIRE SERIE C D E TI SESSION 2022,https://epreuvesetcorriges.com/categories/cameroun/examens/probatoire/27047-histoire-probatoire-serie-c-d-e-ti-session-2022,https://epreuvesetcorriges.com/categories/cameroun/examens/probatoire/27047-histoire-probatoire-serie-c-d-e-ti-session-2022/download,epreuvesetcorriges
Probatoire,2022,INFORMATIQUE THEORIQUE - PROBATOIRE SERIE A4 - ABI SESSION 2022,https://epreuvesetcorriges.com/categories/cameroun/examens/probatoire/27048-informatique-theorique-probatoire-serie-a4-abi-session-2022,https://epreuvesetcorriges.com/categories/cameroun/examens/probatoire/27048-informatique-theorique-probatoire-serie-a4-abi-session-2022/download,epreuvesetcorriges
Probatoire,2022,INFORMATIQUE THEORIQUE - PROBATOIRE SERIE C D E SESSION 2022,https://epreuvesetcorriges.com/categories/cameroun/examens/probatoire/27049-informatique-theorique-probatoire-serie-c-d-e-session-2022,https://epreuvesetcorriges.com/categories/cameroun/examens/probatoire/27049-informatique-theorique-probatoire-serie-c-d-e-session-2022/download,epreuvesetcorriges
Probatoire,2022,LANGUE - PROBATOIRE SERIE C D E TI SESSION 2022,https://epreuvesetcorriges.com/categories/cameroun/examens/probatoire/27050-langue-probatoire-serie-c-d-e-ti-session-2022,https://epreuvesetcorriges.com/categories/cameroun/examens/probatoire/27050-langue-probatoire-serie-c-d-e-ti-session-2022/download,epreuvesetcorriges
Probatoire,2022,LANGUE FRANÇAISE - PROBATOIRE SERIE A4 - ABI SESSION 2022,https://epreuvesetcorriges.com/categories/cameroun/examens/probatoire/27051-langue-francaise-probatoire-serie-a4-abi-session-2022,https://epreuvesetcorriges.com/categories/cameroun/examens/probatoire/27051-langue-francaise-probatoire-serie-a4-abi-session-2022/download,epreuvesetcorriges
Probatoire,2022,LANGUES NATIONALES - PROBATOIRE SERIE A4 - ABI SESSION 2022,https://epreuvesetcorriges.com/categories/cameroun/examens/probatoire/27052-langues-nationales-probatoire-serie-a4-abi-session-2022,https://epreuvesetcorriges.com/categories/cameroun/examens/probatoire/27052-langues-nationales-probatoire-serie-a4-abi-session-2022/download,epreuvesetcorriges
Probatoire,2022,LITTERATURE OU CULTURE GENERALE - PROBATOIRE SERIE A4 - ABI SESSION 2022,https://epreuvesetcorriges.com/categories/cameroun/examens/probatoire/27053-litterature-ou-culture-generale-probatoire-serie-a4-abi-session-2022,https://epreuvesetcorriges.com/categories/cameroun/examens/probatoire/27053-litterature-ou-culture-generale-probatoire-serie-a4-abi-session-2022/download,epreuvesetcorriges
Probatoire,2022,LITTERATURE OU CULTURE GENERALE - PROBATOIRE SERIE C D E TI SESSION 2022,https://epreuvesetcorriges.com/categories/cameroun/examens/probatoire/27054-litterature-ou-culture-generale-probatoire-serie-c-d-e-ti-session-2022,https://epreuvesetcorriges.com/categories/cameroun/examens/probatoire/27054-litterature-ou-culture-generale-probatoire-serie-c-d-e-ti-session-2022/download,epreuvesetcorriges
Probatoire,2022,MATHEMATIQUES - PROBATOIRE SERIE A - ABI SESSION 2022,https://epreuvesetcorriges.com/categories/cameroun/examens/probatoire/27055-mathematiques-probatoire-serie-a-abi-session-2022,https://epreuvesetcorriges.com/categories/cameroun/examens/probatoire/27055-mathematiques-probatoire-serie-a-abi-session-2022/download,epreuvesetcorriges
Probatoire,2022,MATHEMATIQUES - PROBATOIRE SERIE A4 - ABI SESSION 2022,https://epreuvesetcorriges.com/categories/cameroun/examens/probatoire/27056-mathematiques-probatoire-serie-a4-abi-session-2022,https://epreuvesetcorriges.com/categories/cameroun/examens/probatoire/27056-mathematiques-probatoire-serie-a4-abi-session-2022/download,epreuvesetcorriges
Probatoire,2022,MATHEMATIQUES - PROBATOIRE SERIE CE SESSION 2022,https://epreuvesetcorriges.com/categories/cameroun/examens/probatoire/27057-mathematiques-probatoire-serie-ce-session-2022,https://epreuvesetcorriges.com/categories/cameroun/examens/probatoire/27057-mathematiques-probatoire-serie-ce-session-2022/download,epreuvesetcorriges
Probatoire,2022,MATHEMATIQUES - PROBATOIRE SERIE D SESSION 2022,https://epreuvesetcorriges.com/categories/cameroun/examens/probatoire/27058-mathematiques-probatoire-serie-d-session-2022,https://epreuvesetcorriges.com/categories/cameroun/examens/probatoire/27058-mathematiques-probatoire-serie-d-session-2022/download,epreuvesetcorriges
Probatoire,2022,MUSIQUE - PROBATOIRE SESSION 2022,https://epreuvesetcorriges.com/categories/cameroun/examens/probatoire/27059-musique-probatoire-session-2022,https://epreuvesetcorriges.com/categories/cameroun/examens/probatoire/27059-musique-probatoire-session-2022/download,epreuvesetcorriges
Probatoire,2022,PHILOSOPHIE - PROBATOIRE SERIE A4 - ABI SESSION 2022,https://epreuvesetcorriges.com/categories/cameroun/examens/probatoire/27060-philosophie-probatoire-serie-a4-abi-session-2022,https://epreuvesetcorriges.com/categories/cameroun/examens/probatoire/27060-philosophie-probatoire-serie-a4-abi-session-2022/download,epreuvesetcorriges
Probatoire,2022,PHILOSOPHIE - PROBATOIRE SERIE C D E TI SESSION 2022,https://epreuvesetcorriges.com/categories/cameroun/examens/probatoire/27061-philosophie-probatoire-serie-c-d-e-ti-session-2022,https://epreuvesetcorriges.com/categories/cameroun/examens/probatoire/27061-philosophie-probatoire-serie-c-d-e-ti-session-2022/download,epreuvesetcorriges
Probatoire,2022,PHYSIQUE - PROBATOIRE SERIE CE SESSION 2022,https://epreuvesetcorriges.com/categories/cameroun/examens/probatoire/27062-physique-probatoire-serie-ce-session-2022,https://epreuvesetcorriges.com/categories/cameroun/examens/probatoire/27062-physique-probatoire-serie-ce-session-2022/download,epreuvesetcorriges
Probatoire,2022,PHYSIQUE - PROBATOIRE SERIE DTI SESSION 2022,https://epreuvesetcorriges.com/categories/cameroun/examens/probatoire/27063-physique-probatoire-serie-dti-session-2022,https://epreuvesetcorriges.com/categories/cameroun/examens/probatoire/27063-physique-probatoire-serie-dti-session-2022/download,epreuvesetcorriges
Probatoire,2022,PROPOSITION - CORRIGÉ  DE  CHIMIE - PROBATOIRE - C - D - E - 2022,https://epreuvesetcorriges.com/categories/cameroun/examens/probatoire/27064-proposition-corrige-de-chimie-probatoire-c-d-e-2022,https://epreuvesetcorriges.com/categories/cameroun/examens/probatoire/27064-proposition-corrige-de-chimie-probatoire-c-d-e-2022/download,epreuvesetcorriges
Probatoire,2022,PROPOSITION DE CORRIGÉ - MATHEMATIQUES PROBATOIRE D SESSION 2022,https://epreuvesetcorriges.com/categories/cameroun/examens/probatoire/27065-proposition-de-corrige-mathematiques-probatoire-d-session-2022,https://epreuvesetcorriges.com/categories/cameroun/examens/probatoire/27065-proposition-de-corrige-mathematiques-probatoire-d-session-2022/download,epreuvesetcorriges
Probatoire,2022,PROPOSITION DE CORRIGÉ DE MATHEMATIQUES - PROBATOIRE SERIE A - ABI SESSION 2022,https://epreuvesetcorriges.com/categories/cameroun/examens/probatoire/27066-proposition-de-corrige-de-mathematiques-probatoire-serie-a-abi-session-2022,https://epreuvesetcorriges.com/categories/cameroun/examens/probatoire/27066-proposition-de-corrige-de-mathematiques-probatoire-serie-a-abi-session-2022/download,epreuvesetcorriges
Probatoire,2022,PROPOSITION DE CORRIGÉ DE MATHEMATIQUES - PROBATOIRE SERIE CE SESSION 2022,https://epreuvesetcorriges.com/categories/cameroun/examens/probatoire/27067-proposition-de-corrige-de-mathematiques-probatoire-serie-ce-session-2022,https://epreuvesetcorriges.com/categories/cameroun/examens/probatoire/27067-proposition-de-corrige-de-mathematiques-probatoire-serie-ce-session-2022/download,epreuvesetcorriges
Probatoire,2022,SCIENCES - PROBATOIRE SERIE A4 - ABI SESSION 2022,https://epreuvesetcorriges.com/categories/cameroun/examens/probatoire/27068-sciences-probatoire-serie-a4-abi-session-2022,https://epreuvesetcorriges.com/categories/cameroun/examens/probatoire/27068-sciences-probatoire-serie-a4-abi-session-2022/download,epreuvesetcorriges
Probatoire,2022,SVTEEHB - PROBATOIRE SERIE C TI SESSION 2022,https://epreuvesetcorriges.com/categories/cameroun/examens/probatoire/27069-svteehb-probatoire-serie-c-ti-session-2022,https://epreuvesetcorriges.com/categories/cameroun/examens/probatoire/27069-svteehb-probatoire-serie-c-ti-session-2022/download,epreuvesetcorriges
Probatoire,2022,SVTEEHB - PROBATOIRE SERIE D SESSION 2022,https://epreuvesetcorriges.com/categories/cameroun/examens/probatoire/27070-svteehb-probatoire-serie-d-session-2022,https://epreuvesetcorriges.com/categories/cameroun/examens/probatoire/27070-svteehb-probatoire-serie-d-session-2022/download,epreuvesetcorriges
Probatoire,2022,TRAVAIL MANUEL - PROBATOIRE SESSION 2022,https://epreuvesetcorriges.com/categories/cameroun/examens/probatoire/27071-travail-manuel-probatoire-session-2022,https://epreuvesetcorriges.com/categories/cameroun/examens/probatoire/27071-travail-manuel-probatoire-session-2022/download,epreuvesetcorriges
Probatoire,2022,"CORRIGÉ EPREUVE DE CHIMIE - PROBATOIRE C,D,E - SESSION 2022 (2) CAMEROUN",https://epreuvesetcorriges.com/categories/cameroun/examens/probatoire/28107-corrige-epreuve-de-chimie-probatoire-c-d-e-session-2022-2-cameroun,https://epreuvesetcorriges.com/categories/cameroun/examens/probatoire/28107-corrige-epreuve-de-chimie-probatoire-c-d-e-session-2022-2-cameroun/download,epreuvesetcorriges
Probatoire,2022,"CORRIGÉ EPREUVE DE CONTRACTION DE TEXTE - PROBATOIRE C,D,E,TI - SESSION 2022 CAMEROUN",https://epreuvesetcorriges.com/categories/cameroun/examens/probatoire/28109-corrige-epreuve-de-contraction-de-texte-probatoire-c-d-e-ti-session-2022-cameroun,https://epreuvesetcorriges.com/categories/cameroun/examens/probatoire/28109-corrige-epreuve-de-contraction-de-texte-probatoire-c-d-e-ti-session-2022-cameroun/download,epreuvesetcorriges
Probatoire,2022,"CORRIGÉ EPREUVE DE DISSERTATION - PROBATOIRE C, D,E,TI - SESSION 2022 CAMEROUN",https://epreuvesetcorriges.com/categories/cameroun/examens/probatoire/28110-corrige-epreuve-de-dissertation-probatoire-c-d-e-ti-session-2022-cameroun,https://epreuvesetcorriges.com/categories/cameroun/examens/probatoire/28110-corrige-epreuve-de-dissertation-probatoire-c-d-e-ti-session-2022-cameroun/download,epreuvesetcorriges
Probatoire,2022,"CORRIGÉ EPREUVE DE LANGUE - PROBATOIRE C,D,E,TI - SESSION 2022 CAMEROUN",https://epreuvesetcorriges.com/categories/cameroun/examens/probatoire/28111-corrige-epreuve-de-langue-probatoire-c-d-e-ti-session-2022-cameroun,https://epreuvesetcorriges.com/categories/cameroun/examens/probatoire/28111-corrige-epreuve-de-langue-probatoire-c-d-e-ti-session-2022-cameroun/download,epreuvesetcorriges
Probatoire,2022,"CORRIGÉ EPREUVE DE PHILOSOPHIE - PROBATOIRE C,D,E,TI - SESSION 2022 CAMEROUN",https://epreuvesetcorriges.com/categories/cameroun/examens/probatoire/28112-corrige-epreuve-de-philosophie-probatoire-c-d-e-ti-session-2022-cameroun,https://epreuvesetcorriges.com/categories/cameroun/examens/probatoire/28112-corrige-epreuve-de-philosophie-probatoire-c-d-e-ti-session-2022-cameroun/download,epreuvesetcorriges
Probatoire,2023,EPREUVE PROBATOIRE 2023 ECM SERIE A1-A2-A3-A4-A5-C-D-E-TI CAMEROUN,https://epreuvesetcorriges.com/categories/cameroun/examens/probatoire/31730-epreuve-probatoire-2023-ecm-serie-a1-a2-a3-a4-a5-c-d-e-ti-cameroun,https://epreuvesetcorriges.com/categories/cameroun/examens/probatoire/31730-epreuve-probatoire-2023-ecm-serie-a1-a2-a3-a4-a5-c-d-e-ti-cameroun/download,epreuvesetcorriges
Probatoire,2023,EPREUVE PROBATOIRE 2023 LANGUE FRANÇAISE SERIE A-ABI CAMEROUN,https://epreuvesetcorriges.com/categories/cameroun/examens/probatoire/31731-epreuve-probatoire-2023-langue-francaise-serie-a-abi-cameroun,https://epreuvesetcorriges.com/categories/cameroun/examens/probatoire/31731-epreuve-probatoire-2023-langue-francaise-serie-a-abi-cameroun/download,epreuvesetcorriges
Probatoire,2023,EPREUVE PROBATOIRE 2023 LITTERATURE OU CULTURE GENERALE SERIE A-ABI CAMEROUN,https://epreuvesetcorriges.com/categories/cameroun/examens/probatoire/31732-epreuve-probatoire-2023-litterature-ou-culture-generale-serie-a-abi-cameroun,https://epreuvesetcorriges.com/categories/cameroun/examens/probatoire/31732-epreuve-probatoire-2023-litterature-ou-culture-generale-serie-a-abi-cameroun/download,epreuvesetcorriges
Probatoire,2023,EPREUVE PROBATOIRE 2023 MATHEMATIQUES  -SPECIALITÉ IH CAMEROUN,https://epreuvesetcorriges.com/categories/cameroun/examens/probatoire/31733-epreuve-probatoire-2023-mathematiques-specialite-ih-cameroun,https://epreuvesetcorriges.com/categories/cameroun/examens/probatoire/31733-epreuve-probatoire-2023-mathematiques-specialite-ih-cameroun/download,epreuvesetcorriges
Probatoire,2023,EPREUVE PROBATOIRE 2023 MATHEMATIQUES -SERIE F2-F3-F4-F5-AMEB-TGF-MAGE CAMEROUN,https://epreuvesetcorriges.com/categories/cameroun/examens/probatoire/31734-epreuve-probatoire-2023-mathematiques-serie-f2-f3-f4-f5-ameb-tgf-mage-cameroun,https://epreuvesetcorriges.com/categories/cameroun/examens/probatoire/31734-epreuve-probatoire-2023-mathematiques-serie-f2-f3-f4-f5-ameb-tgf-mage-cameroun/download,epreuvesetcorriges
Probatoire,2023,EPREUVE PROBATOIRE 2023 PHILOSOPHIE  SERIE A4-ABI CAMEROUN,https://epreuvesetcorriges.com/categories/cameroun/examens/probatoire/31735-epreuve-probatoire-2023-philosophie-serie-a4-abi-cameroun,https://epreuvesetcorriges.com/categories/cameroun/examens/probatoire/31735-epreuve-probatoire-2023-philosophie-serie-a4-abi-cameroun/download,epreuvesetcorriges
Probatoire,2023,EPREUVE PROBATOIRE 2023 SCIENCES  SERIE A1-A2-A3-A4-A5-ABI CAMEROUN,https://epreuvesetcorriges.com/categories/cameroun/examens/probatoire/31736-epreuve-probatoire-2023-sciences-serie-a1-a2-a3-a4-a5-abi-cameroun,https://epreuvesetcorriges.com/categories/cameroun/examens/probatoire/31736-epreuve-probatoire-2023-sciences-serie-a1-a2-a3-a4-a5-abi-cameroun/download,epreuvesetcorriges
Probatoire,2023,EPREUVE PROBATOIRE 2023 ESPAGNOL SERIE A-ABI CAMEROUN,https://epreuvesetcorriges.com/categories/cameroun/examens/probatoire/31764-epreuve-probatoire-2023-espagnol-serie-a-abi-cameroun,https://epreuvesetcorriges.com/categories/cameroun/examens/probatoire/31764-epreuve-probatoire-2023-espagnol-serie-a-abi-cameroun/download,epreuvesetcorriges
Probatoire,2023,EPREUVE PROBATOIRE 2023 HISTOIRE SERIE A-ABI CAMEROUN,https://epreuvesetcorriges.com/categories/cameroun/examens/probatoire/31765-epreuve-probatoire-2023-histoire-serie-a-abi-cameroun,https://epreuvesetcorriges.com/categories/cameroun/examens/probatoire/31765-epreuve-probatoire-2023-histoire-serie-a-abi-cameroun/download,epreuvesetcorriges
Probatoire,2023,EPREUVE PROBATOIRE 2023 INFORMATIQUE THEORIQUE SERIE A-EBI-AC-SH CAMEROUN,https://epreuvesetcorriges.com/categories/cameroun/examens/probatoire/31766-epreuve-probatoire-2023-informatique-theorique-serie-a-ebi-ac-sh-cameroun,https://epreuvesetcorriges.com/categories/cameroun/examens/probatoire/31766-epreuve-probatoire-2023-informatique-theorique-serie-a-ebi-ac-sh-cameroun/download,epreuvesetcorriges
Probatoire,2023,EPREUVE PROBATOIRE 2023 MATHEMATIQUES A-ABI,https://epreuvesetcorriges.com/categories/cameroun/examens/probatoire/31767-epreuve-probatoire-2023-mathematiques-a-abi,https://epreuvesetcorriges.com/categories/cameroun/examens/probatoire/31767-epreuve-probatoire-2023-mathematiques-a-abi/download,epreuvesetcorriges
Probatoire,2023,EPREUVE PROBATOIRE 2023 ALLEMAND SERIE A-ABI CAMEROUN,https://epreuvesetcorriges.com/categories/cameroun/examens/probatoire/31816-epreuve-probatoire-2023-allemand-serie-a-abi-cameroun,https://epreuvesetcorriges.com/categories/cameroun/examens/probatoire/31816-epreuve-probatoire-2023-allemand-serie-a-abi-cameroun/download,epreuvesetcorriges
Probatoire,2023,EPREUVE PROBATOIRE 2023 ANGLAIS SERIE A-C-D-TI CAMEROUN,https://epreuvesetcorriges.com/categories/cameroun/examens/probatoire/31817-epreuve-probatoire-2023-anglais-serie-a-c-d-ti-cameroun,https://epreuvesetcorriges.com/categories/cameroun/examens/probatoire/31817-epreuve-probatoire-2023-anglais-serie-a-c-d-ti-cameroun/download,epreuvesetcorriges
Probatoire,2023,EPREUVE PROBATOIRE 2023 CHIMIE SERIE C-D-E CAMEROUN,https://epreuvesetcorriges.com/categories/cameroun/examens/probatoire/31818-epreuve-probatoire-2023-chimie-serie-c-d-e-cameroun,https://epreuvesetcorriges.com/categories/cameroun/examens/probatoire/31818-epreuve-probatoire-2023-chimie-serie-c-d-e-cameroun/download,epreuvesetcorriges
Probatoire,2023,EPREUVE PROBATOIRE 2023 CULTURES NATIONALES SERIE A-ABI CAMEROUN,https://epreuvesetcorriges.com/categories/cameroun/examens/probatoire/31819-epreuve-probatoire-2023-cultures-nationales-serie-a-abi-cameroun,https://epreuvesetcorriges.com/categories/cameroun/examens/probatoire/31819-epreuve-probatoire-2023-cultures-nationales-serie-a-abi-cameroun/download,epreuvesetcorriges
Probatoire,2023,EPREUVE PROBATOIRE 2023 DESSIN  SERIE A-C-D-E-TI CAMEROUN,https://epreuvesetcorriges.com/categories/cameroun/examens/probatoire/31820-epreuve-probatoire-2023-dessin-serie-a-c-d-e-ti-cameroun,https://epreuvesetcorriges.com/categories/cameroun/examens/probatoire/31820-epreuve-probatoire-2023-dessin-serie-a-c-d-e-ti-cameroun/download,epreuvesetcorriges
Probatoire,2023,EPREUVE PROBATOIRE 2023 EPS  SERIE A-C-D-E-TI CAMEROUN,https://epreuvesetcorriges.com/categories/cameroun/examens/probatoire/31821-epreuve-probatoire-2023-eps-serie-a-c-d-e-ti-cameroun,https://epreuvesetcorriges.com/categories/cameroun/examens/probatoire/31821-epreuve-probatoire-2023-eps-serie-a-c-d-e-ti-cameroun/download,epreuvesetcorriges
Probatoire,2023,EPREUVE PROBATOIRE 2023 GEOGRAPHIE SERIE A-ABI CAMEROUN,https://epreuvesetcorriges.com/categories/cameroun/examens/probatoire/31822-epreuve-probatoire-2023-geographie-serie-a-abi-cameroun,https://epreuvesetcorriges.com/categories/cameroun/examens/probatoire/31822-epreuve-probatoire-2023-geographie-serie-a-abi-cameroun/download,epreuvesetcorriges
Probatoire,2023,EPREUVE PROBATOIRE 2023 HISTOIRE SERIE C-D-E-TI CAMEROUN,https://epreuvesetcorriges.com/categories/cameroun/examens/probatoire/31823-epreuve-probatoire-2023-histoire-serie-c-d-e-ti-cameroun,https://epreuvesetcorriges.com/categories/cameroun/examens/probatoire/31823-epreuve-probatoire-2023-histoire-serie-c-d-e-ti-cameroun/download,epreuvesetcorriges
Probatoire,2023,EPREUVE PROBATOIRE 2023 INFORMATIQUE SERIE C-D-E CAMEROUN,https://epreuvesetcorriges.com/categories/cameroun/examens/probatoire/31824-epreuve-probatoire-2023-informatique-serie-c-d-e-cameroun,https://epreuvesetcorriges.com/categories/cameroun/examens/probatoire/31824-epreuve-probatoire-2023-informatique-serie-c-d-e-cameroun/download,epreuvesetcorriges
Probatoire,2023,EPREUVE PROBATOIRE 2023 LANGUE FRANÇAISE SERIE C-D-E-TI CAMEROUN,https://epreuvesetcorriges.com/categories/cameroun/examens/probatoire/31825-epreuve-probatoire-2023-langue-francaise-serie-c-d-e-ti-cameroun,https://epreuvesetcorriges.com/categories/cameroun/examens/probatoire/31825-epreuve-probatoire-2023-langue-francaise-serie-c-d-e-ti-cameroun/download,epreuvesetcorriges
Probatoire,2023,EPREUVE PROBATOIRE 2023 LANGUES NATIONALES SERIE A-ABI CAMEROUN,https://epreuvesetcorriges.com/categories/cameroun/examens/probatoire/31826-epreuve-probatoire-2023-langues-nationales-serie-a-abi-cameroun,https://epreuvesetcorriges.com/categories/cameroun/examens/probatoire/31826-epreuve-probatoire-2023-langues-nationales-serie-a-abi-cameroun/download,epreuvesetcorriges
Probatoire,2023,EPREUVE PROBATOIRE 2023 LITTERATURE OU CULTURE GENERALE SERIE C-D-E-TI CAMEROUN,https://epreuvesetcorriges.com/categories/cameroun/examens/probatoire/31827-epreuve-probatoire-2023-litterature-ou-culture-generale-serie-c-d-e-ti-cameroun,https://epreuvesetcorriges.com/categories/cameroun/examens/probatoire/31827-epreuve-probatoire-2023-litterature-ou-culture-generale-serie-c-d-e-ti-cameroun/download,epreuvesetcorriges
Probatoire,2023,EPREUVE PROBATOIRE 2023 MATHEMATIQUES SERIE D-TI CAMEROUN,https://epreuvesetcorriges.com/categories/cameroun/examens/probatoire/31828-epreuve-probatoire-2023-mathematiques-serie-d-ti-cameroun,https://epreuvesetcorriges.com/categories/cameroun/examens/probatoire/31828-epreuve-probatoire-2023-mathematiques-serie-d-ti-cameroun/download,epreuvesetcorriges
Probatoire,2023,EPREUVE PROBATOIRE 2023 PHILOSOPHIE SERIE C-D-E-TI CAMEROUN,https://epreuvesetcorriges.com/categories/cameroun/examens/probatoire/31829-epreuve-probatoire-2023-philosophie-serie-c-d-e-ti-cameroun,https://epreuvesetcorriges.com/categories/cameroun/examens/probatoire/31829-epreuve-probatoire-2023-philosophie-serie-c-d-e-ti-cameroun/download,epreuvesetcorriges
Probatoire,2023,EPREUVE PROBATOIRE 2023 PHYSIQUE SERIE C-E CAMEROUN,https://epreuvesetcorriges.com/categories/cameroun/examens/probatoire/31830-epreuve-probatoire-2023-physique-serie-c-e-cameroun,https://epreuvesetcorriges.com/categories/cameroun/examens/probatoire/31830-epreuve-probatoire-2023-physique-serie-c-e-cameroun/download,epreuvesetcorriges
Probatoire,2023,EPREUVE PROBATOIRE 2023 PHYSIQUE SERIE D-TI CAMEROUN,https://epreuvesetcorriges.com/categories/cameroun/examens/probatoire/31831-epreuve-probatoire-2023-physique-serie-d-ti-cameroun,https://epreuvesetcorriges.com/categories/cameroun/examens/probatoire/31831-epreuve-probatoire-2023-physique-serie-d-ti-cameroun/download,epreuvesetcorriges
Probatoire,2023,EPREUVE PROBATOIRE 2023 SVTEEHB SERIE C-TI CAMEROUN,https://epreuvesetcorriges.com/categories/cameroun/examens/probatoire/31832-epreuve-probatoire-2023-svteehb-serie-c-ti-cameroun,https://epreuvesetcorriges.com/categories/cameroun/examens/probatoire/31832-epreuve-probatoire-2023-svteehb-serie-c-ti-cameroun/download,epreuvesetcorriges
Probatoire,2023,EPREUVE PROBATOIRE 2023 SVTEEHB SERIE D CAMEROUN,https://epreuvesetcorriges.com/categories/cameroun/examens/probatoire/31833-epreuve-probatoire-2023-svteehb-serie-d-cameroun,https://epreuvesetcorriges.com/categories/cameroun/examens/probatoire/31833-epreuve-probatoire-2023-svteehb-serie-d-cameroun/download,epreuvesetcorriges
Probatoire,2023,EPREUVE PROBATOIRE 2023 TRAVAIL MANUEL SERIE A-C-D-E-TI CAMEROUN,https://epreuvesetcorriges.com/categories/cameroun/examens/probatoire/31834-epreuve-probatoire-2023-travail-manuel-serie-a-c-d-e-ti-cameroun,https://epreuvesetcorriges.com/categories/cameroun/examens/probatoire/31834-epreuve-probatoire-2023-travail-manuel-serie-a-c-d-e-ti-cameroun/download,epreuvesetcorriges
Probatoire,2022,"CORRIGÉ - EPREUVE ZÉRO DE MATHEMATIQUES - PROBATOIRE - SÉRIE D,TI - SESSION 2022 CAMEROUN",https://epreuvesetcorriges.com/categories/cameroun/examens/probatoire/32241-corrige-epreuve-zero-de-mathematiques-probatoire-serie-d-ti-session-2022-cameroun,https://epreuvesetcorriges.com/categories/cameroun/examens/probatoire/32241-corrige-epreuve-zero-de-mathematiques-probatoire-serie-d-ti-session-2022-cameroun/download,epreuvesetcorriges
Probatoire,2022,CORRIGÉ EPREUVE ZERO DE CHIMIE - PROBATOIRE C D SESSION 2022 CAMEROUN,https://epreuvesetcorriges.com/categories/cameroun/examens/probatoire/32243-corrige-epreuve-zero-de-chimie-probatoire-c-d-session-2022-cameroun,https://epreuvesetcorriges.com/categories/cameroun/examens/probatoire/32243-corrige-epreuve-zero-de-chimie-probatoire-c-d-session-2022-cameroun/download,epreuvesetcorriges
Probatoire,2022,"CORRIGE ÉPREUVE ZERO DE INFORMATIQUE THÉORIQUE  PROBATOIRE SÉRIE  A,ABI,AC,SH - SESSION 2022 CAMEROUN",https://epreuvesetcorriges.com/categories/cameroun/examens/probatoire/32245-corrige-epreuve-zero-de-informatique-theorique-probatoire-serie-a-abi-ac-sh-session-2022-cameroun,https://epreuvesetcorriges.com/categories/cameroun/examens/probatoire/32245-corrige-epreuve-zero-de-informatique-theorique-probatoire-serie-a-abi-ac-sh-session-2022-cameroun/download,epreuvesetcorriges
Probatoire,2022,CORRIGÉ TYPE EPREUVE ZERO D’ECM  - PROBATOIRE SESSION 2022 CAMEROUN,https://epreuvesetcorriges.com/categories/cameroun/examens/probatoire/32247-corrige-type-epreuve-zero-d-ecm-probatoire-session-2022-cameroun,https://epreuvesetcorriges.com/categories/cameroun/examens/probatoire/32247-corrige-type-epreuve-zero-d-ecm-probatoire-session-2022-cameroun/download,epreuvesetcorriges
Probatoire,2022,"CORRIGÉ TYPE EPREUVE ZERO D’ECM - PROBATOIRE SERIE A, B, C, D, TI - SESSION 2022 - LYCEE BILINGUE DE BABADJOU CAMEROUN",https://epreuvesetcorriges.com/categories/cameroun/examens/probatoire/32248-corrige-type-epreuve-zero-d-ecm-probatoire-serie-a-b-c-d-ti-session-2022-lycee-bilingue-de-babadjou-cameroun,https://epreuvesetcorriges.com/categories/cameroun/examens/probatoire/32248-corrige-type-epreuve-zero-d-ecm-probatoire-serie-a-b-c-d-ti-session-2022-lycee-bilingue-de-babadjou-cameroun/download,epreuvesetcorriges
Probatoire,2022,CORRIGÉ TYPE EPREUVE ZERO D’HISTOIRE -  PROBATOIRE SESSION 2022 CAMEROUN,https://epreuvesetcorriges.com/categories/cameroun/examens/probatoire/32249-corrige-type-epreuve-zero-d-histoire-probatoire-session-2022-cameroun,https://epreuvesetcorriges.com/categories/cameroun/examens/probatoire/32249-corrige-type-epreuve-zero-d-histoire-probatoire-session-2022-cameroun/download,epreuvesetcorriges
Probatoire,2022,SUJET ÉPREUVE ZÉRO D’ÉTUDE DE TEXTE  -  CAP  -  SESSION 2022 CAMEROUN CAMEROUN,https://epreuvesetcorriges.com/categories/cameroun/examens/probatoire/32889-sujet-epreuve-zero-d-etude-de-texte-cap-session-2022-cameroun-cameroun,https://epreuvesetcorriges.com/categories/cameroun/examens/probatoire/32889-sujet-epreuve-zero-d-etude-de-texte-cap-session-2022-cameroun-cameroun/download,epreuvesetcorriges
Probatoire,2023,"SUJET INFORMATIQUE THÉORIQUE - LYCEE DE MANJO - PROBATOIRE BLANC - SÉRIE C,D - SESSION 2023 CAMEROUN",https://epreuvesetcorriges.com/categories/cameroun/examens/probatoire/32890-sujet-informatique-theorique-lycee-de-manjo-probatoire-blanc-serie-c-d-session-2023-cameroun,https://epreuvesetcorriges.com/categories/cameroun/examens/probatoire/32890-sujet-informatique-theorique-lycee-de-manjo-probatoire-blanc-serie-c-d-session-2023-cameroun/download,epreuvesetcorriges
Probatoire,2023,"SUJET MATHEMATIQUES - (PROBATOIRE BLANC+CORRIGÉ) - SERIE C,E - AVRIL 2023 CAMEROUN",https://epreuvesetcorriges.com/categories/cameroun/examens/probatoire/32891-sujet-mathematiques-probatoire-blanc-corrige-serie-c-e-avril-2023-cameroun,https://epreuvesetcorriges.com/categories/cameroun/examens/probatoire/32891-sujet-mathematiques-probatoire-blanc-corrige-serie-c-e-avril-2023-cameroun/download,epreuvesetcorriges
Probatoire,2023,"SUJET MATHEMATIQUES - (PROBATOIRE BLANC+CORRIGÉ) - SERIE D,TI - AVRIL 2023 CAMEROUN",https://epreuvesetcorriges.com/categories/cameroun/examens/probatoire/32892-sujet-mathematiques-probatoire-blanc-corrige-serie-d-ti-avril-2023-cameroun,https://epreuvesetcorriges.com/categories/cameroun/examens/probatoire/32892-sujet-mathematiques-probatoire-blanc-corrige-serie-d-ti-avril-2023-cameroun/download,epreuvesetcorriges
Probatoire,2023,SUJET MATHEMATIQUES - EPREUVE ZERO - PROBATOIRE SERIE A - SESSION 2023 CAMEROUN,https://epreuvesetcorriges.com/categories/cameroun/examens/probatoire/32893-sujet-mathematiques-epreuve-zero-probatoire-serie-a-session-2023-cameroun,https://epreuvesetcorriges.com/categories/cameroun/examens/probatoire/32893-sujet-mathematiques-epreuve-zero-probatoire-serie-a-session-2023-cameroun/download,epreuvesetcorriges
Probatoire,2023,SUJET MATHEMATIQUES - EPREUVE ZERO - PROBATOIRE SERIE D - SESSION 2023 CAMEROUN,https://epreuvesetcorriges.com/categories/cameroun/examens/probatoire/32894-sujet-mathematiques-epreuve-zero-probatoire-serie-d-session-2023-cameroun,https://epreuvesetcorriges.com/categories/cameroun/examens/probatoire/32894-sujet-mathematiques-epreuve-zero-probatoire-serie-d-session-2023-cameroun/download,epreuvesetcorriges
Probatoire,2023,SUJET MATHEMATIQUES - PROBATOIRE BLANC N°1 - SÉRIE CE - AVRIL 2023 CAMEROUN,https://epreuvesetcorriges.com/categories/cameroun/examens/probatoire/32895-sujet-mathematiques-probatoire-blanc-n-1-serie-ce-avril-2023-cameroun,https://epreuvesetcorriges.com/categories/cameroun/examens/probatoire/32895-sujet-mathematiques-probatoire-blanc-n-1-serie-ce-avril-2023-cameroun/download,epreuvesetcorriges
Probatoire,2023,"SUJET MATHEMATIQUES - REGION DE L’ADAMAOUA - EPREUVE HARMONISÉE - PROBATOIRE C,E - SESSION 2023 CAMEROUN",https://epreuvesetcorriges.com/categories/cameroun/examens/probatoire/32896-sujet-mathematiques-region-de-l-adamaoua-epreuve-harmonisee-probatoire-c-e-session-2023-cameroun,https://epreuvesetcorriges.com/categories/cameroun/examens/probatoire/32896-sujet-mathematiques-region-de-l-adamaoua-epreuve-harmonisee-probatoire-c-e-session-2023-cameroun/download,epreuvesetcorriges
Probatoire,2023,SUJET PHYSIQUE - EPREUVE ZERO - PROBATOIRE CE - SESSION 2023 CAMEROUN,https://epreuvesetcorriges.com/categories/cameroun/examens/probatoire/32897-sujet-physique-epreuve-zero-probatoire-ce-session-2023-cameroun,https://epreuvesetcorriges.com/categories/cameroun/examens/probatoire/32897-sujet-physique-epreuve-zero-probatoire-ce-session-2023-cameroun/download,epreuvesetcorriges
Probatoire,2023,SUJET SVTEEHB - EPREUVE ZERO - PROBATOIRE CTI - SESSION 2023 CAMEROUN,https://epreuvesetcorriges.com/categories/cameroun/examens/probatoire/32898-sujet-svteehb-epreuve-zero-probatoire-cti-session-2023-cameroun,https://epreuvesetcorriges.com/categories/cameroun/examens/probatoire/32898-sujet-svteehb-epreuve-zero-probatoire-cti-session-2023-cameroun/download,epreuvesetcorriges
Probatoire,,LIVRE FASCICULE PROBATOIRE EXAMINATION SAMPLING SUBJECT ANGLAIS CAMEROUN,https://epreuvesetcorriges.com/categories/cameroun/examens/probatoire/32899-livre-fascicule-probatoire-examination-sampling-subject-anglais-cameroun,https://epreuvesetcorriges.com/categories/cameroun/examens/probatoire/32899-livre-fascicule-probatoire-examination-sampling-subject-anglais-cameroun/download,epreuvesetcorriges
Probatoire,2023,"MATHEMATIQUES - EPREUVE ZERO - PROBATOIRE SERIE C, E - SESSION 2023 CAMEROUN",https://epreuvesetcorriges.com/categories/cameroun/examens/probatoire/32900-mathematiques-epreuve-zero-probatoire-serie-c-e-session-2023-cameroun,https://epreuvesetcorriges.com/categories/cameroun/examens/probatoire/32900-mathematiques-epreuve-zero-probatoire-serie-c-e-session-2023-cameroun/download,epreuvesetcorriges
Probatoire,2023,SUJET EPREUVE ZERO DE BIOLOGIE ECRITE - PROBATOIRE ESF - SESSION 2023 CAMEROUN,https://epreuvesetcorriges.com/categories/cameroun/examens/probatoire/32901-sujet-epreuve-zero-de-biologie-ecrite-probatoire-esf-session-2023-cameroun,https://epreuvesetcorriges.com/categories/cameroun/examens/probatoire/32901-sujet-epreuve-zero-de-biologie-ecrite-probatoire-esf-session-2023-cameroun/download,epreuvesetcorriges
Probatoire,2024,SUJET MATHEMATIQUES PROBATOIRE BLANC  2024 SERIE DTI CAMEROUN,https://epreuvesetcorriges.com/categories/cameroun/examens/probatoire/35088-sujet-mathematiques-probatoire-blanc-2024-serie-dti-cameroun,https://epreuvesetcorriges.com/categories/cameroun/examens/probatoire/35088-sujet-mathematiques-probatoire-blanc-2024-serie-dti-cameroun/download,epreuvesetcorriges
Probatoire,2024,SUJET MATHEMATIQUES PROBATOIRE BLANC  2024 SERIE F CAMEROUN,https://epreuvesetcorriges.com/categories/cameroun/examens/probatoire/35089-sujet-mathematiques-probatoire-blanc-2024-serie-f-cameroun,https://epreuvesetcorriges.com/categories/cameroun/examens/probatoire/35089-sujet-mathematiques-probatoire-blanc-2024-serie-f-cameroun/download,epreuvesetcorriges
Probatoire,2024,"FASCICULE  PREPA PROBATOIRE 2024 DE MATHEMATIQUES SERIE D,TI CAMEROUN",https://epreuvesetcorriges.com/categories/cameroun/examens/probatoire/35135-fascicule-prepa-probatoire-2024-de-mathematiques-serie-d-ti-cameroun,https://epreuvesetcorriges.com/categories/cameroun/examens/probatoire/35135-fascicule-prepa-probatoire-2024-de-mathematiques-serie-d-ti-cameroun/download,epreuvesetcorriges
Probatoire,2024,SUJET PROBATOIRE BLANC 2024  MACHINES ELECTRIQUES SERIE F3 MARS 2024 CAMEROUN,https://epreuvesetcorriges.com/categories/cameroun/examens/probatoire/35136-sujet-probatoire-blanc-2024-machines-electriques-serie-f3-mars-2024-cameroun,https://epreuvesetcorriges.com/categories/cameroun/examens/probatoire/35136-sujet-probatoire-blanc-2024-machines-electriques-serie-f3-mars-2024-cameroun/download,epreuvesetcorriges
Probatoire,2024,SUJET PROBATOIRE BLANC 2024  SVTEEHB MARS 2024 SERIE D CAMEROUN,https://epreuvesetcorriges.com/categories/cameroun/examens/probatoire/35137-sujet-probatoire-blanc-2024-svteehb-mars-2024-serie-d-cameroun,https://epreuvesetcorriges.com/categories/cameroun/examens/probatoire/35137-sujet-probatoire-blanc-2024-svteehb-mars-2024-serie-d-cameroun/download,epreuvesetcorriges
Probatoire,2024,SUJET PROBATOIRE BLANC 2024 PHYSIQUE SERIE DTI MARS 2024 CAMEROUN,https://epreuvesetcorriges.com/categories/cameroun/examens/probatoire/35138-sujet-probatoire-blanc-2024-physique-serie-dti-mars-2024-cameroun,https://epreuvesetcorriges.com/categories/cameroun/examens/probatoire/35138-sujet-probatoire-blanc-2024-physique-serie-dti-mars-2024-cameroun/download,epreuvesetcorriges
Probatoire,2024,SUJET PROBATOIRE 2024 SERIE C MATHEMATIQUES EVALUATION RÉGIONALE,https://epreuvesetcorriges.com/categories/cameroun/examens/probatoire/35228-sujet-probatoire-2024-serie-c-mathematiques-evaluation-regionale,https://epreuvesetcorriges.com/categories/cameroun/examens/probatoire/35228-sujet-probatoire-2024-serie-c-mathematiques-evaluation-regionale/download,epreuvesetcorriges
Probatoire,2024,SUJET PROBATOIRE 2024 SERIE TI MATHEMATIQUES EVALUATION RÉGIONALE-,https://epreuvesetcorriges.com/categories/cameroun/examens/probatoire/35229-sujet-probatoire-2024-serie-ti-mathematiques-evaluation-regionale,https://epreuvesetcorriges.com/categories/cameroun/examens/probatoire/35229-sujet-probatoire-2024-serie-ti-mathematiques-evaluation-regionale/download,epreuvesetcorriges
Probatoire,2024,SUJET PROBATOIRE BLANC 2024  SCIENCES SERIE A4 COLLEGE BISTA,https://epreuvesetcorriges.com/categories/cameroun/examens/probatoire/35230-sujet-probatoire-blanc-2024-sciences-serie-a4-college-bista,https://epreuvesetcorriges.com/categories/cameroun/examens/probatoire/35230-sujet-probatoire-blanc-2024-sciences-serie-a4-college-bista/download,epreuvesetcorriges
Probatoire,2024,SUJET PROBATOIRE BLANC 2024  SÉRIE C MATHEMATIQUES-PIS,https://epreuvesetcorriges.com/categories/cameroun/examens/probatoire/35231-sujet-probatoire-blanc-2024-serie-c-mathematiques-pis,https://epreuvesetcorriges.com/categories/cameroun/examens/probatoire/35231-sujet-probatoire-blanc-2024-serie-c-mathematiques-pis/download,epreuvesetcorriges
Probatoire,2024,SUJET PROBATOIRE BLANC 2024 REGIONALE SERIE C-D CHIMIE,https://epreuvesetcorriges.com/categories/cameroun/examens/probatoire/35232-sujet-probatoire-blanc-2024-regionale-serie-c-d-chimie,https://epreuvesetcorriges.com/categories/cameroun/examens/probatoire/35232-sujet-probatoire-blanc-2024-regionale-serie-c-d-chimie/download,epreuvesetcorriges
Probatoire,2024,SUJET PROBATOIRE BLANC 2024 SÉRIE C-D INFORMATIQUE THEORIQUE LB D’EDEA,https://epreuvesetcorriges.com/categories/cameroun/examens/probatoire/35233-sujet-probatoire-blanc-2024-serie-c-d-informatique-theorique-lb-d-edea,https://epreuvesetcorriges.com/categories/cameroun/examens/probatoire/35233-sujet-probatoire-blanc-2024-serie-c-d-informatique-theorique-lb-d-edea/download,epreuvesetcorriges
Probatoire,2024,SUJET PROBATOIRE BLANC 2024 SÉRIE TI ALGORITHMIQUE ET PROGRAMMATION - LB D’EDEA,https://epreuvesetcorriges.com/categories/cameroun/examens/probatoire/35234-sujet-probatoire-blanc-2024-serie-ti-algorithmique-et-programmation-lb-d-edea,https://epreuvesetcorriges.com/categories/cameroun/examens/probatoire/35234-sujet-probatoire-blanc-2024-serie-ti-algorithmique-et-programmation-lb-d-edea/download,epreuvesetcorriges
Probatoire,,SUJET PROBATOIRE SERIE D MATHEMATIQUES EVALUATION RÉGIONALE,https://epreuvesetcorriges.com/categories/cameroun/examens/probatoire/35235-sujet-probatoire-serie-d-mathematiques-evaluation-regionale,https://epreuvesetcorriges.com/categories/cameroun/examens/probatoire/35235-sujet-probatoire-serie-d-mathematiques-evaluation-regionale/download,epreuvesetcorriges
Probatoire,2024,SUJET SVTEEHB PROBATOIRE BLANC 2024 SERIE C-TI COLLEGE BISTA,https://epreuvesetcorriges.com/categories/cameroun/examens/probatoire/35236-sujet-svteehb-probatoire-blanc-2024-serie-c-ti-college-bista,https://epreuvesetcorriges.com/categories/cameroun/examens/probatoire/35236-sujet-svteehb-probatoire-blanc-2024-serie-c-ti-college-bista/download,epreuvesetcorriges
Probatoire,2024,SUJET PROBATOIRE BLANC 2024 SCIENCES SERIE A4 CPB LAROUSSE,https://epreuvesetcorriges.com/categories/cameroun/examens/probatoire/35286-sujet-probatoire-blanc-2024-sciences-serie-a4-cpb-larousse,https://epreuvesetcorriges.com/categories/cameroun/examens/probatoire/35286-sujet-probatoire-blanc-2024-sciences-serie-a4-cpb-larousse/download,epreuvesetcorriges
Probatoire,2024,MATHEMATIQUES COLLÈGE FX VOGT PROBATOIRE BLANC  2024 PREMIERE SERIE D,https://epreuvesetcorriges.com/categories/cameroun/examens/probatoire/35294-mathematiques-college-fx-vogt-probatoire-blanc-2024-premiere-serie-d,https://epreuvesetcorriges.com/categories/cameroun/examens/probatoire/35294-mathematiques-college-fx-vogt-probatoire-blanc-2024-premiere-serie-d/download,epreuvesetcorriges
Probatoire,2024,PHYSIQUE PROBATOIRE 2024 SERIE D-TI,https://epreuvesetcorriges.com/categories/cameroun/examens/probatoire/35295-physique-probatoire-2024-serie-d-ti,https://epreuvesetcorriges.com/categories/cameroun/examens/probatoire/35295-physique-probatoire-2024-serie-d-ti/download,epreuvesetcorriges
Probatoire,2024,PROBATOIRE BLANC 2024 SERIE D MATHEMATIQUES,https://epreuvesetcorriges.com/categories/cameroun/examens/probatoire/35298-probatoire-blanc-2024-serie-d-mathematiques,https://epreuvesetcorriges.com/categories/cameroun/examens/probatoire/35298-probatoire-blanc-2024-serie-d-mathematiques/download,epreuvesetcorriges
Probatoire,2024,PROBATOIRE BLANC 2024 N°2 SERIE C-D INFORMATIQUE THEORIQUE,https://epreuvesetcorriges.com/categories/cameroun/examens/probatoire/35299-probatoire-blanc-2024-n-2-serie-c-d-informatique-theorique,https://epreuvesetcorriges.com/categories/cameroun/examens/probatoire/35299-probatoire-blanc-2024-n-2-serie-c-d-informatique-theorique/download,epreuvesetcorriges
Probatoire,2024,PROBATOIRE BLANC 2024 N°2 SERIE A4 INFORMATIQUE THEORIQUE,https://epreuvesetcorriges.com/categories/cameroun/examens/probatoire/35300-probatoire-blanc-2024-n-2-serie-a4-informatique-theorique,https://epreuvesetcorriges.com/categories/cameroun/examens/probatoire/35300-probatoire-blanc-2024-n-2-serie-a4-informatique-theorique/download,epreuvesetcorriges
Probatoire,2024,PROBATOIRE BLANC 2024 RÉGIONAL SERIE C-E MATHÉMATIQUES,https://epreuvesetcorriges.com/categories/cameroun/examens/probatoire/35301-probatoire-blanc-2024-regional-serie-c-e-mathematiques,https://epreuvesetcorriges.com/categories/cameroun/examens/probatoire/35301-probatoire-blanc-2024-regional-serie-c-e-mathematiques/download,epreuvesetcorriges
Probatoire,2024,PROBATOIRE BLANC 05-2024 SERIE A4 SCIENCES CP LAÏC MONGO BETI,https://epreuvesetcorriges.com/categories/cameroun/examens/probatoire/35320-probatoire-blanc-05-2024-serie-a4-sciences-cp-laic-mongo-beti,https://epreuvesetcorriges.com/categories/cameroun/examens/probatoire/35320-probatoire-blanc-05-2024-serie-a4-sciences-cp-laic-mongo-beti/download,epreuvesetcorriges
Probatoire,2024,SUJET PROBATOIRE BLANC 2024 MATHEMATIQUES SERIE F MAI 2024,https://epreuvesetcorriges.com/categories/cameroun/examens/probatoire/35348-sujet-probatoire-blanc-2024-mathematiques-serie-f-mai-2024,https://epreuvesetcorriges.com/categories/cameroun/examens/probatoire/35348-sujet-probatoire-blanc-2024-mathematiques-serie-f-mai-2024/download,epreuvesetcorriges
Probatoire,2024,SUJET PROBATOIRE BLANC 2024 CIRCUIT ELECTRIQUE INDUSTRIEL ET NUMERIQUE  SERIE F3 ELECTROTECHNICIEN  MAI 2024,https://epreuvesetcorriges.com/categories/cameroun/examens/probatoire/35349-sujet-probatoire-blanc-2024-circuit-electrique-industriel-et-numerique-serie-f3-electrotechnicien-mai-2024,https://epreuvesetcorriges.com/categories/cameroun/examens/probatoire/35349-sujet-probatoire-blanc-2024-circuit-electrique-industriel-et-numerique-serie-f3-electrotechnicien-mai-2024/download,epreuvesetcorriges
Probatoire,2024,SUJET PROBATOIRE BLANC 2024 DESSIN TECHNOLOGIQUE  SERIE F3 ELECTROTECHNIQUE MAI 2024,https://epreuvesetcorriges.com/categories/cameroun/examens/probatoire/35350-sujet-probatoire-blanc-2024-dessin-technologique-serie-f3-electrotechnique-mai-2024,https://epreuvesetcorriges.com/categories/cameroun/examens/probatoire/35350-sujet-probatoire-blanc-2024-dessin-technologique-serie-f3-electrotechnique-mai-2024/download,epreuvesetcorriges
Probatoire,2024,SUJET PROBATOIRE 2024 BLANC CHIMIE MAI 2024,https://epreuvesetcorriges.com/categories/cameroun/examens/probatoire/35481-sujet-probatoire-2024-blanc-chimie-mai-2024,https://epreuvesetcorriges.com/categories/cameroun/examens/probatoire/35481-sujet-probatoire-2024-blanc-chimie-mai-2024/download,epreuvesetcorriges
Probatoire,2024,SUJET PROBATOIRE 2024 BLANC MATHEMATIQUES SERIE A4 MAI 2024,https://epreuvesetcorriges.com/categories/cameroun/examens/probatoire/35482-sujet-probatoire-2024-blanc-mathematiques-serie-a4-mai-2024,https://epreuvesetcorriges.com/categories/cameroun/examens/probatoire/35482-sujet-probatoire-2024-blanc-mathematiques-serie-a4-mai-2024/download,epreuvesetcorriges
Probatoire,2024,SUJET PROBATOIRE 2024 BLANC MATHEMATIQUES SERIE D MAI 2024,https://epreuvesetcorriges.com/categories/cameroun/examens/probatoire/35483-sujet-probatoire-2024-blanc-mathematiques-serie-d-mai-2024,https://epreuvesetcorriges.com/categories/cameroun/examens/probatoire/35483-sujet-probatoire-2024-blanc-mathematiques-serie-d-mai-2024/download,epreuvesetcorriges
Probatoire,2024,"SUJET PROBATOIRE 2024 BLANC CHIMIE SERIE C,D,E MAI 2024",https://epreuvesetcorriges.com/categories/cameroun/examens/probatoire/35484-sujet-probatoire-2024-blanc-chimie-serie-c-d-e-mai-2024,https://epreuvesetcorriges.com/categories/cameroun/examens/probatoire/35484-sujet-probatoire-2024-blanc-chimie-serie-c-d-e-mai-2024/download,epreuvesetcorriges
Probatoire,2024,"SUJET PHYSIQUE PROBATOIRE 2024 BLANC SERIE D,TI  MAI 2024",https://epreuvesetcorriges.com/categories/cameroun/examens/probatoire/35485-sujet-physique-probatoire-2024-blanc-serie-d-ti-mai-2024,https://epreuvesetcorriges.com/categories/cameroun/examens/probatoire/35485-sujet-physique-probatoire-2024-blanc-serie-d-ti-mai-2024/download,epreuvesetcorriges
Probatoire,2024,SUJET PROBATOIRE 2024 BLANC INFORMATIQUE THEORIQUE SERIE C-D-E MAI  2024,https://epreuvesetcorriges.com/categories/cameroun/examens/probatoire/35486-sujet-probatoire-2024-blanc-informatique-theorique-serie-c-d-e-mai-2024,https://epreuvesetcorriges.com/categories/cameroun/examens/probatoire/35486-sujet-probatoire-2024-blanc-informatique-theorique-serie-c-d-e-mai-2024/download,epreuvesetcorriges
Probatoire,2024,SUJET ALLEMAND PROBATOIRE 2024  BLANC SERIE A4 COLLEGE FRANCOIS X V,https://epreuvesetcorriges.com/categories/cameroun/examens/probatoire/35560-sujet-allemand-probatoire-2024-blanc-serie-a4-college-francois-x-v,https://epreuvesetcorriges.com/categories/cameroun/examens/probatoire/35560-sujet-allemand-probatoire-2024-blanc-serie-a4-college-francois-x-v/download,epreuvesetcorriges
Probatoire,2024,SUJET ANGLAIS PROBATOIRE 2024 BLANC SERIE A4 COLLEGE FRANCOIS X V,https://epreuvesetcorriges.com/categories/cameroun/examens/probatoire/35561-sujet-anglais-probatoire-2024-blanc-serie-a4-college-francois-x-v,https://epreuvesetcorriges.com/categories/cameroun/examens/probatoire/35561-sujet-anglais-probatoire-2024-blanc-serie-a4-college-francois-x-v/download,epreuvesetcorriges
Probatoire,2024,SUJET ECM PROBATOIRE 2024 BLANC SERIE A-C-D-SES-TI COLLEGE FRANCOIS X V,https://epreuvesetcorriges.com/categories/cameroun/examens/probatoire/35562-sujet-ecm-probatoire-2024-blanc-serie-a-c-d-ses-ti-college-francois-x-v,https://epreuvesetcorriges.com/categories/cameroun/examens/probatoire/35562-sujet-ecm-probatoire-2024-blanc-serie-a-c-d-ses-ti-college-francois-x-v/download,epreuvesetcorriges
Probatoire,2024,SUJET ESPAGNOL PROBATOIRE 2024 BLANC  SERIE A4 COLLEGE FRANCOIS X V,https://epreuvesetcorriges.com/categories/cameroun/examens/probatoire/35563-sujet-espagnol-probatoire-2024-blanc-serie-a4-college-francois-x-v,https://epreuvesetcorriges.com/categories/cameroun/examens/probatoire/35563-sujet-espagnol-probatoire-2024-blanc-serie-a4-college-francois-x-v/download,epreuvesetcorriges
Probatoire,2024,SUJET GEOGRAPHIE PROBATOIRE 2024 BLANC SERIE A4 SES COLLEGE FRANCOIS X V,https://epreuvesetcorriges.com/categories/cameroun/examens/probatoire/35564-sujet-geographie-probatoire-2024-blanc-serie-a4-ses-college-francois-x-v,https://epreuvesetcorriges.com/categories/cameroun/examens/probatoire/35564-sujet-geographie-probatoire-2024-blanc-serie-a4-ses-college-francois-x-v/download,epreuvesetcorriges
Probatoire,2024,SUJET INFORMATIQUE PROBATOIRE 2024 BLANC SERIE A4 COLLEGE FRANCOIS X V,https://epreuvesetcorriges.com/categories/cameroun/examens/probatoire/35565-sujet-informatique-probatoire-2024-blanc-serie-a4-college-francois-x-v,https://epreuvesetcorriges.com/categories/cameroun/examens/probatoire/35565-sujet-informatique-probatoire-2024-blanc-serie-a4-college-francois-x-v/download,epreuvesetcorriges
Probatoire,2024,SUJET INFORMATIQUE PROBATOIRE 2024 BLANC SERIE C D COLLEGE FRANCOIS X V,https://epreuvesetcorriges.com/categories/cameroun/examens/probatoire/35566-sujet-informatique-probatoire-2024-blanc-serie-c-d-college-francois-x-v,https://epreuvesetcorriges.com/categories/cameroun/examens/probatoire/35566-sujet-informatique-probatoire-2024-blanc-serie-c-d-college-francois-x-v/download,epreuvesetcorriges
Probatoire,2024,SUJET LANGUE FRANÇAISE PROBATOIRE 2024 BLANC SERIE A4 COLLEGE FRANCOIS X V,https://epreuvesetcorriges.com/categories/cameroun/examens/probatoire/35567-sujet-langue-francaise-probatoire-2024-blanc-serie-a4-college-francois-x-v,https://epreuvesetcorriges.com/categories/cameroun/examens/probatoire/35567-sujet-langue-francaise-probatoire-2024-blanc-serie-a4-college-francois-x-v/download,epreuvesetcorriges
Probatoire,2024,SUJET LCN PROBATOIRE 2024 BLANC SERIE A4 COLLEGE FRANCOIS X V,https://epreuvesetcorriges.com/categories/cameroun/examens/probatoire/35568-sujet-lcn-probatoire-2024-blanc-serie-a4-college-francois-x-v,https://epreuvesetcorriges.com/categories/cameroun/examens/probatoire/35568-sujet-lcn-probatoire-2024-blanc-serie-a4-college-francois-x-v/download,epreuvesetcorriges
Probatoire,2024,SUJET LITTERATURE FRANÇAISE PROBATOIRE 2024 BLANC SERIE A4 COLLEGE VOGT,https://epreuvesetcorriges.com/categories/cameroun/examens/probatoire/35569-sujet-litterature-francaise-probatoire-2024-blanc-serie-a4-college-vogt,https://epreuvesetcorriges.com/categories/cameroun/examens/probatoire/35569-sujet-litterature-francaise-probatoire-2024-blanc-serie-a4-college-vogt/download,epreuvesetcorriges
Probatoire,2024,SUJET MATHEMATIQUES PROBATOIRE 2024  BLANC SERIE D COLLEGE FRANCOIS X V,https://epreuvesetcorriges.com/categories/cameroun/examens/probatoire/35570-sujet-mathematiques-probatoire-2024-blanc-serie-d-college-francois-x-v,https://epreuvesetcorriges.com/categories/cameroun/examens/probatoire/35570-sujet-mathematiques-probatoire-2024-blanc-serie-d-college-francois-x-v/download,epreuvesetcorriges
Probatoire,2024,SUJET MATHEMATIQUES PROBATOIRE 2024 BLANC SERIE A4 COLLEGE FRANCOIS X V,https://epreuvesetcorriges.com/categories/cameroun/examens/probatoire/35571-sujet-mathematiques-probatoire-2024-blanc-serie-a4-college-francois-x-v,https://epreuvesetcorriges.com/categories/cameroun/examens/probatoire/35571-sujet-mathematiques-probatoire-2024-blanc-serie-a4-college-francois-x-v/download,epreuvesetcorriges
Probatoire,2024,SUJET MATHEMATIQUES PROBATOIRE 2024 BLANC SERIE C-E COLLEGE FRANCOIS X V,https://epreuvesetcorriges.com/categories/cameroun/examens/probatoire/35572-sujet-mathematiques-probatoire-2024-blanc-serie-c-e-college-francois-x-v,https://epreuvesetcorriges.com/categories/cameroun/examens/probatoire/35572-sujet-mathematiques-probatoire-2024-blanc-serie-c-e-college-francois-x-v/download,epreuvesetcorriges
Probatoire,2024,SUJET PHILOSOPHIE PROBATOIRE 2024 BLANC SERIE C-D-TI COLLEGE FRANCOIS X V,https://epreuvesetcorriges.com/categories/cameroun/examens/probatoire/35573-sujet-philosophie-probatoire-2024-blanc-serie-c-d-ti-college-francois-x-v,https://epreuvesetcorriges.com/categories/cameroun/examens/probatoire/35573-sujet-philosophie-probatoire-2024-blanc-serie-c-d-ti-college-francois-x-v/download,epreuvesetcorriges
Probatoire,2024,SUJET PHILOSOPHIE PROBATOIRE 2024 SERIE A4 BLANC COLLEGE FRANCOIS X V,https://epreuvesetcorriges.com/categories/cameroun/examens/probatoire/35574-sujet-philosophie-probatoire-2024-serie-a4-blanc-college-francois-x-v,https://epreuvesetcorriges.com/categories/cameroun/examens/probatoire/35574-sujet-philosophie-probatoire-2024-serie-a4-blanc-college-francois-x-v/download,epreuvesetcorriges
Probatoire,2024,SUJET PHYSIQUE CHIMIE PROBATOIRE 2024 BLANC SERIE SES COLLEGE FRANCOIS X V,https://epreuvesetcorriges.com/categories/cameroun/examens/probatoire/35575-sujet-physique-chimie-probatoire-2024-blanc-serie-ses-college-francois-x-v,https://epreuvesetcorriges.com/categories/cameroun/examens/probatoire/35575-sujet-physique-chimie-probatoire-2024-blanc-serie-ses-college-francois-x-v/download,epreuvesetcorriges
Probatoire,2024,SUJET PHYSIQUE PROBATOIRE 2024 BLANC SERIE D-TI COLLEGE FRANCOIS X V,https://epreuvesetcorriges.com/categories/cameroun/examens/probatoire/35576-sujet-physique-probatoire-2024-blanc-serie-d-ti-college-francois-x-v,https://epreuvesetcorriges.com/categories/cameroun/examens/probatoire/35576-sujet-physique-probatoire-2024-blanc-serie-d-ti-college-francois-x-v/download,epreuvesetcorriges
Probatoire,2024,SUJET SCIENCES PROBATOIRE 2024 BLANC SERIE A4 COLLEGE FRANCOIS X V,https://epreuvesetcorriges.com/categories/cameroun/examens/probatoire/35577-sujet-sciences-probatoire-2024-blanc-serie-a4-college-francois-x-v,https://epreuvesetcorriges.com/categories/cameroun/examens/probatoire/35577-sujet-sciences-probatoire-2024-blanc-serie-a4-college-francois-x-v/download,epreuvesetcorriges
Probatoire,2024,SUJET SVTEEHB PROBATOIRE 2024 BLANC SERIE C-TI  COLLEGE FRANCOIS X V,https://epreuvesetcorriges.com/categories/cameroun/examens/probatoire/35578-sujet-svteehb-probatoire-2024-blanc-serie-c-ti-college-francois-x-v,https://epreuvesetcorriges.com/categories/cameroun/examens/probatoire/35578-sujet-svteehb-probatoire-2024-blanc-serie-c-ti-college-francois-x-v/download,epreuvesetcorriges
Probatoire,2024,SUJET SVTEEHB PROBATOIRE 2024 BLANC SERIE D COLLEGE FRANCOIS X V,https://epreuvesetcorriges.com/categories/cameroun/examens/probatoire/35579-sujet-svteehb-probatoire-2024-blanc-serie-d-college-francois-x-v,https://epreuvesetcorriges.com/categories/cameroun/examens/probatoire/35579-sujet-svteehb-probatoire-2024-blanc-serie-d-college-francois-x-v/download,epreuvesetcorriges
Probatoire,2024,EPREUVE PROBATOIRE 2024 ECM SERIE A-C-D-E-TI,https://epreuvesetcorriges.com/categories/cameroun/examens/probatoire/35794-epreuve-probatoire-2024-ecm-serie-a-c-d-e-ti,https://epreuvesetcorriges.com/categories/cameroun/examens/probatoire/35794-epreuve-probatoire-2024-ecm-serie-a-c-d-e-ti/download,epreuvesetcorriges
Probatoire,2024,EPREUVE PROBATOIRE 2024 HISTOIRE SERIE C D E TI,https://epreuvesetcorriges.com/categories/cameroun/examens/probatoire/35795-epreuve-probatoire-2024-histoire-serie-c-d-e-ti,https://epreuvesetcorriges.com/categories/cameroun/examens/probatoire/35795-epreuve-probatoire-2024-histoire-serie-c-d-e-ti/download,epreuvesetcorriges
Probatoire,2024,EPREUVE PROBATOIRE 2024 LANGUE FRANÇAISE SERIE C-D-E-TI,https://epreuvesetcorriges.com/categories/cameroun/examens/probatoire/35796-epreuve-probatoire-2024-langue-francaise-serie-c-d-e-ti,https://epreuvesetcorriges.com/categories/cameroun/examens/probatoire/35796-epreuve-probatoire-2024-langue-francaise-serie-c-d-e-ti/download,epreuvesetcorriges
Probatoire,2024,EPREUVE PROBATOIRE 2024 LITTERATURE OU CULTURE GENERALE SERIE C-D-TI,https://epreuvesetcorriges.com/categories/cameroun/examens/probatoire/35797-epreuve-probatoire-2024-litterature-ou-culture-generale-serie-c-d-ti,https://epreuvesetcorriges.com/categories/cameroun/examens/probatoire/35797-epreuve-probatoire-2024-litterature-ou-culture-generale-serie-c-d-ti/download,epreuvesetcorriges
Probatoire,2024,EPREUVE PROBATOIRE 2024 MATHEMATIQUES D TI,https://epreuvesetcorriges.com/categories/cameroun/examens/probatoire/35798-epreuve-probatoire-2024-mathematiques-d-ti,https://epreuvesetcorriges.com/categories/cameroun/examens/probatoire/35798-epreuve-probatoire-2024-mathematiques-d-ti/download,epreuvesetcorriges
Probatoire,2024,EPREUVE PROBATOIRE 2024 PHILOSOPHIE SERIE  A4-ABI,https://epreuvesetcorriges.com/categories/cameroun/examens/probatoire/35799-epreuve-probatoire-2024-philosophie-serie-a4-abi,https://epreuvesetcorriges.com/categories/cameroun/examens/probatoire/35799-epreuve-probatoire-2024-philosophie-serie-a4-abi/download,epreuvesetcorriges
Probatoire,2024,EPRREUVE PROBATOIRE 2024 MATHEMATIQUES SERIE C E,https://epreuvesetcorriges.com/categories/cameroun/examens/probatoire/35800-eprreuve-probatoire-2024-mathematiques-serie-c-e,https://epreuvesetcorriges.com/categories/cameroun/examens/probatoire/35800-eprreuve-probatoire-2024-mathematiques-serie-c-e/download,epreuvesetcorriges
Probatoire,2024,SUJET PROBATOIRE 2024 CHIMIE SERIE C-D-E,https://epreuvesetcorriges.com/categories/cameroun/examens/probatoire/35807-sujet-probatoire-2024-chimie-serie-c-d-e,https://epreuvesetcorriges.com/categories/cameroun/examens/probatoire/35807-sujet-probatoire-2024-chimie-serie-c-d-e/download,epreuvesetcorriges
Probatoire,2024,SUJET PROBATOIRE 2024 INFORMATIQUE THEORIQUE SERIE C-D-E,https://epreuvesetcorriges.com/categories/cameroun/examens/probatoire/35808-sujet-probatoire-2024-informatique-theorique-serie-c-d-e,https://epreuvesetcorriges.com/categories/cameroun/examens/probatoire/35808-sujet-probatoire-2024-informatique-theorique-serie-c-d-e/download,epreuvesetcorriges
Probatoire,2024,SUJET PROBATOIRE 2024 PHYSIQUE  SERIE C-E,https://epreuvesetcorriges.com/categories/cameroun/examens/probatoire/35809-sujet-probatoire-2024-physique-serie-c-e,https://epreuvesetcorriges.com/categories/cameroun/examens/probatoire/35809-sujet-probatoire-2024-physique-serie-c-e/download,epreuvesetcorriges
Probatoire,2024,SUJET PROBATOIRE 2024 PHYSIQUE SERIE D TI,https://epreuvesetcorriges.com/categories/cameroun/examens/probatoire/35810-sujet-probatoire-2024-physique-serie-d-ti,https://epreuvesetcorriges.com/categories/cameroun/examens/probatoire/35810-sujet-probatoire-2024-physique-serie-d-ti/download,epreuvesetcorriges
Probatoire,2024,SUJET PROBATOIRE 2024 INFORMATIQUE THEORIQUE SERIE A-ABI-SH-AC,https://epreuvesetcorriges.com/categories/cameroun/examens/probatoire/35811-sujet-probatoire-2024-informatique-theorique-serie-a-abi-sh-ac,https://epreuvesetcorriges.com/categories/cameroun/examens/probatoire/35811-sujet-probatoire-2024-informatique-theorique-serie-a-abi-sh-ac/download,epreuvesetcorriges
Probatoire,2024,SUJET PROBATOIRE 2024 PHILOSOPHIE  SERIE C-D E TI,https://epreuvesetcorriges.com/categories/cameroun/examens/probatoire/35812-sujet-probatoire-2024-philosophie-serie-c-d-e-ti,https://epreuvesetcorriges.com/categories/cameroun/examens/probatoire/35812-sujet-probatoire-2024-philosophie-serie-c-d-e-ti/download,epreuvesetcorriges
Probatoire,2024,SUJET PROBATOIRE 2024 MATHEMATIQUES SERIE A-ABI,https://epreuvesetcorriges.com/categories/cameroun/examens/probatoire/35813-sujet-probatoire-2024-mathematiques-serie-a-abi,https://epreuvesetcorriges.com/categories/cameroun/examens/probatoire/35813-sujet-probatoire-2024-mathematiques-serie-a-abi/download,epreuvesetcorriges
Probatoire,2024,SUJET PROBATOIRE 2024 ESPAGNOL SERIE A4-ABI,https://epreuvesetcorriges.com/categories/cameroun/examens/probatoire/35814-sujet-probatoire-2024-espagnol-serie-a4-abi,https://epreuvesetcorriges.com/categories/cameroun/examens/probatoire/35814-sujet-probatoire-2024-espagnol-serie-a4-abi/download,epreuvesetcorriges
Probatoire,2024,SUJET PROBATOIRE 2024 SVTEEHB SERIE D,https://epreuvesetcorriges.com/categories/cameroun/examens/probatoire/35815-sujet-probatoire-2024-svteehb-serie-d,https://epreuvesetcorriges.com/categories/cameroun/examens/probatoire/35815-sujet-probatoire-2024-svteehb-serie-d/download,epreuvesetcorriges
Probatoire,2024,SUJET 2024 PROBATOIRE SVTEEHB SERIE C-TI,https://epreuvesetcorriges.com/categories/cameroun/examens/probatoire/35839-sujet-2024-probatoire-svteehb-serie-c-ti,https://epreuvesetcorriges.com/categories/cameroun/examens/probatoire/35839-sujet-2024-probatoire-svteehb-serie-c-ti/download,epreuvesetcorriges
Probatoire,2024,SUJET PROBATOIRE 2024 ALLEMAND LV 2  SERIE A-ABI,https://epreuvesetcorriges.com/categories/cameroun/examens/probatoire/35840-sujet-probatoire-2024-allemand-lv-2-serie-a-abi,https://epreuvesetcorriges.com/categories/cameroun/examens/probatoire/35840-sujet-probatoire-2024-allemand-lv-2-serie-a-abi/download,epreuvesetcorriges
Probatoire,2024,SUJET PROBATOIRE 2024 ARABE A-ABI,https://epreuvesetcorriges.com/categories/cameroun/examens/probatoire/35841-sujet-probatoire-2024-arabe-a-abi,https://epreuvesetcorriges.com/categories/cameroun/examens/probatoire/35841-sujet-probatoire-2024-arabe-a-abi/download,epreuvesetcorriges
Probatoire,2024,SUJET PROBATOIRE 2024 CHINOIS  SERIE  A-ABI,https://epreuvesetcorriges.com/categories/cameroun/examens/probatoire/35842-sujet-probatoire-2024-chinois-serie-a-abi,https://epreuvesetcorriges.com/categories/cameroun/examens/probatoire/35842-sujet-probatoire-2024-chinois-serie-a-abi/download,epreuvesetcorriges
Probatoire,2024,SUJET PROBATOIRE 2024 EPS SERIE  A-C-D-E-TI,https://epreuvesetcorriges.com/categories/cameroun/examens/probatoire/35843-sujet-probatoire-2024-eps-serie-a-c-d-e-ti,https://epreuvesetcorriges.com/categories/cameroun/examens/probatoire/35843-sujet-probatoire-2024-eps-serie-a-c-d-e-ti/download,epreuvesetcorriges
Probatoire,2024,SUJET PROBATOIRE 2024 GEOGRAPHIE  SERIE A-ABI,https://epreuvesetcorriges.com/categories/cameroun/examens/probatoire/35844-sujet-probatoire-2024-geographie-serie-a-abi,https://epreuvesetcorriges.com/categories/cameroun/examens/probatoire/35844-sujet-probatoire-2024-geographie-serie-a-abi/download,epreuvesetcorriges
Probatoire,2024,SUJET PROBATOIRE 2024 HISTOIRE  SERIE A-ABI,https://epreuvesetcorriges.com/categories/cameroun/examens/probatoire/35845-sujet-probatoire-2024-histoire-serie-a-abi,https://epreuvesetcorriges.com/categories/cameroun/examens/probatoire/35845-sujet-probatoire-2024-histoire-serie-a-abi/download,epreuvesetcorriges
Probatoire,2024,SUJET PROBATOIRE 2024 HISTOIRE SERIE C-D-E-TI,https://epreuvesetcorriges.com/categories/cameroun/examens/probatoire/35846-sujet-probatoire-2024-histoire-serie-c-d-e-ti,https://epreuvesetcorriges.com/categories/cameroun/examens/probatoire/35846-sujet-probatoire-2024-histoire-serie-c-d-e-ti/download,epreuvesetcorriges
Probatoire,2024,SUJET PROBATOIRE 2024 ITALIEN LV2  SERIE A-ABI,https://epreuvesetcorriges.com/categories/cameroun/examens/probatoire/35847-sujet-probatoire-2024-italien-lv2-serie-a-abi,https://epreuvesetcorriges.com/categories/cameroun/examens/probatoire/35847-sujet-probatoire-2024-italien-lv2-serie-a-abi/download,epreuvesetcorriges
Probatoire,2024,SUJET PROBATOIRE 2024 LANGUE FRANÇAISE  SERIE C-D-E,https://epreuvesetcorriges.com/categories/cameroun/examens/probatoire/35848-sujet-probatoire-2024-langue-francaise-serie-c-d-e,https://epreuvesetcorriges.com/categories/cameroun/examens/probatoire/35848-sujet-probatoire-2024-langue-francaise-serie-c-d-e/download,epreuvesetcorriges
Probatoire,2024,SUJET PROBATOIRE 2024 LANGUE FRANÇAISE SERIE A-ABI,https://epreuvesetcorriges.com/categories/cameroun/examens/probatoire/35849-sujet-probatoire-2024-langue-francaise-serie-a-abi,https://epreuvesetcorriges.com/categories/cameroun/examens/probatoire/35849-sujet-probatoire-2024-langue-francaise-serie-a-abi/download,epreuvesetcorriges
Probatoire,2024,SUJET PROBATOIRE 2024 LITTÉRATURE SERIE C-D-E-TI,https://epreuvesetcorriges.com/categories/cameroun/examens/probatoire/35850-sujet-probatoire-2024-litterature-serie-c-d-e-ti,https://epreuvesetcorriges.com/categories/cameroun/examens/probatoire/35850-sujet-probatoire-2024-litterature-serie-c-d-e-ti/download,epreuvesetcorriges
Probatoire,2024,SUJET PROBATOIRE 2024 SCIENCES SERIE A1-A2-A3-A4-A5-ABI,https://epreuvesetcorriges.com/categories/cameroun/examens/probatoire/35851-sujet-probatoire-2024-sciences-serie-a1-a2-a3-a4-a5-abi,https://epreuvesetcorriges.com/categories/cameroun/examens/probatoire/35851-sujet-probatoire-2024-sciences-serie-a1-a2-a3-a4-a5-abi/download,epreuvesetcorriges
Probatoire,2024,SUJET PROBATOIRE 2024 CULTURE GENERALE  SERIE A-ABI,https://epreuvesetcorriges.com/categories/cameroun/examens/probatoire/35852-sujet-probatoire-2024-serie-a-abi,https://epreuvesetcorriges.com/categories/cameroun/examens/probatoire/35852-sujet-probatoire-2024-serie-a-abi/download,epreuvesetcorriges
Probatoire,,SUJET PROBATOIRE ANGLAIS SERIE C-D-TI,https://epreuvesetcorriges.com/categories/cameroun/examens/probatoire/35853-sujet-probatoire-anglais-serie-c-d-ti,https://epreuvesetcorriges.com/categories/cameroun/examens/probatoire/35853-sujet-probatoire-anglais-serie-c-d-ti/download,epreuvesetcorriges
Probatoire,2024,CORRIGÉ PROBATOIRE 2024 PHYSIQUE SERIE C,https://epreuvesetcorriges.com/categories/cameroun/examens/probatoire/35860-corrige-probatoire-2024-physique-serie-c,https://epreuvesetcorriges.com/categories/cameroun/examens/probatoire/35860-corrige-probatoire-2024-physique-serie-c/download,epreuvesetcorriges
Probatoire,2024,CORRIGÉ PROBATOIRE 2024 PHYSIQUE SERIE D,https://epreuvesetcorriges.com/categories/cameroun/examens/probatoire/35861-corrige-probatoire-2024-physique-serie-d,https://epreuvesetcorriges.com/categories/cameroun/examens/probatoire/35861-corrige-probatoire-2024-physique-serie-d/download,epreuvesetcorriges
Probatoire,2024,CORRECTION PROBATOIRE 2024 MATHEMATIQUESE SERIE C-E,https://epreuvesetcorriges.com/categories/cameroun/examens/probatoire/35996-correction-probatoire-2024-mathematiquese-serie-c-e,https://epreuvesetcorriges.com/categories/cameroun/examens/probatoire/35996-correction-probatoire-2024-mathematiquese-serie-c-e/download,epreuvesetcorriges
Probatoire,2024,CORRECTION HARMONISEE PROBATOIRE 2024  MATHEMATIQUES  SERIE C-E,https://epreuvesetcorriges.com/categories/cameroun/examens/probatoire/36001-correction-harmonisee-probatoire-2024-mathematiques-serie-c-e,https://epreuvesetcorriges.com/categories/cameroun/examens/probatoire/36001-correction-harmonisee-probatoire-2024-mathematiques-serie-c-e/download,epreuvesetcorriges
Probatoire,2024,CORRECTION HARMONISEE PROBATOIRE 2024  MATHEMATIQUES  SERIE D-TI,https://epreuvesetcorriges.com/categories/cameroun/examens/probatoire/36002-correction-harmonisee-probatoire-2024-mathematiques-serie-d-ti,https://epreuvesetcorriges.com/categories/cameroun/examens/probatoire/36002-correction-harmonisee-probatoire-2024-mathematiques-serie-d-ti/download,epreuvesetcorriges
Probatoire,2024,SUJET ET CORRIGE PROBATOIRE  2024 MATHEMATIQUES SERIE A4,https://epreuvesetcorriges.com/categories/cameroun/examens/probatoire/36064-sujet-et-corrige-probatoire-2024-mathematiques-serie-a4,https://epreuvesetcorriges.com/categories/cameroun/examens/probatoire/36064-sujet-et-corrige-probatoire-2024-mathematiques-serie-a4/download,epreuvesetcorriges
Probatoire,2023,PROBATOIRE 2023 EPREUVE ET CORRIGE PHYSIQUE SERIE C-E CAMEROUN,https://epreuvesetcorriges.com/categories/cameroun/examens/probatoire/37112-probatoire-2023-epreuve-et-corrige-physique-serie-c-e-cameroun,https://epreuvesetcorriges.com/categories/cameroun/examens/probatoire/37112-probatoire-2023-epreuve-et-corrige-physique-serie-c-e-cameroun/download,epreuvesetcorriges
Probatoire,2023,PROBATOIRE 2023 EPREUVE ET CORRIGE SVTEEHB SERIE  D CAMEROUN,https://epreuvesetcorriges.com/categories/cameroun/examens/probatoire/37113-probatoire-2023-epreuve-et-corrige-svteehb-serie-d-cameroun,https://epreuvesetcorriges.com/categories/cameroun/examens/probatoire/37113-probatoire-2023-epreuve-et-corrige-svteehb-serie-d-cameroun/download,epreuvesetcorriges
Probatoire,2024,PROBATOIRE 2024 CORRIGE DE L'EPREUVE D’ANGLAIS  SERIE A-C-D-E-TI CAMEROUN,https://epreuvesetcorriges.com/categories/cameroun/examens/probatoire/37114-probatoire-2024-corrige-de-l-epreuve-d-anglais-serie-a-c-d-e-ti-cameroun,https://epreuvesetcorriges.com/categories/cameroun/examens/probatoire/37114-probatoire-2024-corrige-de-l-epreuve-d-anglais-serie-a-c-d-e-ti-cameroun/download,epreuvesetcorriges
Probatoire,2024,PROBATOIRE 2024 CORRIGÉ DE L'EPREUVE DE CHIMIE  SERIE C-D-E CAMEROUN,https://epreuvesetcorriges.com/categories/cameroun/examens/probatoire/37115-probatoire-2024-corrige-de-l-epreuve-de-chimie-serie-c-d-e-cameroun,https://epreuvesetcorriges.com/categories/cameroun/examens/probatoire/37115-probatoire-2024-corrige-de-l-epreuve-de-chimie-serie-c-d-e-cameroun/download,epreuvesetcorriges
Probatoire,2024,PROBATOIRE 2024 EPREUVE D'ANGLAIS SERIE A-C-D-E-TI CAMEROUN,https://epreuvesetcorriges.com/categories/cameroun/examens/probatoire/37116-probatoire-2024-epreuve-d-anglais-serie-a-c-d-e-ti-cameroun,https://epreuvesetcorriges.com/categories/cameroun/examens/probatoire/37116-probatoire-2024-epreuve-d-anglais-serie-a-c-d-e-ti-cameroun/download,epreuvesetcorriges
Probatoire,2024,PROBATOIRE 2024 EPREUVE ET CORRIGE SVTEEHB SERIE D CAMEROUN,https://epreuvesetcorriges.com/categories/cameroun/examens/probatoire/37117-probatoire-2024-epreuve-et-corrige-svteehb-serie-d-cameroun,https://epreuvesetcorriges.com/categories/cameroun/examens/probatoire/37117-probatoire-2024-epreuve-et-corrige-svteehb-serie-d-cameroun/download,epreuvesetcorriges
Probatoire,2021,PROBATOIRE 2021 EPREUVE ET CORRIGE ALLEMAND SERIE A4 ABI CAMEROUN,https://epreuvesetcorriges.com/categories/cameroun/examens/probatoire/37235-probatoire-2021-epreuve-et-corrige-allemand-serie-a4-abi-cameroun,https://epreuvesetcorriges.com/categories/cameroun/examens/probatoire/37235-probatoire-2021-epreuve-et-corrige-allemand-serie-a4-abi-cameroun/download,epreuvesetcorriges
Probatoire,2023,PROBATOIRE 2023 EPREUVE D'ECM SERIE A-C-D-E-TI CAMEROUN,https://epreuvesetcorriges.com/categories/cameroun/examens/probatoire/37236-probatoire-2023-epreuve-d-ecm-serie-a-c-d-e-ti-cameroun,https://epreuvesetcorriges.com/categories/cameroun/examens/probatoire/37236-probatoire-2023-epreuve-d-ecm-serie-a-c-d-e-ti-cameroun/download,epreuvesetcorriges
Probatoire,2023,PROBATOIRE 2023 EPREUVE ET CORRIGE ALLEMAND SERIE A4 ABI CAMEROUN,https://epreuvesetcorriges.com/categories/cameroun/examens/probatoire/37237-probatoire-2023-epreuve-et-corrige-allemand-serie-a4-abi-cameroun,https://epreuvesetcorriges.com/categories/cameroun/examens/probatoire/37237-probatoire-2023-epreuve-et-corrige-allemand-serie-a4-abi-cameroun/download,epreuvesetcorriges
Probatoire,2023,PROBATOIRE 2023 EPREUVE ET CORRIGE D'ECM CAMEROUN,https://epreuvesetcorriges.com/categories/cameroun/examens/probatoire/37238-probatoire-2023-epreuve-et-corrige-d-ecm-cameroun,https://epreuvesetcorriges.com/categories/cameroun/examens/probatoire/37238-probatoire-2023-epreuve-et-corrige-d-ecm-cameroun/download,epreuvesetcorriges
Probatoire,2024,PROBATOIRE 2024 EPREUVE ET CORRIGE D'ECM SERIE  A-C-D-E-TI CAMEROUN,https://epreuvesetcorriges.com/categories/cameroun/examens/probatoire/37239-probatoire-2024-epreuve-et-corrige-d-ecm-serie-a-c-d-e-ti-cameroun,https://epreuvesetcorriges.com/categories/cameroun/examens/probatoire/37239-probatoire-2024-epreuve-et-corrige-d-ecm-serie-a-c-d-e-ti-cameroun/download,epreuvesetcorriges
Probatoire,2025,ÉPREUVE PROBATOIRE BLANC 2025 INFORMATIQUE THEORIQUE CLASSE DE PA4   ANNEE SCOLAIRE 2024-2025 CAMEROUN,https://epreuvesetcorriges.com/categories/cameroun/examens/probatoire/38101-epreuve-probatoire-blanc-2025-informatique-theorique-classe-de-pa4-annee-scolaire-2024-2025-cameroun,https://epreuvesetcorriges.com/categories/cameroun/examens/probatoire/38101-epreuve-probatoire-blanc-2025-informatique-theorique-classe-de-pa4-annee-scolaire-2024-2025-cameroun/download,epreuvesetcorriges
Probatoire,2025,ÉPREUVE PROBATOIRE BLANC 2025 INFORMATIQUE THEORIQUE LYCEE CLASSE DE PA4 CAMEROUN,https://epreuvesetcorriges.com/categories/cameroun/examens/probatoire/38102-epreuve-probatoire-blanc-2025-informatique-theorique-lycee-classe-de-pa4-cameroun,https://epreuvesetcorriges.com/categories/cameroun/examens/probatoire/38102-epreuve-probatoire-blanc-2025-informatique-theorique-lycee-classe-de-pa4-cameroun/download,epreuvesetcorriges
Probatoire,2025,ÉPREUVE PROBATOIRE BLANC 2025 INFORMATIQUE THEORIQUE LYCEE CLASSE DE PCD ANNEE SCOLAIRE 2024-2025 CAMEROUN,https://epreuvesetcorriges.com/categories/cameroun/examens/probatoire/38103-epreuve-probatoire-blanc-2025-informatique-theorique-lycee-classe-de-pcd-annee-scolaire-2024-2025-cameroun,https://epreuvesetcorriges.com/categories/cameroun/examens/probatoire/38103-epreuve-probatoire-blanc-2025-informatique-theorique-lycee-classe-de-pcd-annee-scolaire-2024-2025-cameroun/download,epreuvesetcorriges
Probatoire,2025,ÉPREUVE PROBATOIRE BLANC 2025 N°1 MATHÉMATIQUES PD COLLEGE BILINGUE L’EMERGENCE FEVRIER 2025 CAMEROUN,https://epreuvesetcorriges.com/categories/cameroun/examens/probatoire/38646-epreuve-probatoire-blanc-2025-n-1-mathematiques-pd-college-bilingue-l-emergence-fevrier-2025-cameroun,https://epreuvesetcorriges.com/categories/cameroun/examens/probatoire/38646-epreuve-probatoire-blanc-2025-n-1-mathematiques-pd-college-bilingue-l-emergence-fevrier-2025-cameroun/download,epreuvesetcorriges
Probatoire,2025,EPREUVE PROBATOIRE BLANC 2025  MATHEMATIQUES PC COLLEGE POLYVALENT G S CAMEROUN,https://epreuvesetcorriges.com/categories/cameroun/examens/probatoire/38799-epreuve-probatoire-blanc-2025-mathematiques-pc-college-polyvalent-g-s-cameroun,https://epreuvesetcorriges.com/categories/cameroun/examens/probatoire/38799-epreuve-probatoire-blanc-2025-mathematiques-pc-college-polyvalent-g-s-cameroun/download,epreuvesetcorriges
Probatoire,2025,ÉPREUVE PROBATOIRE BLANC 2025  LITTERATURE SERIE C-D LYCEE DE NKOLMESSENG AVRIL 2025,https://epreuvesetcorriges.com/categories/cameroun/examens/probatoire/38939-epreuve-probatoire-blanc-2025-litterature-serie-c-d-lycee-de-nkolmesseng-avril-2025,https://epreuvesetcorriges.com/categories/cameroun/examens/probatoire/38939-epreuve-probatoire-blanc-2025-litterature-serie-c-d-lycee-de-nkolmesseng-avril-2025/download,epreuvesetcorriges
Probatoire,2025,ÉPREUVE PROBATOIRE BLANC 2025  MATHEMATIQUES SERIE D  LYCEE DE NKOLMESSENG AVRIL 2025,https://epreuvesetcorriges.com/categories/cameroun/examens/probatoire/38940-epreuve-probatoire-blanc-2025-mathematiques-serie-d-lycee-de-nkolmesseng-avril-2025,https://epreuvesetcorriges.com/categories/cameroun/examens/probatoire/38940-epreuve-probatoire-blanc-2025-mathematiques-serie-d-lycee-de-nkolmesseng-avril-2025/download,epreuvesetcorriges
Probatoire,2025,ÉPREUVE PROBATOIRE BLANC 2025 HISTOIRE SERIE C-D LYCEE  NKOLMESSENG AVRIL 2025,https://epreuvesetcorriges.com/categories/cameroun/examens/probatoire/38941-epreuve-probatoire-blanc-2025-histoire-serie-c-d-lycee-nkolmesseng-avril-2025,https://epreuvesetcorriges.com/categories/cameroun/examens/probatoire/38941-epreuve-probatoire-blanc-2025-histoire-serie-c-d-lycee-nkolmesseng-avril-2025/download,epreuvesetcorriges
Probatoire,2025,ÉPREUVE PROBATOIRE BLANC 2025 LANGUE FRANÇAISE  SERIE C-D LYCEE DE NKOLMESSENG AVRIL 2025,https://epreuvesetcorriges.com/categories/cameroun/examens/probatoire/38942-epreuve-probatoire-blanc-2025-langue-francaise-serie-c-d-lycee-de-nkolmesseng-avril-2025,https://epreuvesetcorriges.com/categories/cameroun/examens/probatoire/38942-epreuve-probatoire-blanc-2025-langue-francaise-serie-c-d-lycee-de-nkolmesseng-avril-2025/download,epreuvesetcorriges
Probatoire,2025,PROBATOIRE BLANC 2025 INFORMATIQUE PRATIQUE PIH INSTITUT PRIVE POLYVALENT,https://epreuvesetcorriges.com/categories/cameroun/examens/probatoire/38991-probatoire-blanc-2025-informatique-pratique-pih-institut-prive-polyvalent,https://epreuvesetcorriges.com/categories/cameroun/examens/probatoire/38991-probatoire-blanc-2025-informatique-pratique-pih-institut-prive-polyvalent/download,epreuvesetcorriges
Probatoire,2025,PROBATOIRE BLANC 2025 INFORMATIQUE THEORIQUE PCD INSTITUT PRIVE POLYVALENT,https://epreuvesetcorriges.com/categories/cameroun/examens/probatoire/38992-probatoire-blanc-2025-informatique-theorique-pcd-institut-prive-polyvalent,https://epreuvesetcorriges.com/categories/cameroun/examens/probatoire/38992-probatoire-blanc-2025-informatique-theorique-pcd-institut-prive-polyvalent/download,epreuvesetcorriges
Probatoire,2025,PROBATOIRE BLANC 2025 INFORMATIQUE THEORIQUE PIH INSTITUT PRIVE POLYVALENT,https://epreuvesetcorriges.com/categories/cameroun/examens/probatoire/38993-probatoire-blanc-2025-informatique-theorique-pih-institut-prive-polyvalent,https://epreuvesetcorriges.com/categories/cameroun/examens/probatoire/38993-probatoire-blanc-2025-informatique-theorique-pih-institut-prive-polyvalent/download,epreuvesetcorriges
Probatoire,2025,Probatoire Blanc 2025 – SVTEEHB  Épreuves et Compétences,https://epreuvesetcorriges.com/categories/cameroun/examens/probatoire/39187-probatoire-blanc-2025-svteehb-epreuves-et-competences,https://epreuvesetcorriges.com/categories/cameroun/examens/probatoire/39187-probatoire-blanc-2025-svteehb-epreuves-et-competences/download,epreuvesetcorriges
Probatoire,2025,Probatoire Blanc Régional Avril 2025  Examen et Corrigé de Mathématiques PD - PTI,https://epreuvesetcorriges.com/categories/cameroun/examens/probatoire/39188-probatoire-blanc-regional-avril-2025-examen-et-corrige-de-mathematiques-pd-pti,https://epreuvesetcorriges.com/categories/cameroun/examens/probatoire/39188-probatoire-blanc-regional-avril-2025-examen-et-corrige-de-mathematiques-pd-pti/download,epreuvesetcorriges
Probatoire,2025,Sujet et Corrigé du Probatoire Blanc Régional 2025  Mathématiques Série D - TI,https://epreuvesetcorriges.com/categories/cameroun/examens/probatoire/39189-sujet-et-corrige-du-probatoire-blanc-regional-2025-mathematiques-serie-d-ti,https://epreuvesetcorriges.com/categories/cameroun/examens/probatoire/39189-sujet-et-corrige-du-probatoire-blanc-regional-2025-mathematiques-serie-d-ti/download,epreuvesetcorriges
Probatoire,2025,Probatoire 2025 : Épreuve Zéro Histoire Cameroun Série A-C-D-TI-SH,https://epreuvesetcorriges.com/categories/cameroun/examens/probatoire/39191-probatoire-2025-epreuve-zero-histoire-cameroun-serie-a-c-d-ti-sh,https://epreuvesetcorriges.com/categories/cameroun/examens/probatoire/39191-probatoire-2025-epreuve-zero-histoire-cameroun-serie-a-c-d-ti-sh/download,epreuvesetcorriges
Probatoire,2025,Probatoire 2025  Épreuve Zéro ECM Cameroun Série A-C-D-TI-SH,https://epreuvesetcorriges.com/categories/cameroun/examens/probatoire/39192-probatoire-2025-epreuve-zero-ecm-cameroun-serie-a-c-d-ti-sh,https://epreuvesetcorriges.com/categories/cameroun/examens/probatoire/39192-probatoire-2025-epreuve-zero-ecm-cameroun-serie-a-c-d-ti-sh/download,epreuvesetcorriges
Probatoire,2025,Sujet Probatoire Blanc Régional 2025 : Épreuve de Physique Série D et TI,https://epreuvesetcorriges.com/categories/cameroun/examens/probatoire/39193-sujet-probatoire-blanc-regional-2025-epreuve-de-physique-serie-d-et-ti,https://epreuvesetcorriges.com/categories/cameroun/examens/probatoire/39193-sujet-probatoire-blanc-regional-2025-epreuve-de-physique-serie-d-et-ti/download,epreuvesetcorriges
Probatoire,2025,Probatoire Blanc Régional 2025 : Épreuve d’Informatique Série C au Mfoundi,https://epreuvesetcorriges.com/categories/cameroun/examens/probatoire/39195-probatoire-blanc-regional-2025-epreuve-d-informatique-serie-c-au-mfoundi,https://epreuvesetcorriges.com/categories/cameroun/examens/probatoire/39195-probatoire-blanc-regional-2025-epreuve-d-informatique-serie-c-au-mfoundi/download,epreuvesetcorriges
Probatoire,2025,"Probatoire Blanc Régional 2025  Épreuve de Chimie Séries C, D, E",https://epreuvesetcorriges.com/categories/cameroun/examens/probatoire/39196-probatoire-blanc-regional-2025-epreuve-de-chimie-series-c-d-e,https://epreuvesetcorriges.com/categories/cameroun/examens/probatoire/39196-probatoire-blanc-regional-2025-epreuve-de-chimie-series-c-d-e/download,epreuvesetcorriges
Probatoire,2025,Probatoire Blanc N°2 2025 : Épreuve de Langue Française Séries C et D au Lycée de Nkolmesseng,https://epreuvesetcorriges.com/categories/cameroun/examens/probatoire/39197-probatoire-blanc-n-2-2025-epreuve-de-langue-francaise-series-c-et-d-au-lycee-de-nkolmesseng,https://epreuvesetcorriges.com/categories/cameroun/examens/probatoire/39197-probatoire-blanc-n-2-2025-epreuve-de-langue-francaise-series-c-et-d-au-lycee-de-nkolmesseng/download,epreuvesetcorriges
Probatoire,2025,Probatoire Blanc 2025 : Sujet et Corrigé de Mathématiques Série D – Lycée Classique d’Edéa,https://epreuvesetcorriges.com/categories/cameroun/examens/probatoire/39199-probatoire-blanc-2025-sujet-et-corrige-de-mathematiques-serie-d-lycee-classique-d-edea,https://epreuvesetcorriges.com/categories/cameroun/examens/probatoire/39199-probatoire-blanc-2025-sujet-et-corrige-de-mathematiques-serie-d-lycee-classique-d-edea/download,epreuvesetcorriges
Probatoire,2025,Probatoire Blanc Mai 2025 : Mathématiques Série D – Lycée Classique d’Edéa,https://epreuvesetcorriges.com/categories/cameroun/examens/probatoire/39212-probatoire-blanc-mai-2025-mathematiques-serie-d-lycee-classique-d-edea,https://epreuvesetcorriges.com/categories/cameroun/examens/probatoire/39212-probatoire-blanc-mai-2025-mathematiques-serie-d-lycee-classique-d-edea/download,epreuvesetcorriges
Probatoire,2025,Probatoire Blanc Mai 2025 : Épreuve  et corrigé d’Informatique Théorique – Diocèse de Bafang,https://epreuvesetcorriges.com/categories/cameroun/examens/probatoire/39221-probatoire-blanc-mai-2025-epreuve-d-informatique-theorique-diocese-de-bafang,https://epreuvesetcorriges.com/categories/cameroun/examens/probatoire/39221-probatoire-blanc-mai-2025-epreuve-d-informatique-theorique-diocese-de-bafang/download,epreuvesetcorriges
Probatoire,2025,Probatoire Blanc Mai 2025 : Épreuve et corrigé d’Informatique Théorique – Diocèse de Bafang,https://epreuvesetcorriges.com/categories/cameroun/examens/probatoire/39222-probatoire-blanc-mai-2025-epreuve-et-corrige-d-informatique-theorique-diocese-de-bafang,https://epreuvesetcorriges.com/categories/cameroun/examens/probatoire/39222-probatoire-blanc-mai-2025-epreuve-et-corrige-d-informatique-theorique-diocese-de-bafang/download,epreuvesetcorriges
Probatoire,2025,Épreuve Zéro Probatoire 2025  Langue Française – Série A4 – Région de l’Adamaoua,https://epreuvesetcorriges.com/categories/cameroun/examens/probatoire/39230-epreuve-zero-probatoire-2025-langue-francaise-serie-a4-region-de-l-adamaoua,https://epreuvesetcorriges.com/categories/cameroun/examens/probatoire/39230-epreuve-zero-probatoire-2025-langue-francaise-serie-a4-region-de-l-adamaoua/download,epreuvesetcorriges
Probatoire,2025,"Probatoire Zéro 2025  Épreuve de Langue Française – Séries C, D, E, TI – Région de l’Adamaoua",https://epreuvesetcorriges.com/categories/cameroun/examens/probatoire/39232-probatoire-zero-2025-epreuve-de-langue-francaise-series-c-d-e-ti-region-de-l-adamaoua,https://epreuvesetcorriges.com/categories/cameroun/examens/probatoire/39232-probatoire-zero-2025-epreuve-de-langue-francaise-series-c-d-e-ti-region-de-l-adamaoua/download,epreuvesetcorriges
Probatoire,2025,Épreuve Zéro Probatoire 2025  Littérature et Culture Générale – Série A4 – Région de l’Adamaoua,https://epreuvesetcorriges.com/categories/cameroun/examens/probatoire/39233-epreuve-zero-probatoire-2025-litterature-et-culture-generale-serie-a4-region-de-l-adamaoua,https://epreuvesetcorriges.com/categories/cameroun/examens/probatoire/39233-epreuve-zero-probatoire-2025-litterature-et-culture-generale-serie-a4-region-de-l-adamaoua/download,epreuvesetcorriges
Probatoire,2025,"Probatoire Zéro 2025  Littérature et Culture Générale – Séries C, D, TI – Région de l’Adamaoua",https://epreuvesetcorriges.com/categories/cameroun/examens/probatoire/39234-probatoire-zero-2025-litterature-et-culture-generale-series-c-d-ti-region-de-l-adamaoua,https://epreuvesetcorriges.com/categories/cameroun/examens/probatoire/39234-probatoire-zero-2025-litterature-et-culture-generale-series-c-d-ti-region-de-l-adamaoua/download,epreuvesetcorriges
Probatoire,2025,Probatoire Blanc Avril 2025 – Langue Française – Collège Vogt – Séries PCD & TI,https://epreuvesetcorriges.com/categories/cameroun/examens/probatoire/39251-probatoire-blanc-avril-2025-langue-francaise-college-vogt-series-pcd-ti,https://epreuvesetcorriges.com/categories/cameroun/examens/probatoire/39251-probatoire-blanc-avril-2025-langue-francaise-college-vogt-series-pcd-ti/download,epreuvesetcorriges
Probatoire,2025,Probatoire Blanc Avril 2025  Épreuve de Sciences Économiques et Sociales – Collège Vogt,https://epreuvesetcorriges.com/categories/cameroun/examens/probatoire/39254-probatoire-blanc-avril-2025-epreuve-de-sciences-economiques-et-sociales-college-vogt,https://epreuvesetcorriges.com/categories/cameroun/examens/probatoire/39254-probatoire-blanc-avril-2025-epreuve-de-sciences-economiques-et-sociales-college-vogt/download,epreuvesetcorriges
Probatoire,2025,Probatoire Blanc Avril 2025 – Chimie – Collège Vogt – Séries C & D,https://epreuvesetcorriges.com/categories/cameroun/examens/probatoire/39266-probatoire-blanc-avril-2025-chimie-college-vogt-series-c-d,https://epreuvesetcorriges.com/categories/cameroun/examens/probatoire/39266-probatoire-blanc-avril-2025-chimie-college-vogt-series-c-d/download,epreuvesetcorriges
Probatoire,2025,Probatoire Blanc Avril 2025 – Chimie – Série PTI – Collège Vogt,https://epreuvesetcorriges.com/categories/cameroun/examens/probatoire/39267-probatoire-blanc-avril-2025-chimie-serie-pti-college-vogt,https://epreuvesetcorriges.com/categories/cameroun/examens/probatoire/39267-probatoire-blanc-avril-2025-chimie-serie-pti-college-vogt/download,epreuvesetcorriges
Probatoire,2025,Probatoire Blanc Avril 2025 – Physique – Série PC – Collège Vogt,https://epreuvesetcorriges.com/categories/cameroun/examens/probatoire/39268-probatoire-blanc-avril-2025-physique-serie-pc-college-vogt,https://epreuvesetcorriges.com/categories/cameroun/examens/probatoire/39268-probatoire-blanc-avril-2025-physique-serie-pc-college-vogt/download,epreuvesetcorriges
Probatoire,2025,Probatoire Blanc Mai 2025 – Mathématiques – Série D – Collège Vogt,https://epreuvesetcorriges.com/categories/cameroun/examens/probatoire/39269-probatoire-blanc-mai-2025-mathematiques-serie-d-college-vogt,https://epreuvesetcorriges.com/categories/cameroun/examens/probatoire/39269-probatoire-blanc-mai-2025-mathematiques-serie-d-college-vogt/download,epreuvesetcorriges
Probatoire,2025,Probatoire Blanc Avril 2025 – Langue Française – Collège Vogt – Séries PCD & TI,https://epreuvesetcorriges.com/categories/cameroun/examens/probatoire/39270-probatoire-blanc-avril-2025-langue-francaise-college-vogt-series-pcd-ti-2,https://epreuvesetcorriges.com/categories/cameroun/examens/probatoire/39270-probatoire-blanc-avril-2025-langue-francaise-college-vogt-series-pcd-ti-2/download,epreuvesetcorriges
Probatoire,2025,Probatoire Blanc Régional 2025 – SVTEEHB – Série D,https://epreuvesetcorriges.com/categories/cameroun/examens/probatoire/39273-probatoire-blanc-regional-2025-svteehb-serie-d,https://epreuvesetcorriges.com/categories/cameroun/examens/probatoire/39273-probatoire-blanc-regional-2025-svteehb-serie-d/download,epreuvesetcorriges
Probatoire,2025,"Probatoire Blanc Avril 2025 – Maintenance, Réseau et Création Numérique – PTI – Collège Mgr. F. X. Vogt",https://epreuvesetcorriges.com/categories/cameroun/examens/probatoire/39287-probatoire-blanc-avril-2025-maintenance-reseau-et-creation-numerique-pti-college-mgr-f-x-vogt,https://epreuvesetcorriges.com/categories/cameroun/examens/probatoire/39287-probatoire-blanc-avril-2025-maintenance-reseau-et-creation-numerique-pti-college-mgr-f-x-vogt/download,epreuvesetcorriges
Probatoire,2025,Probatoire Blanc Avril 2025 – Mathématiques – Série TI – Collège F.X. Vogt,https://epreuvesetcorriges.com/categories/cameroun/examens/probatoire/39288-probatoire-blanc-avril-2025-mathematiques-serie-ti-college-f-x-vogt,https://epreuvesetcorriges.com/categories/cameroun/examens/probatoire/39288-probatoire-blanc-avril-2025-mathematiques-serie-ti-college-f-x-vogt/download,epreuvesetcorriges
Probatoire,2025,Probatoire Blanc Avril 2025 – Chimie – Série PTI – Collège F-X. Vogt,https://epreuvesetcorriges.com/categories/cameroun/examens/probatoire/39300-probatoire-blanc-avril-2025-chimie-serie-pti-college-f-x-vogt,https://epreuvesetcorriges.com/categories/cameroun/examens/probatoire/39300-probatoire-blanc-avril-2025-chimie-serie-pti-college-f-x-vogt/download,epreuvesetcorriges
Probatoire,2025,Probatoire Blanc Avril 2025 – Comptabilité – Première SES – Collège F-X. Vogt,https://epreuvesetcorriges.com/categories/cameroun/examens/probatoire/39301-probatoire-blanc-avril-2025-comptabilite-premiere-ses-college-f-x-vogt,https://epreuvesetcorriges.com/categories/cameroun/examens/probatoire/39301-probatoire-blanc-avril-2025-comptabilite-premiere-ses-college-f-x-vogt/download,epreuvesetcorriges
Probatoire,2025,Sujet et Corrigé – Allemand Probatoire Blanc – Collège Privé Mongo Beti – Séquence 6 – Mai 2025,https://epreuvesetcorriges.com/categories/cameroun/examens/probatoire/39352-sujet-et-corrige-allemand-probatoire-blanc-college-prive-mongo-beti-sequence-6-mai-2025,https://epreuvesetcorriges.com/categories/cameroun/examens/probatoire/39352-sujet-et-corrige-allemand-probatoire-blanc-college-prive-mongo-beti-sequence-6-mai-2025/download,epreuvesetcorriges
Probatoire,2025,"Sujet et Corrigé – Anglais Probatoire A, C, D, TI – Épreuve Zéro – Région de l’Adamawa – 2025",https://epreuvesetcorriges.com/categories/cameroun/examens/probatoire/39353-sujet-et-corrige-anglais-probatoire-a-c-d-ti-epreuve-zero-region-de-l-adamawa-2025,https://epreuvesetcorriges.com/categories/cameroun/examens/probatoire/39353-sujet-et-corrige-anglais-probatoire-a-c-d-ti-epreuve-zero-region-de-l-adamawa-2025/download,epreuvesetcorriges
Probatoire,2025,"Épreuve Zéro SVTEEHB – Probatoire C, TI – Région de l’Adamawa – 2025",https://epreuvesetcorriges.com/categories/cameroun/examens/probatoire/39354-epreuve-zero-svteehb-probatoire-c-ti-region-de-l-adamawa-2025,https://epreuvesetcorriges.com/categories/cameroun/examens/probatoire/39354-epreuve-zero-svteehb-probatoire-c-ti-region-de-l-adamawa-2025/download,epreuvesetcorriges
Probatoire,2025,Épreuve Zéro – Chimie Probatoire D et C – Région de l’Adamawa – 2025,https://epreuvesetcorriges.com/categories/cameroun/examens/probatoire/39356-epreuve-zero-chimie-probatoire-d-et-c-region-de-l-adamawa-2025,https://epreuvesetcorriges.com/categories/cameroun/examens/probatoire/39356-epreuve-zero-chimie-probatoire-d-et-c-region-de-l-adamawa-2025/download,epreuvesetcorriges
Probatoire,2025,Épreuve Zéro – Espagnol Probatoire Blanc – Collège Privé Mongo Beti – Séquence 6 – Mai 2025,https://epreuvesetcorriges.com/categories/cameroun/examens/probatoire/39358-epreuve-zero-espagnol-probatoire-blanc-college-prive-mongo-beti-sequence-6-mai-2025,https://epreuvesetcorriges.com/categories/cameroun/examens/probatoire/39358-epreuve-zero-espagnol-probatoire-blanc-college-prive-mongo-beti-sequence-6-mai-2025/download,epreuvesetcorriges
Probatoire,2025,Épreuve Zéro – Mathématiques Probatoire Blanc N°2 – Série A4 – Institut Bilingue Tsimi Evouna – Mai 2025,https://epreuvesetcorriges.com/categories/cameroun/examens/probatoire/39359-epreuve-zero-mathematiques-probatoire-blanc-n-2-serie-a4-institut-bilingue-tsimi-evouna-mai-2025,https://epreuvesetcorriges.com/categories/cameroun/examens/probatoire/39359-epreuve-zero-mathematiques-probatoire-blanc-n-2-serie-a4-institut-bilingue-tsimi-evouna-mai-2025/download,epreuvesetcorriges
Probatoire,2025,"Sujet – Mathématiques Probatoire Blanc N°2 – Série C, D – Institut Bilingue Tsimi Evouna – Mai 2025",https://epreuvesetcorriges.com/categories/cameroun/examens/probatoire/39360-sujet-mathematiques-probatoire-blanc-n-2-serie-c-d-institut-bilingue-tsimi-evouna-mai-2025,https://epreuvesetcorriges.com/categories/cameroun/examens/probatoire/39360-sujet-mathematiques-probatoire-blanc-n-2-serie-c-d-institut-bilingue-tsimi-evouna-mai-2025/download,epreuvesetcorriges
Probatoire,2025,Épreuve de Chimie – Probatoire Blanc – Collège Privé Bilingue Montesquieu – Mai 2025,https://epreuvesetcorriges.com/categories/cameroun/examens/probatoire/39401-epreuve-de-chimie-probatoire-blanc-college-prive-bilingue-montesquieu-mai-2025,https://epreuvesetcorriges.com/categories/cameroun/examens/probatoire/39401-epreuve-de-chimie-probatoire-blanc-college-prive-bilingue-montesquieu-mai-2025/download,epreuvesetcorriges
Probatoire,2025,"Épreuve Zéro – Géographie – Probatoire Régionale – Série A, C, D, TI – Session 2025",https://epreuvesetcorriges.com/categories/cameroun/examens/probatoire/39402-epreuve-zero-geographie-probatoire-regionale-serie-a-c-d-ti-session-2025,https://epreuvesetcorriges.com/categories/cameroun/examens/probatoire/39402-epreuve-zero-geographie-probatoire-regionale-serie-a-c-d-ti-session-2025/download,epreuvesetcorriges
Probatoire,2025,"Épreuve Zéro – Philosophie – Probatoire Régionale – Série C, D, E, TI – Session 2025",https://epreuvesetcorriges.com/categories/cameroun/examens/probatoire/39403-epreuve-zero-philosophie-probatoire-regionale-serie-c-d-e-ti-session-2025,https://epreuvesetcorriges.com/categories/cameroun/examens/probatoire/39403-epreuve-zero-philosophie-probatoire-regionale-serie-c-d-e-ti-session-2025/download,epreuvesetcorriges
Probatoire,2025,"Épreuve Zéro – Sciences – Probatoire Régionale – Séries A1, A2, A3, A4, ABI – Session 2025",https://epreuvesetcorriges.com/categories/cameroun/examens/probatoire/39404-epreuve-zero-sciences-probatoire-regionale-series-a1-a2-a3-a4-abi-session-2025,https://epreuvesetcorriges.com/categories/cameroun/examens/probatoire/39404-epreuve-zero-sciences-probatoire-regionale-series-a1-a2-a3-a4-abi-session-2025/download,epreuvesetcorriges
Probatoire,2025,Épreuve d’Espagnol – Probatoire Blanc – Collège Privé Bilingue Montesquieu – Mai 2025,https://epreuvesetcorriges.com/categories/cameroun/examens/probatoire/39405-epreuve-d-espagnol-probatoire-blanc-college-prive-bilingue-montesquieu-mai-2025,https://epreuvesetcorriges.com/categories/cameroun/examens/probatoire/39405-epreuve-d-espagnol-probatoire-blanc-college-prive-bilingue-montesquieu-mai-2025/download,epreuvesetcorriges
Probatoire,2025,Épreuve d’Informatique – Probatoire Blanc 2025 – Série C&D – Collège Bilingue Charles de Gaulle,https://epreuvesetcorriges.com/categories/cameroun/examens/probatoire/39406-epreuve-d-informatique-probatoire-blanc-2025-serie-c-d-college-bilingue-charles-de-gaulle,https://epreuvesetcorriges.com/categories/cameroun/examens/probatoire/39406-epreuve-d-informatique-probatoire-blanc-2025-serie-c-d-college-bilingue-charles-de-gaulle/download,epreuvesetcorriges
Probatoire,2025,Épreuve d’Informatique – Probatoire Blanc 2025 – Série C&D – Collège Privé Montesquieu,https://epreuvesetcorriges.com/categories/cameroun/examens/probatoire/39407-epreuve-d-informatique-probatoire-blanc-2025-serie-c-d-college-prive-montesquieu,https://epreuvesetcorriges.com/categories/cameroun/examens/probatoire/39407-epreuve-d-informatique-probatoire-blanc-2025-serie-c-d-college-prive-montesquieu/download,epreuvesetcorriges
Probatoire,2025,Épreuve de Mathématiques – Probatoire Blanc Mai 2025 – Série C&D – Collège Privé Bilingue Montesquieu,https://epreuvesetcorriges.com/categories/cameroun/examens/probatoire/39408-epreuve-de-mathematiques-probatoire-blanc-mai-2025-serie-c-d-college-prive-bilingue-montesquieu,https://epreuvesetcorriges.com/categories/cameroun/examens/probatoire/39408-epreuve-de-mathematiques-probatoire-blanc-mai-2025-serie-c-d-college-prive-bilingue-montesquieu/download,epreuvesetcorriges
Probatoire,2025,Épreuve de Mathématiques – Probatoire Blanc Mai 2025 – Série C&E – Collège Privé Bilingue Montesquieu,https://epreuvesetcorriges.com/categories/cameroun/examens/probatoire/39409-epreuve-de-mathematiques-probatoire-blanc-mai-2025-serie-c-e-college-prive-bilingue-montesquieu,https://epreuvesetcorriges.com/categories/cameroun/examens/probatoire/39409-epreuve-de-mathematiques-probatoire-blanc-mai-2025-serie-c-e-college-prive-bilingue-montesquieu/download,epreuvesetcorriges
Probatoire,2025,Épreuve de Philosophie – Probatoire Blanc Mai 2025 – Série Littéraire – Collège Privé Bilingue Montesquieu,https://epreuvesetcorriges.com/categories/cameroun/examens/probatoire/39410-epreuve-de-philosophie-probatoire-blanc-mai-2025-serie-litteraire-college-prive-bilingue-montesquieu,https://epreuvesetcorriges.com/categories/cameroun/examens/probatoire/39410-epreuve-de-philosophie-probatoire-blanc-mai-2025-serie-litteraire-college-prive-bilingue-montesquieu/download,epreuvesetcorriges
Probatoire,2025,Épreuve de Philosophie – Probatoire Blanc Mai 2025 – Série C&D – Collège Privé Bilingue Montesquieu,https://epreuvesetcorriges.com/categories/cameroun/examens/probatoire/39411-epreuve-de-philosophie-probatoire-blanc-mai-2025-serie-c-d-college-prive-bilingue-montesquieu,https://epreuvesetcorriges.com/categories/cameroun/examens/probatoire/39411-epreuve-de-philosophie-probatoire-blanc-mai-2025-serie-c-d-college-prive-bilingue-montesquieu/download,epreuvesetcorriges
Probatoire,2025,Épreuve de Physique – Probatoire Blanc Mai 2025 – Série PC – Collège Privé Bilingue Montesquieu,https://epreuvesetcorriges.com/categories/cameroun/examens/probatoire/39412-epreuve-de-physique-probatoire-blanc-mai-2025-serie-pc-college-prive-bilingue-montesquieu,https://epreuvesetcorriges.com/categories/cameroun/examens/probatoire/39412-epreuve-de-physique-probatoire-blanc-mai-2025-serie-pc-college-prive-bilingue-montesquieu/download,epreuvesetcorriges
Probatoire,2025,Épreuve Zéro d’EPS – Probatoire 2025 – Région de l’Adamaoua,https://epreuvesetcorriges.com/categories/cameroun/examens/probatoire/39428-epreuve-zero-d-eps-probatoire-2025-region-de-l-adamaoua,https://epreuvesetcorriges.com/categories/cameroun/examens/probatoire/39428-epreuve-zero-d-eps-probatoire-2025-region-de-l-adamaoua/download,epreuvesetcorriges
Probatoire,2025,Épreuve de Chimie – Probatoire Blanc – Série C & D – Session 2025 – Délégation Régionale des Enseignements Secondaires de l’Ouest,https://epreuvesetcorriges.com/categories/cameroun/examens/probatoire/39486-epreuve-de-chimie-probatoire-blanc-serie-c-d-session-2025-delegation-regionale-des-enseignements-secondaires-de-l-ouest,https://epreuvesetcorriges.com/categories/cameroun/examens/probatoire/39486-epreuve-de-chimie-probatoire-blanc-serie-c-d-session-2025-delegation-regionale-des-enseignements-secondaires-de-l-ouest/download,epreuvesetcorriges
Probatoire,2025,Épreuve de Physique – Probatoire Blanc – Série C – Session 2025 – Délégation Régionale des Enseignements Secondaires de l’Ouest,https://epreuvesetcorriges.com/categories/cameroun/examens/probatoire/39487-epreuve-de-physique-probatoire-blanc-serie-c-session-2025-delegation-regionale-des-enseignements-secondaires-de-l-ouest,https://epreuvesetcorriges.com/categories/cameroun/examens/probatoire/39487-epreuve-de-physique-probatoire-blanc-serie-c-session-2025-delegation-regionale-des-enseignements-secondaires-de-l-ouest/download,epreuvesetcorriges
Probatoire,2025,Épreuve de Physique – Probatoire Blanc – Série D & TI – Session 2025 – Délégation Régionale des Enseignements Secondaires de l’Ouest,https://epreuvesetcorriges.com/categories/cameroun/examens/probatoire/39488-epreuve-de-physique-probatoire-blanc-serie-d-ti-session-2025-delegation-regionale-des-enseignements-secondaires-de-l-ouest,https://epreuvesetcorriges.com/categories/cameroun/examens/probatoire/39488-epreuve-de-physique-probatoire-blanc-serie-d-ti-session-2025-delegation-regionale-des-enseignements-secondaires-de-l-ouest/download,epreuvesetcorriges
Probatoire,2025,"Épreuve et Corrigé de Langue Française – Probatoire Séries C, D, E, TI – Session 2025",https://epreuvesetcorriges.com/categories/cameroun/examens/probatoire/39730-epreuve-et-corrige-de-langue-francaise-probatoire-series-c-d-e-ti-session-2025,https://epreuvesetcorriges.com/categories/cameroun/examens/probatoire/39730-epreuve-et-corrige-de-langue-francaise-probatoire-series-c-d-e-ti-session-2025/download,epreuvesetcorriges
Probatoire,2025,"Épreuve et Corrigé de Littérature et Culture Générale – Probatoire Séries C, D, E, TI – Session 2025",https://epreuvesetcorriges.com/categories/cameroun/examens/probatoire/39731-epreuve-et-corrige-de-litterature-et-culture-generale-probatoire-series-c-d-e-ti-session-2025,https://epreuvesetcorriges.com/categories/cameroun/examens/probatoire/39731-epreuve-et-corrige-de-litterature-et-culture-generale-probatoire-series-c-d-e-ti-session-2025/download,epreuvesetcorriges
Probatoire,2025,"Épreuve de Chimie – Probatoire Séries C, D, E – Session 2025 Cameroun",https://epreuvesetcorriges.com/categories/cameroun/examens/probatoire/39734-epreuve-de-chimie-probatoire-series-c-d-e-session-2025-cameroun,https://epreuvesetcorriges.com/categories/cameroun/examens/probatoire/39734-epreuve-de-chimie-probatoire-series-c-d-e-session-2025-cameroun/download,epreuvesetcorriges
Probatoire,2025,"Épreuve de Langue Française – Probatoire Séries C, D, E, TI – Session 2025",https://epreuvesetcorriges.com/categories/cameroun/examens/probatoire/39735-epreuve-de-langue-francaise-probatoire-series-c-d-e-ti-session-2025,https://epreuvesetcorriges.com/categories/cameroun/examens/probatoire/39735-epreuve-de-langue-francaise-probatoire-series-c-d-e-ti-session-2025/download,epreuvesetcorriges
Probatoire,2025,"Épreuve de Littérature et Culture Générale – Probatoire Séries C, D, E, TI – Session 2025",https://epreuvesetcorriges.com/categories/cameroun/examens/probatoire/39736-epreuve-de-litterature-et-culture-generale-probatoire-series-c-d-e-ti-session-2025,https://epreuvesetcorriges.com/categories/cameroun/examens/probatoire/39736-epreuve-de-litterature-et-culture-generale-probatoire-series-c-d-e-ti-session-2025/download,epreuvesetcorriges
Probatoire,2025,"Épreuve de Mathématiques – Probatoire Séries F1, GT, OMA, MEM, MISE, MHB – Session 2025 Cameroun",https://epreuvesetcorriges.com/categories/cameroun/examens/probatoire/39740-epreuve-de-mathematiques-probatoire-series-f1-gt-oma-mem-mise-mhb-session-2025-cameroun,https://epreuvesetcorriges.com/categories/cameroun/examens/probatoire/39740-epreuve-de-mathematiques-probatoire-series-f1-gt-oma-mem-mise-mhb-session-2025-cameroun/download,epreuvesetcorriges
Probatoire,2025,"Épreuve Théorique d’Informatique – Probatoire Séries C, D, E – Session 2025 Cameroun",https://epreuvesetcorriges.com/categories/cameroun/examens/probatoire/39741-epreuve-theorique-d-informatique-probatoire-series-c-d-e-session-2025-cameroun,https://epreuvesetcorriges.com/categories/cameroun/examens/probatoire/39741-epreuve-theorique-d-informatique-probatoire-series-c-d-e-session-2025-cameroun/download,epreuvesetcorriges
Probatoire,2025,"Épreuve de Mathématiques – Probatoire Séries F2, 3, 4, 5, AMEB, MAGE, TGF, IB, TMG – Session 2025",https://epreuvesetcorriges.com/categories/cameroun/examens/probatoire/39742-epreuve-de-mathematiques-probatoire-series-f2-3-4-5-ameb-mage-tgf-ib-tmg-session-2025,https://epreuvesetcorriges.com/categories/cameroun/examens/probatoire/39742-epreuve-de-mathematiques-probatoire-series-f2-3-4-5-ameb-mage-tgf-ib-tmg-session-2025/download,epreuvesetcorriges
Probatoire,2025,"Épreuve de Mathématiques – Probatoire Séries F6, F7, F8 – Session 2025 Cameroun",https://epreuvesetcorriges.com/categories/cameroun/examens/probatoire/39743-epreuve-de-mathematiques-probatoire-series-f6-f7-f8-session-2025-cameroun,https://epreuvesetcorriges.com/categories/cameroun/examens/probatoire/39743-epreuve-de-mathematiques-probatoire-series-f6-f7-f8-session-2025-cameroun/download,epreuvesetcorriges
Probatoire,2025,Épreuve de Mathématiques – Probatoire Spécialité IH – Session 2025 Cameroun,https://epreuvesetcorriges.com/categories/cameroun/examens/probatoire/39744-epreuve-de-mathematiques-probatoire-specialite-ih-session-2025-cameroun,https://epreuvesetcorriges.com/categories/cameroun/examens/probatoire/39744-epreuve-de-mathematiques-probatoire-specialite-ih-session-2025-cameroun/download,epreuvesetcorriges
Probatoire,2025,"Épreuve de Philosophie – Probatoire Séries C, D, E, TI – Session 2025 Cameroun",https://epreuvesetcorriges.com/categories/cameroun/examens/probatoire/39745-epreuve-de-philosophie-probatoire-series-c-d-e-ti-session-2025-cameroun,https://epreuvesetcorriges.com/categories/cameroun/examens/probatoire/39745-epreuve-de-philosophie-probatoire-series-c-d-e-ti-session-2025-cameroun/download,epreuvesetcorriges
Probatoire,2025,"Épreuve de Physique – Probatoire Séries D, TI – Session 2025 Cameroun",https://epreuvesetcorriges.com/categories/cameroun/examens/probatoire/39746-epreuve-de-physique-probatoire-series-d-ti-session-2025-cameroun,https://epreuvesetcorriges.com/categories/cameroun/examens/probatoire/39746-epreuve-de-physique-probatoire-series-d-ti-session-2025-cameroun/download,epreuvesetcorriges
Probatoire,2025,"Épreuve d’Histoire – Probatoire Séries C, D, TI – Session 2025 Cameroun",https://epreuvesetcorriges.com/categories/cameroun/examens/probatoire/39747-epreuve-d-histoire-probatoire-series-c-d-ti-session-2025-cameroun,https://epreuvesetcorriges.com/categories/cameroun/examens/probatoire/39747-epreuve-d-histoire-probatoire-series-c-d-ti-session-2025-cameroun/download,epreuvesetcorriges
Probatoire,2025,Épreuve de SVTEEHB – Probatoire Série D – Session 2025 Cameroun,https://epreuvesetcorriges.com/categories/cameroun/examens/probatoire/39748-epreuve-de-svteehb-probatoire-serie-d-session-2025-cameroun,https://epreuvesetcorriges.com/categories/cameroun/examens/probatoire/39748-epreuve-de-svteehb-probatoire-serie-d-session-2025-cameroun/download,epreuvesetcorriges
Probatoire,2025,Épreuve d’Espagnol + Corrigé – Probatoire 2025 – Série A4-A BI – Cameroun,https://epreuvesetcorriges.com/categories/cameroun/examens/probatoire/39818-epreuve-d-espagnol-corrige-probatoire-2025-serie-a4-a-bi-cameroun,https://epreuvesetcorriges.com/categories/cameroun/examens/probatoire/39818-epreuve-d-espagnol-corrige-probatoire-2025-serie-a4-a-bi-cameroun/download,epreuvesetcorriges
Probatoire,2025,"Épreuve Théorique d’EPS – Probatoire 2025 – Séries A, C, D, E, TI, SH – Cameroun",https://epreuvesetcorriges.com/categories/cameroun/examens/probatoire/39821-epreuve-theorique-d-eps-probatoire-2025-series-a-c-d-e-ti-sh-cameroun,https://epreuvesetcorriges.com/categories/cameroun/examens/probatoire/39821-epreuve-theorique-d-eps-probatoire-2025-series-a-c-d-e-ti-sh-cameroun/download,epreuvesetcorriges
Probatoire,2025,"Épreuve de Mathématiques – Probatoire 2025 – Séries C, E – Cameroun",https://epreuvesetcorriges.com/categories/cameroun/examens/probatoire/39822-epreuve-de-mathematiques-probatoire-2025-series-c-e-cameroun,https://epreuvesetcorriges.com/categories/cameroun/examens/probatoire/39822-epreuve-de-mathematiques-probatoire-2025-series-c-e-cameroun/download,epreuvesetcorriges
Probatoire,2025,Épreuve d’Espagnol – Probatoire 2025 – Série A4-A BI – Cameroun,https://epreuvesetcorriges.com/categories/cameroun/examens/probatoire/39823-epreuve-d-espagnol-probatoire-2025-serie-a4-a-bi-cameroun,https://epreuvesetcorriges.com/categories/cameroun/examens/probatoire/39823-epreuve-d-espagnol-probatoire-2025-serie-a4-a-bi-cameroun/download,epreuvesetcorriges
Probatoire,2026,"CGAO – Probatoire Blanc Nº1 2026 (Épreuve pratique  création de société, plan comptable OHADA, journaux et saisie des écritures) pour la classe de Première CG",https://epreuvesetcorriges.com/categories/cameroun/examens/probatoire/41152-cgao-probatoire-blanc-n-1-2026-epreuve-pratique-creation-de-societe-plan-comptable-ohada-journaux-et-saisie-des-ecritures-pour-la-classe-de-premiere-cg,https://epreuvesetcorriges.com/categories/cameroun/examens/probatoire/41152-cgao-probatoire-blanc-n-1-2026-epreuve-pratique-creation-de-societe-plan-comptable-ohada-journaux-et-saisie-des-ecritures-pour-la-classe-de-premiere-cg/download,epreuvesetcorriges
Probatoire,2026,"Informatique Théorique – Probatoire Blanc Nº1 2026 (Environnement numérique, sécurité, bases de données et algorithmique) pour les classes de Première C & D",https://epreuvesetcorriges.com/categories/cameroun/examens/probatoire/41153-informatique-theorique-probatoire-blanc-n-1-2026-environnement-numerique-securite-bases-de-donnees-et-algorithmique-pour-les-classes-de-premiere-c-d,https://epreuvesetcorriges.com/categories/cameroun/examens/probatoire/41153-informatique-theorique-probatoire-blanc-n-1-2026-environnement-numerique-securite-bases-de-donnees-et-algorithmique-pour-les-classes-de-premiere-c-d/download,epreuvesetcorriges
Probatoire,2026,"Mathématiques – Probatoire Blanc Nº1 2026 (Évaluation  Fonctions, géométrie, trigonométrie et applications pratiques) pour la classe de Première C – Collège Adonaï – Décembre 2025",https://epreuvesetcorriges.com/categories/cameroun/examens/probatoire/41154-mathematiques-probatoire-blanc-n-1-2026-evaluation-fonctions-geometrie-trigonometrie-et-applications-pratiques-pour-la-classe-de-premiere-c-college-adonai-decembre-2025,https://epreuvesetcorriges.com/categories/cameroun/examens/probatoire/41154-mathematiques-probatoire-blanc-n-1-2026-evaluation-fonctions-geometrie-trigonometrie-et-applications-pratiques-pour-la-classe-de-premiere-c-college-adonai-decembre-2025/download,epreuvesetcorriges
Probatoire,2026,"Mathématiques – Probatoire Blanc Nº1 2026 (Évaluation  Géométrie, probabilités, polynômes, trigonométrie et applications pratiques) pour la classe de Première D – Collège Adonaï – Décembre 2025",https://epreuvesetcorriges.com/categories/cameroun/examens/probatoire/41155-mathematiques-probatoire-blanc-n-1-2026-evaluation-geometrie-probabilites-polynomes-trigonometrie-et-applications-pratiques-pour-la-classe-de-premiere-d-college-adonai-decembre-2025,https://epreuvesetcorriges.com/categories/cameroun/examens/probatoire/41155-mathematiques-probatoire-blanc-n-1-2026-evaluation-geometrie-probabilites-polynomes-trigonometrie-et-applications-pratiques-pour-la-classe-de-premiere-d-college-adonai-decembre-2025/download,epreuvesetcorriges
Probatoire,2026,Sciences et Corrigé Harmonisé – Probatoire Blanc Régional N°1 – Série Littéraire – Session Février 2026 – Délégation Régionale du Sud,https://epreuvesetcorriges.com/categories/cameroun/examens/probatoire/41924-sciences-et-corrige-harmonise-probatoire-blanc-regional-n-1-serie-litteraire-session-fevrier-2026-delegation-regionale-du-sud,https://epreuvesetcorriges.com/categories/cameroun/examens/probatoire/41924-sciences-et-corrige-harmonise-probatoire-blanc-regional-n-1-serie-litteraire-session-fevrier-2026-delegation-regionale-du-sud/download,epreuvesetcorriges
Probatoire,2026,SVTEEHB Théorique et Corrigé Harmonisé – Probatoire Blanc Régional N°1 – Série D – Session Février 2026 – Délégation Régionale du Sud,https://epreuvesetcorriges.com/categories/cameroun/examens/probatoire/41925-svteehb-theorique-et-corrige-harmonise-probatoire-blanc-regional-n-1-serie-d-session-fevrier-2026-delegation-regionale-du-sud,https://epreuvesetcorriges.com/categories/cameroun/examens/probatoire/41925-svteehb-theorique-et-corrige-harmonise-probatoire-blanc-regional-n-1-serie-d-session-fevrier-2026-delegation-regionale-du-sud/download,epreuvesetcorriges
Probatoire,2026,Mathématiques – Épreuve harmonisée régionale Probatoire Blanc Nº1 – Série IH-ESF – Février 2026 – Région de l’Adamaoua,https://epreuvesetcorriges.com/categories/cameroun/examens/probatoire/41942-mathematiques-epreuve-harmonisee-regionale-probatoire-blanc-n-1-serie-ih-esf-fevrier-2026-region-de-l-adamaoua,https://epreuvesetcorriges.com/categories/cameroun/examens/probatoire/41942-mathematiques-epreuve-harmonisee-regionale-probatoire-blanc-n-1-serie-ih-esf-fevrier-2026-region-de-l-adamaoua/download,epreuvesetcorriges
Probatoire,2026,"Mathématiques – Épreuve harmonisée régionale Probatoire Blanc Nº1 – Séries F1, F2, F3 – Février 2026 – Région de l’Adamaoua",https://epreuvesetcorriges.com/categories/cameroun/examens/probatoire/41943-mathematiques-epreuve-harmonisee-regionale-probatoire-blanc-n-1-series-f1-f2-f3-fevrier-2026-region-de-l-adamaoua,https://epreuvesetcorriges.com/categories/cameroun/examens/probatoire/41943-mathematiques-epreuve-harmonisee-regionale-probatoire-blanc-n-1-series-f1-f2-f3-fevrier-2026-region-de-l-adamaoua/download,epreuvesetcorriges
Probatoire,2026,"Mathématiques – Épreuve harmonisée régionale Probatoire Blanc Nº1 – Séries F4, BA – Février 2026 – Région de l’Adamaoua",https://epreuvesetcorriges.com/categories/cameroun/examens/probatoire/41944-mathematiques-epreuve-harmonisee-regionale-probatoire-blanc-n-1-series-f4-ba-fevrier-2026-region-de-l-adamaoua,https://epreuvesetcorriges.com/categories/cameroun/examens/probatoire/41944-mathematiques-epreuve-harmonisee-regionale-probatoire-blanc-n-1-series-f4-ba-fevrier-2026-region-de-l-adamaoua/download,epreuvesetcorriges
Probatoire,2026,Mathématiques – Épreuve zéro régionale – Probatoire Série A4 – Février 2026 – Région du Nord | Sujet d’entraînement,https://epreuvesetcorriges.com/categories/cameroun/examens/probatoire/41971-mathematiques-epreuve-zero-regionale-probatoire-serie-a4-fevrier-2026-region-du-nord-sujet-d-entrainement,https://epreuvesetcorriges.com/categories/cameroun/examens/probatoire/41971-mathematiques-epreuve-zero-regionale-probatoire-serie-a4-fevrier-2026-region-du-nord-sujet-d-entrainement/download,epreuvesetcorriges
Probatoire,2026,Mathématiques – Épreuve zéro régionale – Probatoire Série C – Février 2026 – Région du Nord | Sujet d’entraînement,https://epreuvesetcorriges.com/categories/cameroun/examens/probatoire/41972-mathematiques-epreuve-zero-regionale-probatoire-serie-c-fevrier-2026-region-du-nord-sujet-d-entrainement,https://epreuvesetcorriges.com/categories/cameroun/examens/probatoire/41972-mathematiques-epreuve-zero-regionale-probatoire-serie-c-fevrier-2026-region-du-nord-sujet-d-entrainement/download,epreuvesetcorriges
Probatoire,2026,Mathématiques – Épreuve zéro régionale – Probatoire Série CE – Séquence 4 – Février 2026 – Région de l’Ouest | Sujet d’entraînement,https://epreuvesetcorriges.com/categories/cameroun/examens/probatoire/41973-mathematiques-epreuve-zero-regionale-probatoire-serie-ce-sequence-4-fevrier-2026-region-de-l-ouest-sujet-d-entrainement,https://epreuvesetcorriges.com/categories/cameroun/examens/probatoire/41973-mathematiques-epreuve-zero-regionale-probatoire-serie-ce-sequence-4-fevrier-2026-region-de-l-ouest-sujet-d-entrainement/download,epreuvesetcorriges
Probatoire,2026,Mathématiques – Épreuve zéro régionale – Probatoire Série D – Février 2026 – Région du Nord | Sujet d’entraînement,https://epreuvesetcorriges.com/categories/cameroun/examens/probatoire/41974-mathematiques-epreuve-zero-regionale-probatoire-serie-d-fevrier-2026-region-du-nord-sujet-d-entrainement,https://epreuvesetcorriges.com/categories/cameroun/examens/probatoire/41974-mathematiques-epreuve-zero-regionale-probatoire-serie-d-fevrier-2026-region-du-nord-sujet-d-entrainement/download,epreuvesetcorriges
Probatoire,2026,Mathématiques – Épreuve zéro régionale – Probatoire Série ESF – Séquence 4 – Février 2026 – Région de l’Ouest | Sujet d’entraînement,https://epreuvesetcorriges.com/categories/cameroun/examens/probatoire/41975-mathematiques-epreuve-zero-regionale-probatoire-serie-esf-sequence-4-fevrier-2026-region-de-l-ouest-sujet-d-entrainement,https://epreuvesetcorriges.com/categories/cameroun/examens/probatoire/41975-mathematiques-epreuve-zero-regionale-probatoire-serie-esf-sequence-4-fevrier-2026-region-de-l-ouest-sujet-d-entrainement/download,epreuvesetcorriges
Probatoire,2026,Mathématiques – Épreuve zéro régionale – Probatoire Spécialité F6-F7-F8 – Février 2026 – Région de l’Ouest | Sujet d’entraînement,https://epreuvesetcorriges.com/categories/cameroun/examens/probatoire/41976-mathematiques-epreuve-zero-regionale-probatoire-specialite-f6-f7-f8-fevrier-2026-region-de-l-ouest-sujet-d-entrainement,https://epreuvesetcorriges.com/categories/cameroun/examens/probatoire/41976-mathematiques-epreuve-zero-regionale-probatoire-specialite-f6-f7-f8-fevrier-2026-region-de-l-ouest-sujet-d-entrainement/download,epreuvesetcorriges
Probatoire,2026,Probatoire Blanc Francais 2026 - Série ACA ACC CG - Session 2026 (PDF),https://epreuvesetcorriges.com/categories/cameroun/examens/probatoire/42705-probatoire-blanc-francais-2026-serie-aca-acc-cg-session-2026-pdf,https://epreuvesetcorriges.com/categories/cameroun/examens/probatoire/42705-probatoire-blanc-francais-2026-serie-aca-acc-cg-session-2026-pdf/download,epreuvesetcorriges
Probatoire,2026,Probatoire Blanc Francais 2026 - Série F - Session 2026 (PDF),https://epreuvesetcorriges.com/categories/cameroun/examens/probatoire/42706-probatoire-blanc-francais-2026-serie-f-session-2026-pdf,https://epreuvesetcorriges.com/categories/cameroun/examens/probatoire/42706-probatoire-blanc-francais-2026-serie-f-session-2026-pdf/download,epreuvesetcorriges
Probatoire,2026,Probatoire Blanc Mathématiques 2026 - Série IH & ESF - Région de l'Adamaoua (PDF),https://epreuvesetcorriges.com/categories/cameroun/examens/probatoire/42707-probatoire-blanc-mathematiques-2026-serie-ih-esf-region-de-l-adamaoua-pdf,https://epreuvesetcorriges.com/categories/cameroun/examens/probatoire/42707-probatoire-blanc-mathematiques-2026-serie-ih-esf-region-de-l-adamaoua-pdf/download,epreuvesetcorriges
Probatoire,2026,Corrigé Harmonisé National Probatoire 2026 – Informatique Théorique Séries A-ABI-SH-AC – Cameroun (PDF),https://epreuvesetcorriges.com/categories/cameroun/examens/probatoire/43084-corrige-harmonise-national-probatoire-2026-informatique-theorique-series-a-abi-sh-ac-cameroun-pdf,https://epreuvesetcorriges.com/categories/cameroun/examens/probatoire/43084-corrige-harmonise-national-probatoire-2026-informatique-theorique-series-a-abi-sh-ac-cameroun-pdf/download,epreuvesetcorriges
Probatoire,2026,Corrigé Harmonisé National Probatoire 2026 – Informatique Théorique Séries C-D-E – Cameroun (PDF),https://epreuvesetcorriges.com/categories/cameroun/examens/probatoire/43085-corrige-harmonise-national-probatoire-2026-informatique-theorique-series-c-d-e-cameroun-pdf,https://epreuvesetcorriges.com/categories/cameroun/examens/probatoire/43085-corrige-harmonise-national-probatoire-2026-informatique-theorique-series-c-d-e-cameroun-pdf/download,epreuvesetcorriges
Probatoire,2026,Corrigé Harmonisé National Probatoire 2026 – Sciences Séries A1-A2-A3-A4-A5 – Cameroun (PDF),https://epreuvesetcorriges.com/categories/cameroun/examens/probatoire/43086-corrige-harmonise-national-probatoire-2026-sciences-series-a1-a2-a3-a4-a5-cameroun-pdf,https://epreuvesetcorriges.com/categories/cameroun/examens/probatoire/43086-corrige-harmonise-national-probatoire-2026-sciences-series-a1-a2-a3-a4-a5-cameroun-pdf/download,epreuvesetcorriges
Probatoire,2026,Corrigé Harmonisé National Probatoire 2026 – Mathématiques Séries C-E – Cameroun (PDF),https://epreuvesetcorriges.com/categories/cameroun/examens/probatoire/43087-corrige-harmonise-national-probatoire-2026-mathematiques-series-c-e-cameroun-pdf,https://epreuvesetcorriges.com/categories/cameroun/examens/probatoire/43087-corrige-harmonise-national-probatoire-2026-mathematiques-series-c-e-cameroun-pdf/download,epreuvesetcorriges
Probatoire,2026,Corrigé Harmonisé National Probatoire 2026 – Mathématiques Séries D-TI – Cameroun (PDF),https://epreuvesetcorriges.com/categories/cameroun/examens/probatoire/43088-corrige-harmonise-national-probatoire-2026-mathematiques-series-d-ti-cameroun-pdf,https://epreuvesetcorriges.com/categories/cameroun/examens/probatoire/43088-corrige-harmonise-national-probatoire-2026-mathematiques-series-d-ti-cameroun-pdf/download,epreuvesetcorriges
Probatoire,2026,Corrigé Harmonisé National Probatoire 2026 – SVTEEHB Série D – Cameroun (PDF),https://epreuvesetcorriges.com/categories/cameroun/examens/probatoire/43089-corrige-harmonise-national-probatoire-2026-svteehb-serie-d-cameroun-pdf,https://epreuvesetcorriges.com/categories/cameroun/examens/probatoire/43089-corrige-harmonise-national-probatoire-2026-svteehb-serie-d-cameroun-pdf/download,epreuvesetcorriges
