matiere,annee,titre,lien_pdf,lien_page
Mathematiques,2022,MATHEMATIQUES-TRAVAUX DIRIGÉS N°1-TLe CE-2021/2022-Cours de Répétition La Réussite Plus,https://sujetexa.com/wp-content/uploads/2023/09/4_5924989831024217624.pdf,https://sujetexa.com/index.php/2023/09/18/mathematiques-travaux-diriges-n1-tle-ce-2021-2022-cours-de-repetition-la-reussite-plus/
Mathematiques,2022,MATHEMATIQUES-e-Learning mathématiques-TLeC-2021/2022,https://sujetexa.com/wp-content/uploads/2023/04/sortieZ6.pdf,https://sujetexa.com/index.php/2023/04/06/mathematiques-e-learning-mathematiques-tlec-2021-2022/
Mathematiques,2022,MATHEMATIQUES-COLLEGE POLYVALENT LA PERLE PLUS-TLeC-2021/2022-Examinateur : RAYE Yusuf,https://sujetexa.com/wp-content/uploads/2023/04/sortieZ5.pdf,https://sujetexa.com/index.php/2023/04/06/mathematiques-college-polyvalent-la-perle-plus-tlec-2021-2022-examinateur-raye-yusuf/
Mathematiques,2022,MATHEMATIQUES-ECOLE DE MATHEMATIQUES SAR SM PONGO EDEA-TLeC-OCT 2022-Proposée par : Olivier TIAGHO,https://sujetexa.com/wp-content/uploads/2023/04/sortieX.pdf,https://sujetexa.com/index.php/2023/04/06/mathematiques-ecole-de-mathematiques-sar-sm-pongo-edea-tlec-oct-2022-proposee-par-olivier-tiagho/
Mathematiques,2022,MATHEMATIQUES-LYCÉE DE GUIDER-SEQ1-TLeC-2021/2022-Examinateur : M. NGANSOB NONO Yves. B (PLEG Maths),https://sujetexa.com/wp-content/uploads/2023/04/sortieN4.pdf,https://sujetexa.com/index.php/2023/04/06/mathematiques-lycee-de-guider-seq1-tlec-2021-2022-examinateur-m-ngansob-nono-yves-b-pleg-maths/
Mathematiques,2022,MATHEMATIQUES-COLLÈGE INSTITUT FOTSO-SEQ5-TLeC-AVRIL 2022,https://sujetexa.com/wp-content/uploads/2023/04/sortieN2.pdf,https://sujetexa.com/index.php/2023/04/06/mathematiques-college-institut-fotso-seq5-tlec-avril-2022/
Mathematiques,2022,MATHEMATIQUES-COLLÈGE F­X. VOGT-TleC-CONTROLE-Octobre 2022,https://sujetexa.com/wp-content/uploads/2023/04/sortieJ.pdf,https://sujetexa.com/index.php/2023/04/05/mathematiques-college-fx-vogt-tlec-controle-octobre-2022/
Mathematiques,2022,MATHEMATIQUES-COMPLEXE SCOLAIRE LA VISION-TleC-Séquence N° 2-Novembre 2022,https://sujetexa.com/wp-content/uploads/2023/04/sortieH.pdf,https://sujetexa.com/index.php/2023/04/05/mathematiques-complexe-scolaire-la-vision-tlec-sequence-n-2-novembre-2022/
Mathematiques,2022,MATHEMATIQUES-COLLÈGE F­X. VOGT  -TleC-Situation Scolaire N°2-Novembre 2022,https://sujetexa.com/wp-content/uploads/2023/04/sortieG.pdf,https://sujetexa.com/index.php/2023/04/05/mathematiques-college-fx-vogt-tlec-situation-scolaire-n2-novembre-2022/
Mathematiques,2022,MATHEMATIQUES-GROUPE «LES COMPETENTS»-TleC-DECEMBRE 2022-Proposé par : Serge TCHIO,https://sujetexa.com/wp-content/uploads/2023/04/sortieE7.pdf,https://sujetexa.com/index.php/2023/04/05/mathematiques-groupe-les-competents-tlec-decembre-2022-propose-par-serge-tchio/
Mathematiques,2022,MATHEMATIQUES-LYCEE BILINGUE DE TOUGANG II-SEQ2-TleC-NOVEMBRE 2022-Proposé par : TSOMENE Barthelemy,https://sujetexa.com/wp-content/uploads/2023/04/sortieE6.pdf,https://sujetexa.com/index.php/2023/04/05/mathematiques-lycee-bilingue-de-tougang-ii-seq2-tlec-novembre-2022-propose-par-tsomene-barthelemy/
Mathematiques,2022,MATHEMATIQUES-CHAMPS DES LYS-MINI SESSION-TleC-NOVEMBRE 2022-Examinateur: OUAFEU PAULIN,https://sujetexa.com/wp-content/uploads/2023/04/sortieE5.pdf,https://sujetexa.com/index.php/2023/04/05/mathematiques-champs-des-lys-mini-session-tlec-novembre-2022-examinateur-ouafeu-paulin/
Mathematiques,2022,MATHEMATIQUES-Lycée de Garoua Djamboutou-SEQ1-TleC-2021/2022-Examinateur: M Ferdinand MAKAINI/ PLEG Maths,https://sujetexa.com/wp-content/uploads/2023/04/sortieE4.pdf,https://sujetexa.com/index.php/2023/04/05/mathematiques-lycee-de-garoua-djamboutou-seq1-tlec-2021-2022-examinateur-m-ferdinand-makaini-pleg-maths/
Mathematiques,2022,MATHEMATIQUES-LYCEE DE NKOLMESSENG-TLeC-SEQ1-OCTOBRE 2022,https://sujetexa.com/wp-content/uploads/2023/03/no11_19_mars_2023_sujetexa.com_.pdf,https://sujetexa.com/index.php/2023/03/19/mathematiques-lycee-de-nkolmesseng-tlec-seq1-octobre-2022/
Mathematiques,2022,MATHEMATIQUES-LYCEE BILINGUE DE MBALNGONG-SEQ1-OCTOBRE 2022-TLeC,https://sujetexa.com/wp-content/uploads/2023/03/no1_19_mars_2023_sujetexa.com_.pdf,https://sujetexa.com/index.php/2023/03/19/mathematiques-lycee-bilingue-de-mbalngong-seq1-octobre-2022-tlec/
Mathematiques,2022,MATHEMATIQUES-COLLEGE PERE MONTI-TLeC-TRIMESTRE 3-AVRIL 2022,https://sujetexa.com/wp-content/uploads/2023/03/no12_TACD_01_mars_2023_sujetexa.com_.pdf,https://sujetexa.com/index.php/2023/03/01/mathematiques-college-pere-monti-tlec-trimestre-3-avril-2022/
Mathematiques,2022,MATHEMATIQUES-TRAVAUX DIRIGÉS N°6-TLeC-décembre 2022-Nzouekeu Patrice (Ing-Pleg),https://sujetexa.com/wp-content/uploads/2023/02/FICHE-DE-TRAVAUX-DIRIGES-TLE-C-2-1.pdf,https://sujetexa.com/index.php/2023/02/26/mathematiques-travaux-diriges-n6-tlec-decembre-2022-nzouekeu-patrice-ing-pleg-2/
Mathematiques,2022,MATHEMATIQUES-TRAVAUX DIRIGÉS N°6-TLeC-décembre 2022-Nzouekeu Patrice (Ing-Pleg),https://sujetexa.com/wp-content/uploads/2023/02/FICHE-DE-TRAVAUX-DIRIGES-TLE-C-2.pdf,https://sujetexa.com/index.php/2023/02/26/mathematiques-travaux-diriges-n6-tlec-decembre-2022-nzouekeu-patrice-ing-pleg/
Mathematiques,2022,MATHEMATIQUES-Mini Travaux Dirigés-Boris.I-niveau Tle C-Année scolaire : 2022-2023-Novembre 2022-Proposé par: MANI,https://sujetexa.com/wp-content/uploads/2022/11/4_6028105506105592956.pdf,https://sujetexa.com/index.php/2022/11/17/mathematiques-mini-travaux-diriges-boris-i-iveau-tle-c-annee-scolaire-2022-2023-novembre-2022-propose-par-mani/
Mathematiques,2022,"MATHEMATIQUES-COLLEGE BILINGUE PRIVE MONTESQUIEU-TERMINALE C,D-SEQUENCE N°2-ANNEE SCOLAIRE 2021-2022",https://sujetexa.com/wp-content/uploads/2022/10/no22_29_oct_2022_sujetexa.com_.pdf,https://sujetexa.com/index.php/2022/10/29/mathematiques-college-bilingue-prive-montesquieu-terminale-cd-sequence-n2-annee-scolaire-2021-2022/
Mathematiques,2022,"MATHEMATIQUES-Feuille de Travaux Dirigés N°2-GROUPE « AGIR COMPETENT »-TERMINALE C,D,TI-Mercredi 28 septembre 2022-Année scolaire 2022-2023-Prof : TNAM@AC2022",https://sujetexa.com/wp-content/uploads/2022/10/TD-N°2-oblAGIR-COMPETENT-TCDTI-2022-2023.pdf,https://sujetexa.com/index.php/2022/10/05/mathematiques-feuille-de-travaux-diriges-n2-groupe-agir-competent-terminale-cdti-mercredi-28-septembre-2022-annee-scolaire-2022-2023-prof-tnamac2022/
Mathematiques,2022,MATHEMATIQUES-Feuille de Travaux Dirigés N°1-GROUPE « AGIR COMPETENT »-TERMINALE C-Samedi 24 septembre 2022-Année scolaire 2022-2023-Prof : TNAM@AC2022,https://sujetexa.com/wp-content/uploads/2022/10/TD-N°1-spé-MATHS-AGIR-COMPETENT-Tle-C2022-2023.pdf,https://sujetexa.com/index.php/2022/10/05/mathematiques-feuille-de-travaux-diriges-n1-groupe-agir-competent-terminale-c-samedi-24-septembre-2022-annee-scolaire-2022-2023-prof-tnamac2022/
Mathematiques,2022,"MATHEMATIQUES-Feuille de Travaux Dirigés N°1-GROUPE « AGIR COMPETENT »-TERMINALE C,D,TI-Samedi 24 septembre 2022-Année scolaire 2022-2023-Prof : TNAM@AC2022",https://sujetexa.com/wp-content/uploads/2022/10/TD-N°1-AGIR-COMPETENT-Tle-CDTI-2022-2023.pdf,https://sujetexa.com/index.php/2022/10/05/mathematiques-feuille-de-travaux-diriges-n1-groupe-agir-competent-terminale-cdti-samedi-24-septembre-2022-annee-scolaire-2022-2023-prof-tnamac2022/
Mathematiques,2022,TRAVAUX DIRIGES DE MATHEMATIQUES-TERMINALE C-FICHE N°1-SEPTEMBRE 2022-Rédigé Par : DOMTCHUENG HERMANN PATRICK,https://sujetexa.com/wp-content/uploads/2022/10/TD-TC-mathematiques-SEPTEMBRE-N°1.pdf,https://sujetexa.com/index.php/2022/10/01/travaux-diriges-de-mathematiques-terminale-c-fiche-n1-septembre-2022-redige-par-domtchueng-hermann-patrick/
Mathematiques,2022,MATHEMATIQUE-COLLÈGE VOGT- CONTROLE-15 JANVIER 2022-TERMINALE C-ANNÉE SCOLAIRE 2021-2022,https://sujetexa.com/wp-content/uploads/2022/09/no19_14_sept_2022_sujetexa.com_.pdf,https://sujetexa.com/index.php/2022/09/15/mathematique-college-vogt-controle-15-janvier-2022-terminale-c-annee-scolaire-2021-2022/
Mathematiques,2022,MATHEMATIQUE-COLLÈGE VOGT-SESSION INTENSIVE-02 NOVEMBRE 2021-TERMINALE C-ANNÉE SCOLAIRE 2021-2022,https://sujetexa.com/wp-content/uploads/2022/09/no11_14_sept_2022_sujetexa.com_.pdf,https://sujetexa.com/index.php/2022/09/15/mathematique-college-vogt-session-intensive-02-novembre-2021-terminale-c-annee-scolaire-2021-2022/
Mathematiques,2022,MATHEMATIQUE-COLLÈGE VOGT-CONTROLE-17 DECEMBRE 2021-TERMINALE C-ANNÉE SCOLAIRE 2021-2022,https://sujetexa.com/wp-content/uploads/2022/09/no10_14_sept_2022_sujetexa.com_.pdf,https://sujetexa.com/index.php/2022/09/15/mathematique-college-vogt-controle-17-decembre-2021-terminale-c-annee-scolaire-2021-2022/
Mathematiques,2022,MATHEMATIQUES-COLLÈGE VOGT-CONTROLE-TERMINALE C-25 SEPTEMBRE 2021-ANNÉE SCOLAIRE 2021-2022,https://sujetexa.com/wp-content/uploads/2022/09/no2_14_sept_2022_sujetexa.com_.pdf,https://sujetexa.com/index.php/2022/09/15/mathematiques-college-vogt-controle-terminale-c-25-septembre-2021-annee-scolaire-2021-2022/
Mathematiques,2022,MATHEMATIQUES-COLLÈGE VOGT-CONTROLE-TERMINALE C-09 OCTOBRE 2021-ANNÉE SCOLAIRE 2021-2022,https://sujetexa.com/wp-content/uploads/2022/09/no1_14_sept_2022_sujetexa.com_.pdf,https://sujetexa.com/index.php/2022/09/15/mathematiques-college-vogt-controle-terminale-c-09-octobre-2021-annee-scolaire-2021-2022/
Mathematiques,2022,MATHEMATIQUES-TOUMPE INTELLECTUAL GROUPS-Classes : Terminales C.E-EXAMEN DE FIN DE COURS DE VACANCES EDITION 2022-Session : Août 2022,https://sujetexa.com/wp-content/uploads/2022/08/TIGps_MATHS_TC_Vac2022.pdf,https://sujetexa.com/index.php/2022/08/29/mathematiques-toumpe-intellectual-groups-classes-terminales-c-e-examen-de-fin-de-cours-de-vacances-edition-2022-session-aout-2022/
Mathematiques,2022,MATHEMATIQUES-COLLEGE PRIVE LAÏC MONGO BETI-SEQUENCE N°6-TERMINALE C-ANNEE SCOLAIRE 2021-2022-PROFESSEUR : M. MAKON,https://sujetexa.com/wp-content/uploads/2022/05/no29_06_mai_2022_sujetexa.com_.pdf,https://sujetexa.com/index.php/2022/05/06/mathematiques-college-prive-laic-mongo-beti-sequence-n6-terminale-c-annee-scolaire-2021-2022-professeur-m-makon/
Mathematiques,2022,FEUILLE DE TRAVAUX DIRIGES : CALCUL INTEGRAL-COURS DE SOUTIEN DE L’EXCELLENCE-Date : 4 Février 2022-Terminale C-Prof : Olivier TIAGHO,https://sujetexa.com/wp-content/uploads/2022/04/4_5965079201793968779-1.pdf,https://sujetexa.com/index.php/2022/04/17/feuille-de-travaux-diriges-calcul-integral-cours-de-soutien-de-lexcellence-date-4-fevrier-2022-terminale-c-prof-olivier-tiagho/
Mathematiques,2022,"MATHEMATIQUES-INSTITUT POLYVALENT BILINGUE LES PINTADES-Année scolaire : 2021-2022-Classe : Tle D/C/Ti-Examinateurs : MM, PEMHA, DONTSA, GEUFO, et CHACHOUANG",https://sujetexa.com/wp-content/uploads/2022/04/4_5965079201793968773.pdf,https://sujetexa.com/index.php/2022/04/17/mathematiques-institut-polyvalent-bilingue-les-pintades-annee-scolaire-2021-2022-classe-tle-d-c-ti-examinateurs-mm-pemha-dontsa-geufo-et-chachouang/
Mathematiques,2022,MATHEMATIQUES-COLLEGE LA FRATERNITE-Classe : Tle C-Evaluation (Mars 2022)-EXAMINATEUR : ATEUFACK NZEKO,https://sujetexa.com/wp-content/uploads/2022/04/4_5965079201793968758.pdf,https://sujetexa.com/index.php/2022/04/17/mathematiques-college-la-fraternite-classe-tle-c-evaluation-mars-2022-examinateur-ateufack-nzeko/
Mathematiques,2022,TRAVAUX DIRGES DE MATHEMATIQUES-Année Scolaire: 2021/2022-Classe: Tle C-Proposé par: RAYE Yusuf,https://sujetexa.com/wp-content/uploads/2022/04/4_5965079201793968751.pdf,https://sujetexa.com/index.php/2022/04/17/travaux-dirges-de-mathematiques-annee-scolaire-2021-2022-classe-tle-c-propose-par-raye-yusuf/
Mathematiques,2022,MATHEMATIQUES-COLLEGE PRIVE BILINGUE LAÏC MONGO BETI-SCOLAIRE 2021-2022-SEQUENCE N°5-CLASSE : TC-PROFESSEUR : M. KAMTO,https://sujetexa.com/wp-content/uploads/2022/03/no24_25_mars_2022_sujetexa.com_.pdf,https://sujetexa.com/index.php/2022/03/27/mathematiques-college-prive-bilingue-laic-mongo-beti-scolaire-2021-2022-sequence-n5-classe-tc-professeur-m-kamto/
Mathematiques,2022,MATHEMATIQUES-COLLÈGE PROGRESSIF NGOUNOU-Devoir surveillé N°5-23 Mars 2022-Classe : Tle C,https://sujetexa.com/wp-content/uploads/2022/03/Maths-TleC-DS-N°4-19-Mars-2022.pdf,https://sujetexa.com/index.php/2022/03/25/mathematiques-college-progressif-ngounou-devoir-surveille-n5-23-mars-2022-classe-tle-c/
Mathematiques,2022,MATHS-COLLEGE VOGT-SESSION INTENSIVE-ANNEE SCOLAIRE 2021-2022-CLASSE :TERMINALE C,https://sujetexa.com/wp-content/uploads/2022/03/no3_10_mars_2022_sujetexa.com_.pdf,https://sujetexa.com/index.php/2022/03/10/maths-college-vogt-session-intensive-annee-scolaire-2021-2022-classe-terminale-c/
Mathematiques,2022,LYCEE BILINGUE DE BAMYANGA-ANNÉE SCOLAIRE 2021/2022-TRAVAUX DIRIGÉS N°4 sur LES STATISTIQUES-CLASSE : TLE C-D-TI-Proposés par M. NOUMSSI,https://sujetexa.com/wp-content/uploads/2022/02/no18_26_fev_2022_sujetexa.com_.pdf,https://sujetexa.com/index.php/2022/02/26/lycee-bilingue-de-bamyanga-annee-scolaire-2021-2022-travaux-diriges-n4-sur-les-statistiques-classe-tle-c-d-ti-proposes-par-m-noumssi/
Mathematiques,2022,MATHEMATIQUES-LYCEE BILINGUE DE TOKET II-Evaluation : SEQUENCE 2-CONTROLE CONTINU N°4-Classe : TC-Date : 17 FEVRIER 2022-Proposé par : M. SOB,https://sujetexa.com/wp-content/uploads/2022/02/no14_26_fev_2022_sujetexa.com_.pdf,https://sujetexa.com/index.php/2022/02/26/mathematiques-lycee-bilingue-de-toket-ii-evaluation-sequence-2-controle-continu-n4-classe-tc-date-17-fevrier-2022-propose-par-m-sob/
Mathematiques,2022,mathématiques-Lycée de Bamenkombo-Classe : TC-Séquence didactique N°4-Année scolaire 2021-2022-Examinateur : M. TAGNI,https://sujetexa.com/wp-content/uploads/2022/02/no10_26_fev_2022_sujetexa.com_.pdf,https://sujetexa.com/index.php/2022/02/26/mathematiques-lycee-de-bamenkombo-classe-tc-sequence-didactique-n4-annee-scolaire-2021-2022-examinateur-m-tagni/
Mathematiques,2022,MATHEMATIQUES-COLLÈGE F-X. VOGT-SESSION INTENSIVE-Année scolaire 2021-2022-Date : Jeudi 03 Février 2022-Niveau : Tle C,https://sujetexa.com/wp-content/uploads/2022/02/MINI-SESSION-FINAL-DU-03-02-2022.pdf,https://sujetexa.com/index.php/2022/02/17/mathematiques-college-f-x-vogt-session-intensive-annee-scolaire-2021-2022-date-jeudi-03-fevrier-2022-niveau-tle-c/
Mathematiques,2022,"‘MATHEMATIQUES-Collège MONTESQUIEU-Année Scolaire 2021/2022-Période:2-Classe: Tle C, D-Examinateur: NOLABIA",https://sujetexa.com/wp-content/uploads/2022/02/no54_03_fev_2022_sujetexa.com_-1.pdf,https://sujetexa.com/index.php/2022/02/15/mathematiques-college-montesquieu-annee-scolaire-2021-2022-periode2-classe-tle-c-d-examinateur-nolabia/
Mathematiques,2022,MATHÉMATIQUES-GROUPE DE REPETITION LES PROFS REUINIS-Classe : Tle C-Année scolaire 2021-2022-Examinateur : M. KAMGANG FOMO EINSTEIN,https://sujetexa.com/wp-content/uploads/2022/02/Maths-EVAL-2-Tle-C-.pdf,https://sujetexa.com/index.php/2022/02/10/mathematiques-groupe-de-repetition-les-profs-reuinis-classe-tle-c-annee-scolaire-2021-2022-examinateur-m-kamgang-fomo-einstein/
Mathematiques,2022,MATHEMATIQUES-COLLEGE PRIVE MONGO BETI-SEQUENCE N°4-ANNEE SCOLAIRE 2021-2022-CLASSE:TLE C-PROFESSEUR : M. MAKON,https://sujetexa.com/wp-content/uploads/2022/02/no79_08_fev_2022_sujetexa.com_.pdf,https://sujetexa.com/index.php/2022/02/09/mathematiques-college-prive-mongo-beti-sequence-n4-annee-scolaire-2021-2022-classetle-c-professeur-m-makon/
Mathematiques,2022,TRAVAUX DIRIGÉS N°4 sur LES STATISTIQUES-LYCEE BILINGUE DE BAMYANGA-ANNÉE SCOLAIRE 2021/2022-CLASSE : T C-D-TI-Proposés par M. NOUMSSI,,https://sujetexa.com/index.php/2022/02/07/travaux-diriges-n4-sur-les-statistiques-lycee-bilingue-de-bamyanga-annee-scolaire-2021-2022-classe-t-c-d-ti-proposes-par-m-noumssi/
Mathematiques,2022,"FICHE DE TD_MATHEMATIQUES-LYCEE DE GUIDER- Année scolaire 2021 / 2022-Classe : Tle C, D, TI-Fiche proposée par : NGANSOB NONO Yves (PLEG Maths)",https://sujetexa.com/wp-content/uploads/2022/02/no2_07_fev_2022_sujetexa.com_.pdf,https://sujetexa.com/index.php/2022/02/07/fiche-de-td_mathematiques-lycee-de-guider-annee-scolaire-2021-2022-classe-tle-c-d-ti-fiche-proposee-par-ngansob-nono-yves-pleg-maths/
Mathematiques,2022,"MATHEMATIQUES-Collège MONTESQUIEU-Année Scolaire 2021/2022-Classe: Tle C, D",https://sujetexa.com/wp-content/uploads/2022/02/no54_03_fev_2022_sujetexa.com_.pdf,https://sujetexa.com/index.php/2022/02/05/mathematiques-college-montesquieu-annee-scolaire-2021-2022-classe-tle-c-d/
Mathematiques,2022,MATHÉMATIQUES-COLLEGE VOGT-CONTROLE-17 DECEMBRE 2021-TERMINALE C-ANNEE SCOLAIRE 2021-2022,https://sujetexa.com/wp-content/uploads/2022/01/no3_31_jan_2022_sujetexa.com_.pdf,https://sujetexa.com/index.php/2022/01/31/mathematiques-college-vogt-controle-17-decembre-2021-terminale-c-annee-scolaire-2021-2022/
Mathematiques,2022,"Mathématiques-Lycée Bilingue de Bocklé-Année Scolaire : 2021-2022-Classe : Tle C-M. NGNAZOKE W. Armand, PLEG-Maths",https://sujetexa.com/wp-content/uploads/2022/01/no9_31_jan_2022_sujetexa.com_.pdf,https://sujetexa.com/index.php/2022/01/31/mathematiques-lycee-bilingue-de-bockle-annee-scolaire-2021-2022-classe-tle-c-m-ngnazoke-w-armand-pleg-maths/
Mathematiques,2022,MATHÉMATIQUES-COLLEGE PRIVE DE L’ESPERANCE (COPES)-CLASSE : Tle C-EVALUATION HARMONISEE N°2-Année scolaire 2021-2022,https://sujetexa.com/wp-content/uploads/2022/01/4_5848019881026391239.pdf,https://sujetexa.com/index.php/2022/01/25/mathetiques-college-prive-de-lesperance-copes-classe-tle-c-evaluation-harmonisee-n2-annee-scolaire-2021-2022/
Mathematiques,2022,MATHEMATIQUES-Collège Protestant de Ngaoundéré-Année scolaire 2021-2022- Classe : Terminale C-TEST N°2,https://sujetexa.com/wp-content/uploads/2022/01/no31_23_jan_2022_sujetexa.com_.pdf,https://sujetexa.com/index.php/2022/01/23/mathematiques-college-protestant-de-ngaoundere-annee-scolaire-2021-2022-classe-terminale-c-test-n2/
Mathematiques,2022,MATHEMATIQUES-LYCEE DE GUIDER- Année scolaire 2021-2022- Examen : Evaluation N°1-Classe : TLE C,https://sujetexa.com/wp-content/uploads/2022/01/no34_23_jan_2022_sujetexa.com_.pdf,https://sujetexa.com/index.php/2022/01/23/mathematiques-lycee-de-guider-annee-scolaire-2021-2022-examen-evaluation-n1-classe-tle-c/
Mathematiques,2022,Mathématiques -Lycée Bilingue De Babadjou -Devoir surveillé N°4-Session de: Janvier 2022-Année Scolaire: 2021/2022- Classe: Tle C- Examinateur : M. TCHOFFO JEAN,https://sujetexa.com/wp-content/uploads/2022/01/4_5996894386787454218-1.pdf,https://sujetexa.com/index.php/2022/01/21/mathematiques-lycee-bilingue-de-babadjou-devoir-surveille-n4-session-de-janvier-2022-annee-scolaire-2021-2022-classe-tle-c-examinateur-m-tchoffo-jean/
Mathematiques,2022,MATHEMATIQUES-LE SECRET DE LA REUSSITE-Centre National d’accompagnement à l’Excellence Scolaire au Secondaire-TEST DE CONNAISSANCE DE JANVIER 2022-TERMINALE C-proposée par : M. KAMGANG FOMO EINSTEIN,https://sujetexa.com/wp-content/uploads/2022/01/Test-deMATHS-TLE-C.pdf,https://sujetexa.com/index.php/2022/01/17/mathematiques-le-secret-de-la-reussite-centre-national-daccompagnement-a-lexcellence-scolaire-au-secondaire-test-de-connaissance-de-janvier-2022-terminale-c-examinateur-m-teudem-c/
Mathematiques,2022,TRAVAUX DIRIGES DE MATHEMATIQUE CONGES DE NOEL-LE GRAND CREREX-Classe Tle C-Année scolaire 2021/ 2022-ECOLE DE MATHS FACILES-PAR FOTSO JULES,https://sujetexa.com/wp-content/uploads/2022/01/4_5935944102162991690.pdf,https://sujetexa.com/index.php/2022/01/11/travaux-diriges-de-mathematique-conges-de-noel-le-grand-crerex-classe-tle-c-annee-scolaire-2021-2022-ecole-de-maths-faciles-par-fotso-jules/
Mathematiques,2022,"mathematiques statistiques-Collége Moderne de la Bénoué-Excellence Coorporation: Classe: Tle C/D/TI- -2021/2022-Proposé par: M MAKAINI, /Pleg Maths",https://sujetexa.com/wp-content/uploads/2021/12/excell_corp_maths_TC-TD-TTI_cours3_2021-2022_sujetexa.com_.pdf,https://sujetexa.com/index.php/2021/12/24/mathematiques-statistiques-college-moderne-de-la-benoue-excellence-coorporation-classe-tle-c-d-ti-2021-2022-propose-par-m-makaini-pleg-maths/
Mathematiques,2022,MATHEMATIQUES-COLLEGE B. CATHOLIQUE St ABRAHAM-ANNEE SCOLAIRE : 2021 /2022 EVALUATION DE FIN DU 1er TRIMESTRE CLASSE: Tle C-EXAMINATEUR : M. HIONG,https://sujetexa.com/wp-content/uploads/2021/12/dioces_bafoussam_maths_TC_seq2_2021-2022_sujetexa.com_.pdf,https://sujetexa.com/index.php/2021/12/24/mathematiques-college-b-catholique-st-abraham-annee-scolaire-2021-2022-evaluation-de-fin-du-1er-trimestre-classe-tle-c-examinateur-m-hiong/
Mathematiques,2022,MATHEMATIQUES-COLLEGE PASCAL TOHOUA KAMGA-TERMINALE C-2021-2022-Proposé Par : MBEI Emmanuel 1er « le Peintre »,https://sujetexa.com/wp-content/uploads/2021/12/coll_tohoua_kamg_maths_TC_seq2_2021-2022_sujetexa.com_.pdf,https://sujetexa.com/index.php/2021/12/23/mathematiques-college-pascal-tohoua-kamga-terminale-c-2021-2022-propose-par-mbei-emmanuel-1er-le-peintre/
Mathematiques,2022,MATHÉMATIQUES-LYCEE DE SOA- Année scolaire 2021/2022-Évaluation N°3-Devoir Harmonisé-Classe : TC,https://sujetexa.com/wp-content/uploads/2021/12/lysoa_TC_maths_seq3_2021-2022_sujetexa.com_.pdf,https://sujetexa.com/index.php/2021/12/22/mathematiques-lycee-de-soa-annee-scolaire-2021-2022-evaluation-n3-devoir-harmonise-classe-tc/
Mathematiques,2022,Mathématiques-LYCEE BILINGUE DE LOUM CHANTIER-GARE-Classe  Terminale C- Evaluation Trimestrielle 1- scolaire 2021-2022-Examinateur : Walter Ulrich KAMDJOUM,https://sujetexa.com/wp-content/uploads/2021/12/Maths-T.pdf,https://sujetexa.com/index.php/2021/12/06/mathematiques-lycee-bilingue-de-loum-chantier-gare-classe-terminale-c-evaluation-trimestrielle-1-scolaire-2021-2022-examinateur-walter-ulrich-kamdjoum/
Mathematiques,2022,MATHEMATIQUES-ANNEE : 2021 /2022- DELEGATION REGIONALE DU SUD DELEGATION DEPARTEMENTALE DE LA VALLEE DU NTEM CLASSE : Tle C,https://sujetexa.com/wp-content/uploads/2021/11/4_5809965491531287627.pdf,https://sujetexa.com/index.php/2021/11/17/mathematiques-annee-2021-2022-delegation-regionale-du-sud-delegation-departementale-de-la-vallee-du-ntem-classe-tle-c/
Mathematiques,2022,MATHÉMATIQUES-INSTITUT POLYVALENT DJAYA-Classe de Tle C-Année scolaire 2021-2022 – ÉVALUATION SOMMATIVE N°1- Examinateur : NANA NOUYEP Didier,https://sujetexa.com/wp-content/uploads/2021/10/Maths-seq-1-IPD-21-22-Tle-C.pdf,https://sujetexa.com/index.php/2021/10/26/mathematiques-institut-polyvalent-djaya-classe-de-tle-c-annee-scolaire-2021-2022-evaluation-sommative-n1-examinateur-nana-nouyep-didier/
Mathematiques,2022,"EPREUVE DE MATHEMATIQUES-CONTROLE CONTINU N°1 DU PREMIER TRIMESTRE- TOumpé Intellectual Groups , Le N°1 du E-learning-TERMINALE C/E-ANNÉE SCOLAIRE 2021/2022",https://sujetexa.com/wp-content/uploads/2021/10/TIGps_CC1_MATHS_T-C.E_Oct2021.pdf,https://sujetexa.com/index.php/2021/10/24/epreuve-de-mathematiques-controle-continu-n1-du-premier-trimestre-toumpe-intellectual-groups-le-n1-du-e-learning-terminale-c-e-annee-scolaire-2021-2022/
Mathematiques,2022,MATHEMATIQUES-LYCEE BILINGUE DE DSCHANG-Evaluation N°1 du 1er trimestre-Terminale ; Série : C-Année Académique: 2021-2022-Examinateur : M. KITIO NANKIA,https://sujetexa.com/wp-content/uploads/2021/10/seq1-TleC-2021-2022.pdf,https://sujetexa.com/index.php/2021/10/15/mathematiques-lycee-bilingue-de-dschang-evaluation-n1-du-1er-trimestre-terminale-serie-c-annee-academique-2021-2022-examinateur-m-kitio-nankia/
Mathematiques,2022,"Lycée Bilingue de BAMYANGA , ANNEE SCOLAIRE 2021-2022- TRAVAUX DIRIGES N°1 SUR LES NOMBRES COMPLEXES- APPROCHE ALGEBRIQUE TleC-D-. PROPOSES PAR M. NOUMSSI",https://sujetexa.com/wp-content/uploads/2021/10/4_5920137888074304194.pdf,https://sujetexa.com/index.php/2021/10/06/lycee-bilingue-de-bamyanga-annee-scolaire-2021-2022-travaux-diriges-n1-sur-les-nombres-complexes-approche-algebrique-tlec-d-proposes-par-m-noumssi/
Mathematiques,2022,"FICHE DE TRAVAUX DIRIGES DE MATHEMATIQUES N°3-TOumpé Intellectual Groups , Le N°1 du E-learning-TERMINALE C/D/E/TI-ANNÉE SCOLAIRE 2021/2022",https://sujetexa.com/wp-content/uploads/2021/09/TIGps_TPE-3_MATHS_T-CDETI.pdf,https://sujetexa.com/index.php/2021/09/16/fiche-de-travaux-diriges-de-mathematiques-n3-toumpe-intellectual-groups-le-n1-du-e-learning-terminale-c-d-e-ti-annee-scolaire-2021-2022/
Mathematiques,2022,"FICHE DE TRAVAUX DIRIGES DE MATHEMATIQUES N°2-TOumpé Intellectual Groups , Le N°1 du E-learning-TERMINALE C/D/E/TI-ANNÉE SCOLAIRE 2021/2022",https://sujetexa.com/wp-content/uploads/2021/09/TIGps_TPE-2_MATHS_T-CDETI.pdf,https://sujetexa.com/index.php/2021/09/16/fiche-de-travaux-diriges-de-mathematiques-n2-toumpe-intellectual-groups-le-n1-du-e-learning-terminale-c-d-e-ti-annee-scolaire-2021-2022/
Mathematiques,2022,"FICHE DE TRAVAUX DIRIGES DE MATHEMATIQUES N°1-TOumpé Intellectual Groups , Le N°1 du E-learning-TERMINALE C/D/E/TI-ANNÉE SCOLAIRE 2021/2022",https://sujetexa.com/wp-content/uploads/2021/09/TIGps_TPE-1_MATHS_T-CDETI.pdf,https://sujetexa.com/index.php/2021/09/16/fiche-de-travaux-diriges-de-mathematiques-n1-toumpe-intellectual-groups-le-n1-du-e-learning-terminale-c-d-e-ti-annee-scolaire-2021-2022/
Francais,2022,"JOURNEE MONDIALE DE LA PHILOSOPHIE, EDITION 2022-CLASSES Terminales AND Upper Sixth students",https://sujetexa.com/wp-content/uploads/2023/01/no15_30_dec_2022_sujetexa.com_-1.pdf,https://sujetexa.com/index.php/2023/01/12/journee-mondiale-de-la-philosophie-edition-2022-classes-terminales-and-upper-sixth-students/
Francais,2022,LANGUE FRANÇAISE-TOUMPÉ INTELLECTUAL GROUPS-Décembre 2022-Classes :Terminales C.D.E.TI-Examinatrice:Dr KAMDOM STELLA,https://sujetexa.com/wp-content/uploads/2022/12/TIGps_EB1_LANG_TCDE_Dec2022.pdf,https://sujetexa.com/index.php/2022/12/31/langue-francaise-toumpe-intellectual-groups-decembre-2022-classes-terminales-c-d-e-ti-examinatricedr-kamdom-stella/
Francais,2022,LITTERATURE FRANÇAISE-TOUMPE INTELLECTUAL GROUPS-Classes : Terminales C.D.E.TI-Décembre 2022-Examinatrice : Dr KAMDOM STELLA,https://sujetexa.com/wp-content/uploads/2022/12/TIGps_EB1_LITT_TCDE_Dec2022.pdf,https://sujetexa.com/index.php/2022/12/24/litterature-francaise-toumpe-intellectual-groups-classes-terminales-c-d-e-ti-decembre-2022-examinatrice-dr-kamdom-stella/
Francais,2022,"PHILOSOPHIE-COLLEGE PRIVE MONTESQUIEU-CLASSE DE TLe  C,D-SEQUENCE 3 -ANNEE SCOLAIRE 2021-2022-enseignant :",https://sujetexa.com/wp-content/uploads/2022/11/no13_10_nov_2022_sujetexa.com_.pdf,https://sujetexa.com/index.php/2022/11/10/philosophie-college-prive-montesquieu-classe-de-tle-cd-sequence-3-annee-scolaire-2021-2022-enseignant/
Francais,2022,"JOURNEE MONDIALE DE LA PHILOSOPHIE, EDITION 2022-WORLD PHILOSOPHY DAY, 2022 EDITION- CLASSES CONCERNEES: Terminales (toutes séries), exclusivement-CLASSES CONCERN: Reserved only for Upper Sixth students",https://sujetexa.com/wp-content/uploads/2022/11/no11_02_nov_2022_sujetexa.com_-1.pdf,https://sujetexa.com/index.php/2022/11/03/journee-mondiale-de-la-philosophie-edition-2022-world-philosophy-day-2022-edition-classes-concernees-terminales-toutes-series-exclusivement-classes-concern-reserved-only-for-upper-sixth-studen/
Francais,2022,"LANGUE FRANÇAISE-COLLEGE BILINGUE PRIVE MONTESQUIEU-TERMINALE C,D-SEQUENCE N°2-ANNEE SCOLAIRE 2021-2022",https://sujetexa.com/wp-content/uploads/2022/10/no25_29_oct_2022_sujetexa.com_.pdf,https://sujetexa.com/index.php/2022/10/29/langue-francaise-college-bilingue-prive-montesquieu-terminale-cd-sequence-n2-annee-scolaire-2021-2022/
Francais,2022,"PHILOSOPHIE-COLLÈGE PRIVE BILINGUE MONTESQUIEU-TERMINALE C,D-SEQUENCE N°5-ANNEE SCOLAIRE 2021-2022",https://sujetexa.com/wp-content/uploads/2022/10/no21_27_oct_2022_sujetexa.com_-1.pdf,https://sujetexa.com/index.php/2022/10/28/philosophie-college-prive-bilingue-montesquieu-terminale-cd-sequence-n5-annee-scolaire-2021-2022/
Francais,2022,LITTERATURE-COLLÈGE VOGT-CONTROLE-TERMINALE C D TI-11 DECEMBRE 2021-ANNÉE SCOLAIRE 2021-2022,https://sujetexa.com/wp-content/uploads/2022/09/no52_14_sept_2022_sujetexa.com_.pdf,https://sujetexa.com/index.php/2022/09/15/litterature-college-vogt-controle-terminale-c-d-ti-11-decembre-2021-annee-scolaire-2021-2022/
Francais,2022,LANGUE FRANÇAISE-COLLÈGE VOGT-CONTROLE-TERMINALE C D TI-04 JANVIER 2022-ANNÉE SCOLAIRE 2021-2022,https://sujetexa.com/wp-content/uploads/2022/09/no45_14_sept_2022_sujetexa.com_.pdf,https://sujetexa.com/index.php/2022/09/15/langue-francaise-college-vogt-controle-terminale-c-d-ti-04-janvier-2022-annee-scolaire-2021-2022/
Francais,2022,PHILOSOPHIE-COLLÈGE VOGT-CONTROLE-TERMINALE C D TI-ANNÉE SCOLAIRE 2021-2022,https://sujetexa.com/wp-content/uploads/2022/09/no43_14_sept_2022_sujetexa.com_.pdf,https://sujetexa.com/index.php/2022/09/15/philosophie-college-vogt-controle-terminale-c-d-ti-annee-scolaire-2021-2022-2/
Francais,2022,LITTERATURE-COLLÈGE VOGT-MINI SESSION-TERMINALE C D TI-02 NOVEMBRE 2021-ANNÉE SCOLAIRE 2021-2022,https://sujetexa.com/wp-content/uploads/2022/09/no42_14_sept_2022_sujetexa.com_.pdf,https://sujetexa.com/index.php/2022/09/15/litterature-college-vogt-mini-session-terminale-c-d-ti-02-novembre-2021-annee-scolaire-2021-2022/
Francais,2022,LITTERATURE OU CULTURE GENERALE-COLLÈGE VOGT-MINI SESSION-TERMINALE C D-ANNÉE SCOLAIRE 2021-2022,https://sujetexa.com/wp-content/uploads/2022/09/no34_14_sept_2022_sujetexa.com_.pdf,https://sujetexa.com/index.php/2022/09/15/litterature-ou-culture-generale-college-vogt-mini-session-terminale-c-d-annee-scolaire-2021-2022/
Francais,2022,LANGUE FRANÇAISE-COLLÈGE VOGT- SEQUENCE 4-TERMINALE C D TI-ANNÉE SCOLAIRE 2021-2022,https://sujetexa.com/wp-content/uploads/2022/09/no18_14_sept_2022_sujetexa.com_.pdf,https://sujetexa.com/index.php/2022/09/15/langue-francaise-college-vogt-sequence-4-terminale-c-d-ti-annee-scolaire-2021-2022/
Francais,2022,PHILOSOPHIE-COLLÈGE VOGT- CONTROLE-TERMINALE C D TI-ANNÉE SCOLAIRE 2021-2022,https://sujetexa.com/wp-content/uploads/2022/09/no17_14_sept_2022_sujetexa.com_.pdf,https://sujetexa.com/index.php/2022/09/15/philosophie-college-vogt-controle-terminale-c-d-ti-annee-scolaire-2021-2022/
Francais,2022,LANGUE FRANÇAISE-COLLÈGE VOGT-CONTROLE-TERMINALE C D TI-28 SEPTEMBRE 2021-ANNÉE SCOLAIRE 2021-2022,https://sujetexa.com/wp-content/uploads/2022/09/no7_14_sept_2022_sujetexa.com_.pdf,https://sujetexa.com/index.php/2022/09/15/langue-francaise-college-vogt-controle-terminale-c-d-ti-28-septembre-2021-annee-scolaire-2021-2022/
Francais,2022,LITTERATURE FRANÇAISE-TOUMPE INTELLECTUAL GROUPS-Classes : Terminales CDETI-EXAMEN DE FIN DE COURS DE VACANCES EDITION 2022-Session : Août 2022,https://sujetexa.com/wp-content/uploads/2022/08/TIGps_LITT_TCDE_Vac2022.pdf,https://sujetexa.com/index.php/2022/08/29/litterature-francaise-toumpe-intellectual-groups-classes-terminales-cdeti-examen-de-fin-de-cours-de-vacances-edition-2022-session-aout-2022/
Francais,2022,LANGUE FRANÇAISE-TOUMPE INTELLECTUAL GROUPS-Classes : Terminales A.C.D-EXAMEN DE FIN DE COURS DE VACANCES EDITION 2022-Session : Août 2022,https://sujetexa.com/wp-content/uploads/2022/08/TIGps_LANG_TACD_Vac2022.pdf,https://sujetexa.com/index.php/2022/08/29/langue-francaise-toumpe-intellectual-groups-classes-terminales-a-c-d-examen-de-fin-de-cours-de-vacances-edition-2022-session-aout-2022/
Francais,2022,LITTERATURE FRANÇAISE-COLLEGE PRIVE LAÏC MONGO BETI-SEQUENCE N°6-TERMINALE C D-ANNEE SCOLAIRE 2021-2022-PROFESSEUR : M. MBOUOMBOUO,https://sujetexa.com/wp-content/uploads/2022/05/no27_06_mai_2022_sujetexa.com_.pdf,https://sujetexa.com/index.php/2022/05/06/litterature-francaise-college-prive-laic-mongo-beti-sequence-n6-terminale-c-d-annee-scolaire-2021-2022-professeur-m-mbouombouo/
Francais,2022,LITTERATURE-COLLEGE PRIVE LAÏC LES PHARAONS-TERMINALE C/D-ANNEE SCOLAIRE 2021-2022-EVALUATION N°4-examinateur : Mme. TCHINDA,https://sujetexa.com/wp-content/uploads/2022/04/no42_10_avril_2022_sujetexa.com_.pdf,https://sujetexa.com/index.php/2022/04/14/litterature-college-prive-laic-les-pharaons-terminale-c-d-annee-scolaire-2021-2022-evaluation-n4-examinateur-mme-tchinda/
Francais,2022,LANGUE FRANÇAISE-COLLEGE PRIVE MONGO BETI-ANNEE SCOLAIRE 2021-2022-SEQUENCE N°5-TERMINALE C/D-PROFESSEUR : M. MBOUOMBOUO,https://sujetexa.com/wp-content/uploads/2022/03/no5_24_mars_2022_sujetexa.com_.pdf,https://sujetexa.com/index.php/2022/03/24/langue-francaise-college-prive-mongo-beti-annee-scolaire-2021-2022-sequence-n5-terminale-c-d-professeur-m-mbouombouo/
Francais,2022,PHILOSOPHIE-COLLEGE PRIVE MONGO BETI-ANNEE SCOLAIRE 2021-2022-SEQUENCE N°5-TERMINALE C/D-PROFESSEUR : ASSEYI,https://sujetexa.com/wp-content/uploads/2022/03/no4_24_mars_2022_sujetexa.com_.pdf,https://sujetexa.com/index.php/2022/03/24/philosophie-college-prive-mongo-beti-annee-scolaire-2021-2022-sequence-n5-terminale-c-d-professeur-asseyi/
Francais,2022,LITTERATURE FRANÇAISE-COLLEGE PRIVE MONGO BETI-ANNEE SCOLAIRE 2021-2022-SEQUENCE N° 5-TERMINALE C/D-Nom du professeur: M. MBOUOMBOUO,https://sujetexa.com/wp-content/uploads/2022/03/no1_24_mars_2022_sujetexa.com_.pdf,https://sujetexa.com/index.php/2022/03/24/litterature-francaise-college-prive-mongo-beti-annee-scolaire-2021-2022-sequence-n-5-terminale-c-d/
Francais,2022,LITTERATURE-COLLEGE VOGT-MINI SESSION-ANNEE SCOLAIRE 2021-2022-CLASSE :TERMINALE C/D/TI,https://sujetexa.com/wp-content/uploads/2022/03/no3_09_mars_2022_sujetexa.com_.pdf,https://sujetexa.com/index.php/2022/03/09/litterature-college-vogt-mini-session-annee-scolaire-2021-2022-classe-terminale-c-d-ti/
Francais,2022,langue française-COLLEGE LA DIGNITE-EVALUATION HARMONISEE N°3-TERMINALE A/C/D-Année scolaire 2021-2022.,https://sujetexa.com/wp-content/uploads/2022/02/no2_20_fev_2022_sujetexa.com_.pdf,https://sujetexa.com/index.php/2022/02/21/langue-francaise-college-la-dignite-evaluation-harmonisee-n3-terminale-a-c-d-annee-scolaire-2021-2022/
Francais,2022,"LANGUE FRANÇAISE-COLLEGE PRIVE MONTESQUIEU-Année Scolaire 2021/2022-Evaluation °2-Classe: Tle C, D-examinateur : M. BlTJONG BI BlTJONG PLEG de français/Doctorant en LMP",https://sujetexa.com/wp-content/uploads/2022/02/no57_03_fev_2022_sujetexa.com_-1.pdf,https://sujetexa.com/index.php/2022/02/15/langue-francaise-college-prive-montesquieu-annee-scolaire-2021-2022-evaluation-2-classe-tle-c-d-examinateur-m-bltjong-bi-bltjong-pleg-de-francais-doctorant-en-lmp/
Francais,2022,PHILOSOPHIE-COLLEGE PRIVE MONGO BETI-SEQUENCE N°4-ANNEE SCOLAIRE 2021-2022-CLASSE:TLE D/C-PROFESSEUR : ASSEYI,https://sujetexa.com/wp-content/uploads/2022/02/no81_08_fev_2022_sujetexa.com_.pdf,https://sujetexa.com/index.php/2022/02/09/philosophie-college-prive-mongo-beti-sequence-n4-annee-scolaire-2021-2022-classetle-d-c-professeur-asseyi/
Francais,2022,LITTERATURE FRANCAISE-COLLEGE PRIVE MONGO BETI-EVALUATION N°4-CLASSE : TLes C/D -ANNEE SCOLAIRE 2021-2022-Professeur : M. MBOUOMBOUO,https://sujetexa.com/wp-content/uploads/2022/02/no4_07_fev_2022_sujetexa.com_-1.pdf,https://sujetexa.com/index.php/2022/02/09/litterature-francaise-college-prive-mongo-beti-evaluation-n4-classe-tles-c-d-annee-scolaire-2021-2022-professeur-m-mbouombouo/
Francais,2022,EVALUATION DE PHILOSOPHIE N°3-COLLEGE PRIVE BILINGUE MADELEINE-ANNEE SCOLAIRE 2021-2022-CLASSE : TCD,https://sujetexa.com/wp-content/uploads/2022/02/no50_03_fev_2022_sujetexa.com_.pdf,https://sujetexa.com/index.php/2022/02/04/evaluation-de-philosophie-n3-college-prive-bilingue-madeleine-annee-scolaire-2021-2022-classe-tcd/
Francais,2022,LANGUE FRANÇAISE-COLLEGE PRIVE BILINGUE-MONTESQUIEU-SEQUENCE N°3-ANNEE SCOLAIRE 2021-2022-CLASSE: TLE C/D,https://sujetexa.com/wp-content/uploads/2022/02/no24_03_fev_2022_sujetexa.com_.pdf,https://sujetexa.com/index.php/2022/02/04/langue-francaise-college-prive-bilingue-montesquieu-sequence-n3-annee-scolaire-2021-2022-classe-tle-c-d/
Francais,2022,LITTERATURE-COLLEGE PRIVE BILINGUE-MONTESQUIEU-SEQUENCE N°3-ANNEE SCOLAIRE 2021-2022-CLASSE: TLE C/D,https://sujetexa.com/wp-content/uploads/2022/02/no18_27_jan_2022_sujetexa.com_.pdf,https://sujetexa.com/index.php/2022/02/04/litterature-college-prive-bilingue-montesquieu-sequence-n3-annee-scolaire-2021-2022-classe-tle-c-d/
Francais,2022,LANGUES ET CULTURES NATIONALES-COLLEGE JARDIN D’EDEN-ANNEE SCOLAIRE 2021-2022-CLASSE TLe,https://sujetexa.com/wp-content/uploads/2022/02/no2_27_jan_2022_sujetexa.com_.pdf,https://sujetexa.com/index.php/2022/02/04/langues-et-cultures-nationales-college-jardin-deden-annee-scolaire-2021-2022-classe-tle/
Francais,2022,LITTERATURE-GENIUS ACADEMY-CLASS : TERMINALE A C D-WEEKEND OF 28/ 01/ 2022-30/ 01/ 2022,https://sujetexa.com/wp-content/uploads/2022/01/no5_30_jan_2022_sujetexa.com_.pdf,https://sujetexa.com/index.php/2022/01/30/litterature-genius-academy-class-terminale-a-c-d-weekend-of-28-01-2022-30-01-2022/
Francais,2022,LITTERATURE-COLLEGE PRIVE LAïC LES PHARAONS-DEUXIEME EVALUATION DU PREMIER TRIMESTRE-SEQUENCE N°3-ClASSE: TLE CD-Année scolaire: 2021/2022-Examinateur: Mme TCHINDA,https://sujetexa.com/wp-content/uploads/2022/01/no53_22_jan_2022_sujetexa.com_-2.pdf,https://sujetexa.com/index.php/2022/01/28/litterature-college-prive-laic-les-pharaons-deuxieme-evaluation-du-premier-trimestre-sequence-n3-classe-tle-cd-annee-scolaire-2021-2022-examinateur-mme-tchinda/
Francais,2022,LANGUE FRANCAISE-COLLEGE PRIVE LAïC LES PHARAONS-ANNEE SCOLAIRE 2021-2022-SEQUENCE 3-CLASSE : Tle CD-Examinateur: Mme TCHINDA,https://sujetexa.com/wp-content/uploads/2022/01/no33_22_jan_2022_sujetexa.com_.pdf,https://sujetexa.com/index.php/2022/01/23/langue-francaise-college-prive-laic-les-pharaons-annee-scolaire-2021-2022-sequence-3-classe-tle-cd-examinateur-mme-tchinda/
Francais,2022,PHILOSOPHIE-COLLÈGE PRIVÉ BILINGUE MONTESQUIEU-EVALUATION N°2-ANNÉE SCOLAIRE 2021-2022-CLASSSE :TLE C/D,https://sujetexa.com/wp-content/uploads/2022/01/coll_montesquieu_TC-TD_philo_seq2_2021-2022_sujetexa.com_.pdf,https://sujetexa.com/index.php/2022/01/20/philosophie-college-prive-bilingue-montesquieu-evaluation-n2-annee-scolaire-2021-2022-classse-tle-c-d/
Francais,2022,PHILOSOPHIE-COLLÈGE PRIVÉ BILINGUE MONTESQUIEU-ANNÉE SCOLAIRE 2021-2022-TERMINALE C/D,https://sujetexa.com/wp-content/uploads/2022/01/coll_montesquieux_TC-TD_philo_seq1_2021-2022_sujetexa.com_.pdf,https://sujetexa.com/index.php/2022/01/16/philosophie-college-prive-bilingue-montesquieu-annee-scolaire-2021-2022-terminale-c-d/
Francais,2022,LITTERATURE-COLLÈGE PRIVÉ BILINGUE MONTESQUIEU-ANNÉE SCOLAIRE 2021-2022-Classe: TERMINALE A/C/D,https://sujetexa.com/wp-content/uploads/2022/01/coll_montesquieu_TA-TC-TD_littérature_seq1_2021-2022_sujetexa.com_.pdf,https://sujetexa.com/index.php/2022/01/16/litterature-college-prive-bilingue-montesquieu-annee-scolaire-2021-2022-classe-terminale-a-c-d/
Francais,2022,"LITTERATURE FRANÇAISE-EVALUATION SOMMATIVE DE FIN DU PREMIER TRIMESTRE-TOumpé Intellectual Groups , Le N°1 du E-learning-TERMINALE C.D.E./TI-ANNÉE SCOLAIRE 2021/2022",https://sujetexa.com/wp-content/uploads/2022/01/TIGps_EB1_LITT_T-CDE_Dec2021.pdf,https://sujetexa.com/index.php/2022/01/09/litterature-francaise-evaluation-sommative-de-fin-du-premier-trimestre-toumpe-intellectual-groups-le-n1-du-e-learning-terminale-c-d-e-ti-annee-scolaire-2021-2022/
Francais,2022,LANGUE FRANCAISE-COLLEGE PRIVE LAÏC MONGO BETI-ANNÉE SCOLAIRE 2021-2022-SÉQUENCE N°3-TERMINALE C/D-Professeur :M.MBOUOMBOUO,https://sujetexa.com/wp-content/uploads/2021/12/coll_mongo_beti_TC-TD_langue_seq3_2021-2022_sujetexa.com_.pdf,https://sujetexa.com/index.php/2021/12/30/langue-francaise-college-prive-laic-mongo-beti-annee-scolaire-2021-2022-sequence-n3-terminale-c-d-professeur-m-mbouombouo/
Francais,2022,PHILOSOPHIE-COLLEGE PRIVE MONGO BETI- ANNÉE SCOLAIRE 2021-2022-EVALUATION N°2-TERMINALES C/D-Professeur: ASSEYI,https://sujetexa.com/wp-content/uploads/2021/12/coll_mongo_beti_TC-TD_philo_seq2_30_oct_2021_sujetexa.com_.pdf,https://sujetexa.com/index.php/2021/12/02/philosophie-college-prive-mongo-beti-annee-scolaire-2021-2022-evaluation-n2-terminales-c-d-professeur-asseyi/
Francais,2022,LITTERATURE-COLLEGE PRIVE MONGO BETI- ANNÉE SCOLAIRE 2021-2022-EVALUATION N°2-TERMINALES C/D-Professeur: MBOUOMBOUO,https://sujetexa.com/wp-content/uploads/2021/12/coll_mongo_beti_TC-TD_littérature_seq2_29_oct_2021_sujetexa.com_.pdf,https://sujetexa.com/index.php/2021/12/02/litterature-college-prive-mongo-beti-annee-scolaire-2021-2022-evaluation-n2-terminales-c-d-professeur-mbouombouo/
Francais,2022,LANGUE FRANÇAISE-COLLEGE PRIVE MONGO BETI- ANNÉE SCOLAIRE 2021-2022-EVALUATION N°2-TERMINALES C/D-Professeur: M. MBOUOMBOUO,https://sujetexa.com/wp-content/uploads/2021/12/coll_mongo_beti_TC-TD_langue_franç_seq2_2021-2022_sujetexa.com_.pdf,https://sujetexa.com/index.php/2021/12/02/langue-francaise-college-prive-mongo-beti-annee-scolaire-2021-2022-evaluation-n2-terminales-c-d-professeur-m-mbouombouo/
Francais,2022,LITTERATURE-COLLÈGE PRIVÉ MONGO BETI-ÉVALUATION N°1-TERMINALE C/D-ANNÉE SCOLAIRE 2021-2022-PROFESSEUR: MBOUOMBOUO,https://sujetexa.com/wp-content/uploads/2021/10/coll_mongo_beti_TC_TD_littérature_seq1_2021-2022_sujetexa.com_.pdf,https://sujetexa.com/index.php/2021/10/14/litterature-college-prive-mongo-beti-evaluation-n1-terminale-c-d-annee-scolaire-2021-2022-professeur-mbouombouo/
Francais,2022,LANGUE FRANÇAISE-COLLÈGE PRIVÉ MONGO BETI-ÉVALUATION N°1-TERMINALE C/D-ANNÉE SCOLAIRE 2021-2022-PROFESSEUR: MBOUOMBOUO,https://sujetexa.com/wp-content/uploads/2021/10/coll_mongo_beti_TC_TD_langue_seq1_2021-2022_sujetexa.com_.pdf,https://sujetexa.com/index.php/2021/10/14/langue-francaise-college-prive-mongo-beti-evaluation-n1-terminale-c-d-annee-scolaire-2021-2022-professeur-mbouombouo/
Anglais,2022,ANGLAIS-TOUMPE INTELLECTUAL GROUPS-Classes : Terminales C.D.E.TI-Décembre 2022-Proposed by : Mr TCHINDA NGOUO CHRISTIAN,https://sujetexa.com/wp-content/uploads/2022/12/TIGps_EB1_ANG_TCDE_Dec2022.pdf,https://sujetexa.com/index.php/2022/12/25/anglais-toumpe-intellectual-groups-classes-terminales-c-d-e-ti-decembre-2022-proposed-by-mr-tchinda-ngouo-christian/
Anglais,2022,"ANGLAIS-COLLÈGE VOGT-CONTROLE-TERMINALE A,C,D- 25 SEPTEMBRE 2021-ANNEE SCOLAIRE 2021-2022",https://sujetexa.com/wp-content/uploads/2022/09/no7_18_sept_2022_sujetexa.com_.pdf,https://sujetexa.com/index.php/2022/09/18/anglais-college-vogt-controle-terminale-acd-25-septembre-2021-annee-scolaire-2021-2022/
Anglais,2022,"ANGLAIS-COLLÈGE VOGT-SEQUENCE 3-TERMINALE A,C,D,TI-DECEMBRE 2021-ANNÉE SCOLAIRE 2021-2022",https://sujetexa.com/wp-content/uploads/2022/09/no25_16_sept_2022_sujetexa.com_.pdf,https://sujetexa.com/index.php/2022/09/17/anglais-college-vogt-controle-sequence-3-terminale-acdti-decembre-2021-annee-scolaire-2021-2022/
Anglais,2022,"ANGLAIS-COLLÈGE VOGT-CONTROLE-SEQUENCE 3-TERMINALE A,C,D,TI,SES-15 JANVIER 2022-ANNÉE SCOLAIRE 2021-2022",https://sujetexa.com/wp-content/uploads/2022/09/no22_16_sept_2022_sujetexa.com_.pdf,https://sujetexa.com/index.php/2022/09/17/anglais-college-vogt-controle-sequence-3-terminale-acdtises-15-janvier-2022-annee-scolaire-2021-2022/
Anglais,2022,ANGLAIS-COLLÈGE VOGT- SEQUENCE 3-TERMINALE C D TI-07 DECEMBRE 2021-ANNÉE SCOLAIRE 2021-2022,https://sujetexa.com/wp-content/uploads/2022/09/no16_14_sept_2022_sujetexa.com_.pdf,https://sujetexa.com/index.php/2022/09/15/anglais-college-vogt-sequence-3-terminale-c-d-ti-07-decembre-2021-annee-scolaire-2021-2022/
Anglais,2022,ANGLAIS-COLLÈGE VOGT- CONTROLE-23 OCTOBRE 2021-TERMINALE C D TI-ANNÉE SCOLAIRE 2021-2022,https://sujetexa.com/wp-content/uploads/2022/09/no14_14_sept_2022_sujetexa.com_.pdf,https://sujetexa.com/index.php/2022/09/15/anglais-college-vogt-controle-23-octobre-2021-terminale-c-d-ti-annee-scolaire-2021-2022/
Anglais,2022,ENGLISH LANGUAGE-TOUMPE INTELLECTUAL GROUPS-Classes : Terminales CDE TI-EXAMEN DE FIN DE COURS DE VACANCES EDITION 2022-Session : Août 2022,https://sujetexa.com/wp-content/uploads/2022/08/TIGps_ANG_TCDE_Vac2022.pdf,https://sujetexa.com/index.php/2022/08/29/english-language-toumpe-intellectual-groups-classes-terminales-cde-ti-examen-de-fin-de-cours-de-vacances-edition-2022-session-aout-2022/
Anglais,2022,ENGLISH LANGUAGE-GENIUS ACADEMY-CLASS : TERMINALE A C D-WEEKEND OF 28/ 01/ 2022-30/ 01/ 2022,https://sujetexa.com/wp-content/uploads/2022/01/no4_30_jan_2022_sujetexa.com_.pdf,https://sujetexa.com/index.php/2022/01/30/english-language-genius-academy-class-terminale-a-c-d-weekend-of-28-01-2022-30-01-2022/
Anglais,2022,ANGLAIS-COLLEGE PRIVE LAïC LES PHARAONS-ANNEE SCOLAIRE 2021-2022-SEQUENCE 3-CLASSE :TLe ACD,https://sujetexa.com/wp-content/uploads/2022/01/no36_22_jan_2022_sujetexa.com_.pdf,https://sujetexa.com/index.php/2022/01/23/anglais-college-prive-laic-les-pharaons-annee-scolaire-2021-2022-sequence-3-classe-tle-acd/
Anglais,2022,"ENGLISH LANGUAGE TEST-END OF THE FIRST TERM SUMMATIVE ASSESSMENT-TOumpé Intellectual Groups , Le N°1 du E-learning-TERMINALE A C.D.E-ANNÉE SCOLAIRE 2021/2022",https://sujetexa.com/wp-content/uploads/2022/01/TIGps_EB1_ANG_T-ACD_Dec2021.pdf,https://sujetexa.com/index.php/2022/01/09/english-language-test-end-of-the-first-term-summative-assessment-toumpe-intellectual-groups-le-n1-du-e-learning-terminale-a-c-d-e-annee-scolaire-2021-2022/
Anglais,2022,ANGLAIS-COLLEGE PRIVE LAÏC MONGO BETI-ANNÉE SCOLAIRE 2021-2022- SÉQUENCE N°3-TERMINALE A/C/D-Professeur: Ngueche Agnes,https://sujetexa.com/wp-content/uploads/2021/12/coll_mongo_beti_TA-TC-TD_anglais_seq3_2021-2022_sujetexa.com_.pdf,https://sujetexa.com/index.php/2021/12/30/anglais-college-prive-laic-mongo-beti-annee-scolaire-2021-2022-sequence-n3-terminale-a-c-d-professeur-ngueche-agnes/
Anglais,2022,ANGLAIS-COLLEGE PRIVE MONGO BETI- ANNÉE SCOLAIRE 2021-2022-EVALUATION N°2-TERMINALES-Professeur: I\lGENIWEIH,https://sujetexa.com/wp-content/uploads/2021/12/coll_mongo_beti_TA-TC-TD_anglais_seq2_01_nov_2021_sujetexa.com_.pdf,https://sujetexa.com/index.php/2021/12/02/anglais-college-prive-mongo-beti-annee-scolaire-2021-2022-evaluation-n2-terminales-professeur-ilgeniweih/
Anglais,2022,"CONTINUOUS CHECK-UP N°1 OF THE FIRST TERM-TOumpé Intellectual Groups , Le N°1 du E-learning-TERMINALE A/ C/D/E/TI-ANNÉE SCOLAIRE 2021/2022",https://sujetexa.com/wp-content/uploads/2021/10/TIGps_CC1_ANG_T-ACDETI_Oct2021.pdf,https://sujetexa.com/index.php/2021/10/19/continuous-check-up-n1-of-the-first-term-toumpe-intellectual-groups-le-n1-du-e-learning-terminale-a-c-d-e-ti-annee-scolaire-2021-2022/
Anglais,2022,ANGLAIS-COLLEGE PRIVE LAÏC LE FANION-TERMINALE A/C/D -EVALUATION N°1 DE LA PREMIÈRE SEQUENCE-2021-2022,https://sujetexa.com/wp-content/uploads/2021/10/coll_fanion_TA_TC_TD_anglais_seq1_2021-2022_sujetexa.com_.pdf,https://sujetexa.com/index.php/2021/10/16/anglais-college-prive-laic-le-fanion-terminale-a-c-d-evaluation-n1-de-la-premiere-sequence-2021-2022/
Anglais,2022,ANGLAIS-COLLÈGE PRIVÉ MONGO BETI-ÉVALUATION N°1-TERMINALE A/C/D-ANNÉE SCOLAIRE 2021-2022-PROFESSEUR:Mme NGECHE AGNES,https://sujetexa.com/wp-content/uploads/2021/10/coll_mongo_beti_TA_TC_TD_anglais_seq1_2021-2022_sujetexa.com_.pdf,https://sujetexa.com/index.php/2021/10/13/anglais-college-prive-mongo-beti-evaluation-n1-terminale-a-c-d-annee-scolaire-2021-2022-professeurmme-ngeche-agnes/
Anglais,2022,"FICHE DE TRAVAUX DIRIGÉS D’ANGLAIS-TOumpé Intellectual Groups , Le N°1 du E-learning-TOUTES LES CLASSES-ANNÉE SCOLAIRE 2021/2022",https://sujetexa.com/wp-content/uploads/2021/09/TIGps_TPE-1_ANG_TOUTES.pdf,https://sujetexa.com/index.php/2021/09/25/fiche-de-travaux-diriges-danglais-toumpe-intellectual-groups-le-n1-du-e-learning-toutes-les-classes-annee-scolaire-2021-2022/
Chimie,2022,CHIMIE-LYCEE DE NYAMBOYA-SEQUENCE 2-CLASSE DE TLeCD-2021/2022-PROPOSEE PAR M HAMMAWA MICHEL /PLEG,https://sujetexa.com/wp-content/uploads/2025/12/Eval-2-CHM-Tle-Nov-2022-OK.pdf,https://sujetexa.com/index.php/2025/12/13/chimie-lycee-de-nyamboya-sequence-2-classe-de-tlecd-2021-2022-proposee-par-m-hammawa-michel-pleg/
Chimie,2022,CHIMIE-COLLEGE BILINGUE LE NIL-DEVOIR SURVEILLE N°1-Tle C/D-2021/ 2022-M. TEFOUET,https://sujetexa.com/wp-content/uploads/2023/10/SEQ1-CHIMIE-Tle-CD-COLEGE-BILINGUE-LE-NIL-2021-2022.pdf,https://sujetexa.com/index.php/2023/10/04/chimie-college-bilingue-le-nil-devoir-surveille-n1-tle-c-d-2021-2022-m-tefouet/
Chimie,2022,CHIMIE-SUJET N°7-TLeCDE-Prépa Bac 2022-proposé par : Olivier Tchinda Wamba,https://sujetexa.com/wp-content/uploads/2023/03/no7_31_mars_2023_sujetexa.com_.pdf,https://sujetexa.com/index.php/2023/03/31/chimie-sujet-n7-tlecde-prepa-bac-2022-propose-par-olivier-tchinda-wamba/
Chimie,2022,CHIMIE-SUJET N°6-TLeCDE-Prépa Bac 2022-proposé par : Olivier Tchinda Wamba,https://sujetexa.com/wp-content/uploads/2023/03/no6_31_mars_2023_sujetexa.com_.pdf,https://sujetexa.com/index.php/2023/03/31/chimie-sujet-n6-tlecde-prepa-bac-2022-propose-par-olivier-tchinda-wamba/
Chimie,2022,CHIMIE-SUJET N°5-TLeCDE-Prépa Bac 2022-proposé par : Olivier Tchinda Wamba,https://sujetexa.com/wp-content/uploads/2023/03/no5_31_mars_2023_sujetexa.com_.pdf,https://sujetexa.com/index.php/2023/03/31/chimie-sujet-n5-tlecde-prepa-bac-2022-propose-par-olivier-tchinda-wamba/
Chimie,2022,CHIMIE-SUJET N°4-TLeCDE-Prépa Bac 2022-proposé par : Olivier Tchinda Wamba,https://sujetexa.com/wp-content/uploads/2023/03/no4_31_mars_2023_sujetexa.com_.pdf,https://sujetexa.com/index.php/2023/03/31/chimie-sujet-n4-tlecde-prepa-bac-2022-propose-par-olivier-tchinda-wamba/
Chimie,2022,CHIMIE-SUJET N°3-TLeCDE-Prépa Bac 2022-proposé par : Olivier Tchinda Wamba,https://sujetexa.com/wp-content/uploads/2023/03/no3_31_mars_2023_sujetexa.com_.pdf,https://sujetexa.com/index.php/2023/03/31/chimie-sujet-n3-tlecde-prepa-bac-2022-propose-par-olivier-tchinda-wamba/
Chimie,2022,CHIMIE-SUJET N°2-TLeCDE-Prépa Bac 2022-proposé par : Olivier Tchinda Wamba,https://sujetexa.com/wp-content/uploads/2023/03/no2_31_mars_2023_sujetexa.com_.pdf,https://sujetexa.com/index.php/2023/03/31/chimie-sujet-n2-tlecde-prepa-bac-2022-propose-par-olivier-tchinda-wamba/
Chimie,2022,CHIMIE-SUJET N°1-TLeCDE-Prépa Bac 2022-proposé par : Olivier Tchinda Wamba,https://sujetexa.com/wp-content/uploads/2023/03/no1_31_mars_2023_sujetexa.com_.pdf,https://sujetexa.com/index.php/2023/03/31/chimie-sujet-n1-tlecde-prepa-bac-2022-propose-par-olivier-tchinda-wamba/
Chimie,2022,CHIMIE-LYCEE BILINGUE DE YAOUNDE-TLeCD-SEQ1-OCTOBRE 2022,https://sujetexa.com/wp-content/uploads/2023/03/no12_19_mars_2023_sujetexa.com_.pdf,https://sujetexa.com/index.php/2023/03/19/chimie-lycee-bilingue-de-yaounde-tlecd-seq1-octobre-2022/
Chimie,2022,CHIMIE-FONDATION REVELATION Ste THERESE-Année scolaire 2021/2022-Terminale C&D-Session intensive N°2,https://sujetexa.com/wp-content/uploads/2023/01/4_5893359359689232260.pdf,https://sujetexa.com/index.php/2023/01/08/chimie-fondation-revelation-ste-therese-annee-scolaire-2021-2022-terminale-cd-session-intensive-n2/
Chimie,2022,CHIMIE THEORIQUE-TOUMPÉ INTELLECTUAL GROUPS-Décembre 2022-Classes : Terminales CD-Examinatrice : Mme KINKEU TRESOR,https://sujetexa.com/wp-content/uploads/2022/12/TIGps_EB1_CHIM_THEO_TCD_Dec2022.pdf,https://sujetexa.com/index.php/2022/12/30/chimie-theorique-toumpe-intellectual-groups-decembre-2022-classes-terminales-cd-examinatrice-mme-kinkeu-tresor/
Chimie,2022,CHIMIE PRATIQUE-TOUMPÉ INTELLECTUAL GROUPS-Décembre 2022-Classes : Terminales CD-Examinatrice : Mme KINKEU TRESOR,https://sujetexa.com/wp-content/uploads/2022/12/TIGps_EB1_CHIM_PRAT_TCD_Dec2022.pdf,https://sujetexa.com/index.php/2022/12/30/chimie-pratique-toumpe-intellectual-groups-decembre-2022-classes-terminales-cd-examinatrice-mme-kinkeu-tresor/
Chimie,2022,CHIMIE-TRAVAUX DIRIGES DU JEUDI 22-12-2022- TLe C/D-Rédigé Par : DOMTCHUENG HERMANN PATRICK,https://sujetexa.com/wp-content/uploads/2022/12/TD-Chimie-Termrnale-C-D-Decembre-N°1.pdf,https://sujetexa.com/index.php/2022/12/29/chimie-travaux-diriges-du-jeudi-22-12-2022-tle-c-d-redige-par-domtchueng-hermann-patrick/
Chimie,2022,CHIMIE-FONDATION SCOLAIRE TCHEUTCHOUA-SEQUENCE 2-NOVEMBRE 2022-CLASSE Tle C/D- -Examinateur : M. NKEM FOTABONG,https://sujetexa.com/wp-content/uploads/2022/12/4_5769323272571195218.pdf,https://sujetexa.com/index.php/2022/12/27/chimie-fondation-scolaire-tcheutchoua-sequence-2-novembre-2022-classe-tle-c-d-examinateur-m-nkem-fotabong/
Chimie,2022,"CHIMIE THEORIQUE-COLLEGE DE LA RETRAITE-TERMINALE C,D-ANNEE SCOLAIRE 2022-2023-OCTOBRE 2022",https://sujetexa.com/wp-content/uploads/2022/12/sortieO.pdf,https://sujetexa.com/index.php/2022/12/20/chimie-theorique-college-de-la-retraite-terminale-cd-annee-scolaire-2022-2023-octobre-2022-2/
Chimie,2022,"CHIMIE PRATIQUE-COLLEGE DE LA RETRAITE-TERMINALE C,D-ANNEE SCOLAIRE 2022-2023-NOVEMBRE 2022",https://sujetexa.com/wp-content/uploads/2022/12/sortieL.pdf,https://sujetexa.com/index.php/2022/12/20/chimie-pratique-college-de-la-retraite-terminale-cd-annee-scolaire-2022-2023-novembre-2022/
Chimie,2022,"CHIMIE THEORIQUE-COLLEGE DE LA RETRAITE-TERMINALE C,D-ANNEE SCOLAIRE 2022-2023-OCTOBRE 2022",https://sujetexa.com/wp-content/uploads/2022/12/sortieJ.pdf,https://sujetexa.com/index.php/2022/12/20/chimie-theorique-college-de-la-retraite-terminale-cd-annee-scolaire-2022-2023-octobre-2022/
Chimie,2022,"CHIMIE THEORIQUE-COLLEGE DE LA RETRAITE-TERMINALE C,D-ANNEE SCOLAIRE 2022-2023-NOVEMBRE 2022",https://sujetexa.com/wp-content/uploads/2022/12/sortieII.pdf,https://sujetexa.com/index.php/2022/12/20/chimie-theorique-college-de-la-retraite-terminale-cd-annee-scolaire-2022-2023-novembre-2022/
Chimie,2022,"CHIMIE PRATIQUE-COLLEGE JEAN TABI-TERMINALE C,D-ANNEE SCOLAIRE 2022-2023-NOVEMBRE 2022",https://sujetexa.com/wp-content/uploads/2022/12/sortieH.pdf,https://sujetexa.com/index.php/2022/12/20/chimie-pratique-jean-tabi-terminale-cd-annee-scolaire-2022-2023-novembre-2022/
Chimie,2022,"CHIMIE THEORIQUE-LYCEE DE GUIDER-NOVEMBRE 2022-SEQUENCE 2-NIVEAU : TLe D,C,TI-Examinateur : ADAMA ANATOLE",https://sujetexa.com/wp-content/uploads/2022/12/EVAL-N°2-TleD-CH-GUIDER-Copie.pdf,https://sujetexa.com/index.php/2022/12/02/chimie-theorique-lycee-de-guider-novembre-2022-sequence-2-niveau-tle-dcti-examinateur-adama-anatole/
Chimie,2022,"CHIMIE PRATIQUE-LYCEE D’OYACK-DOUALA-NOVEMBRE 2022-SEQUENCE 2-TERMINALE C,D",https://sujetexa.com/wp-content/uploads/2022/11/EVAL-2-CHIMIE-PRATIQUE-CORRIGE-OYACK-2023-1.pdf,https://sujetexa.com/index.php/2022/11/24/chimie-pratique-lycee-doyack-douala-novembre-2022-sequence-2-terminale-cd/
Chimie,2022,CHIMIE THEORIQUE-LYCEE BILINGUE DE ZENMEH DSCHANG-ANNEE SCOLAIRE 2021-2022-TERMINALE D-EVALUATION N°2-Conçue et proposée par TCHOUANYO/PLEG,https://sujetexa.com/wp-content/uploads/2022/11/CHIMIE-TCD-EVAL-2.-ZENMEH.pdf,https://sujetexa.com/index.php/2022/11/24/chimie-theorique-lycee-bilingue-de-zenmeh-dschang-annee-scolaire-2021-2022-terminale-d-evaluation-n2-concue-et-proposee-par-tchouanyo-pleg/
Chimie,2022,"CHIMIE-COLLÈGE SAINTE FAMILLE-SÉQUENCE 2-OCTOBRE 2022-CLASSE Tle C,D-EXAMINATEUR : Mr. EKO DUHAMEL (PLEG)",https://sujetexa.com/wp-content/uploads/2022/11/COSAFA-TLE-D-CHM2.pdf,https://sujetexa.com/index.php/2022/11/20/chimie-college-sainte-famille-sequence-2-octobre-2022-classe-tle-cd-examinateur-mr-eko-duhamel-pleg/
Chimie,2022,"CHIMIE-COLLEGE PRIVE MONTESQUIEU-CLASSE DE TLe C,D-SEQUENCE 5-ANNEE SCOLAIRE 2021-2022-enseignant :",https://sujetexa.com/wp-content/uploads/2022/11/no4_10_nov_2022_sujetexa.com_.pdf,https://sujetexa.com/index.php/2022/11/10/chimie-college-prive-montesquieu-classe-de-tle-cd-sequence-5-annee-scolaire-2021-2022-enseignant/
Chimie,2022,"CHIMIE-COLLEGE PRIVE MONTESQUIEU-CLASSE DE Tle C,D-SEQUENCE 2-ANNEE SCOLAIRE 2021-2022-examinateur : M. TAKOU sophonie",https://sujetexa.com/wp-content/uploads/2022/11/no14_06_nov_2022_sujetexa.com_.pdf,https://sujetexa.com/index.php/2022/11/08/chimie-college-prive-montesquieu-classe-de-tle-cd-sequence-2-annee-scolaire-2021-2022-examinateur-m-takou-sophonie/
Chimie,2022,CHIMIE-COLLEGE CATHOLIQUE Saint CHARLES BORROMEE-OCT 2022-Tle CD-Séquence 1,https://sujetexa.com/wp-content/uploads/2022/10/Ch1....pdf,https://sujetexa.com/index.php/2022/10/20/chimie-college-catholique-saint-charles-borromee-oct-2022-tle-cd-sequence-1/
Chimie,2022,"TRAVAUX DIRIGES DE CHIMIE-TERMINALE C,D-FICHE N°1-SEPTEMBRE 2022-Rédigé Par : DOMTCHUENG HERMANN PATRICK",https://sujetexa.com/wp-content/uploads/2022/10/TD-TC-D-CHIMIE-SEPTEMBRE-N°1.pdf,https://sujetexa.com/index.php/2022/10/01/travaux-diriges-de-chimie-terminale-cd-fiche-n1-septembre-2022-redige-par-domtchueng-hermann-patrick/
Chimie,2022,CHIMIE-COLLÈGE VOGT-CONTROLE-01 MARS 2022-TERMINALE C D-ANNÉE SCOLAIRE 2021-2022,https://sujetexa.com/wp-content/uploads/2022/09/no26_14_sept_2022_sujetexa.com_.pdf,https://sujetexa.com/index.php/2022/09/15/chimie-college-vogt-controle-01-mars-2022-terminale-c-d-annee-scolaire-2021-2022/
Chimie,2022,CHIMIE-COLLÈGE VOGT-CONTROLE-14 DECEMBRE 2022-TERMINALE C D TI-ANNÉE SCOLAIRE 2021-2022,https://sujetexa.com/wp-content/uploads/2022/09/no24_14_sept_2022_sujetexa.com_.pdf,https://sujetexa.com/index.php/2022/09/15/chimie-college-vogt-controle-14-decembre-2022-terminale-c-d-ti-annee-scolaire-2021-2022/
Chimie,2022,CHIMIE PRATIQUE-COLLÈGE VOGT-MINI SESSION-FEVRIER 2022-TERMINALE C D-ANNÉE SCOLAIRE 2021-2022,https://sujetexa.com/wp-content/uploads/2022/09/no21_14_sept_2022_sujetexa.com_.pdf,https://sujetexa.com/index.php/2022/09/15/chimie-pratique-college-vogt-mini-session-fevrier-2022-terminale-c-d-annee-scolaire-2021-2022/
Chimie,2022,CHIMIE-COLLÈGE VOGT-MINI SESSION-FEVRIER 2022-TERMINALE C D-ANNÉE SCOLAIRE 2021-2022,https://sujetexa.com/wp-content/uploads/2022/09/no20_14_sept_2022_sujetexa.com_.pdf,https://sujetexa.com/index.php/2022/09/15/chimie-college-vogt-mini-session-fevrier-2022-terminale-c-d-annee-scolaire-2021-2022/
Chimie,2022,CHIMIE-COLLÈGE VOGT-MINI SESSION-TERMINALE C D TI-09 OCTOBRE 2021-ANNÉE SCOLAIRE 2021-2022,https://sujetexa.com/wp-content/uploads/2022/09/no6_14_sept_2022_sujetexa.com_.pdf,https://sujetexa.com/index.php/2022/09/15/chimie-college-vogt-mini-session-terminale-c-d-ti-09-octobre-2021-annee-scolaire-2021-2022/
Chimie,2022,CHIMIE-COLLÈGE VOGT-MINI SESSION-TERMINALE C D TI-03 NOVEMBRE 2021-ANNÉE SCOLAIRE 2021-2022,https://sujetexa.com/wp-content/uploads/2022/09/no5_14_sept_2022_sujetexa.com_.pdf,https://sujetexa.com/index.php/2022/09/15/chimie-college-vogt-mini-session-terminale-c-d-ti-03-novembre-2021-annee-scolaire-2021-2022/
Chimie,2022,CHIMIE-COLLÈGE VOGT-CONTROLE-TERMINALE C D TI-21 SEPTEMBRE 2021-ANNÉE SCOLAIRE 2021-2022,https://sujetexa.com/wp-content/uploads/2022/09/no4_14_sept_2022_sujetexa.com_.pdf,https://sujetexa.com/index.php/2022/09/15/chimie-college-vogt-controle-terminale-c-d-ti-21-septembre-2021-annee-scolaire-2021-2022/
Chimie,2022,CHIMIE THEORIQUE-TOUMPE INTELLECTUAL GROUPS-Classes :Terminales CD-EXAMEN DE FIN DE COURS DE VACANCES EDITION 2022-Session : Août 2022,https://sujetexa.com/wp-content/uploads/2022/08/TIGps_CHIM-THEO_TCD_Vac2022.pdf,https://sujetexa.com/index.php/2022/08/29/chimie-theorique-toumpe-intellectual-groups-classes-terminales-cd-examen-de-fin-de-cours-de-vacances-edition-2022-session-aout-2022/
Chimie,2022,CHIMIE PRATIQUE-TOUMPE INTELLECTUAL GROUPS-Classes :Terminales CD-EXAMEN DE FIN DE COURS DE VACANCES EDITION 2022-Session : Août 2022,https://sujetexa.com/wp-content/uploads/2022/08/TIGps_CHIM-PRAT_TCD_Vac2022.pdf,https://sujetexa.com/index.php/2022/08/29/chimie-pratique-toumpe-intellectual-groups-classes-terminales-cd-examen-de-fin-de-cours-de-vacances-edition-2022-session-aout-2022/
Chimie,2022,TP CHIMIE-COLLEGE PRIVE LAROUSSE-TERMINALE C D E-EVALUATION N°5-ANNEE SCOLAIRE 2021-2022-EXAMINATEUR :,https://sujetexa.com/wp-content/uploads/2022/05/no7_06_mai_2022_sujetexa.com_.pdf,https://sujetexa.com/index.php/2022/05/06/tp-chimie-college-prive-larousse-terminale-c-d-e-evaluation-n5-annee-scolaire-2021-2022-examinateur/
Chimie,2022,CHIMIE-INSTITUT POLYVALENT BILINGUE LES PINTADES-MINI SESSION D’AVRIL-CLASSE : TLE CD-ANNEE SCOLAIRE 2021-2022,https://sujetexa.com/wp-content/uploads/2022/04/chimie-TCD-mini-session-avril-2022.pdf,https://sujetexa.com/index.php/2022/04/21/chimie-institut-polyvalent-bilingue-les-pintades-mini-session-davril-classe-tle-cd-annee-scolaire-2021-2022/
Chimie,2022,CHIMIE-LYCEE DE BAHOUAN-EXAMEN EVAJUATION N°7-SESSION AVRIL-2022-CLASSE Tle CD-Proposé par : NGNINGANG Rolin(PCEG Chimie),https://sujetexa.com/wp-content/uploads/2022/04/4_5965330521805294707.pdf,https://sujetexa.com/index.php/2022/04/15/chimie-lycee-de-bahouan-examen-evajuation-n7-session-avril-2022-classe-tle-cd-propose-par-ngningang-rolinpceg-chimie/
Chimie,2022,CHIMIE-COLLEGE PRIVE LAÏC LES PHARAONS-TERMINALE C/D-ANNEE SCOLAIRE 2021-2022-EVALUATION N°4-examinateur : FERNAND NGOUENAM,https://sujetexa.com/wp-content/uploads/2022/04/no21_10_avril_2022_sujetexa.com_.pdf,https://sujetexa.com/index.php/2022/04/12/chimie-college-prive-laic-les-pharaons-terminale-c-d-annee-scolaire-2021-2022-evaluation-n4-examinateur-fernand-ngouenam/
Chimie,2022,CHIMIE-LYCEE DE BAHOUAN-EXAMEN CONTROLE N°5-SESSION FEV-2022-CLASSE Tle CD-Proposé par : NGNINGANG Rolin (PCEG Chimie),https://sujetexa.com/wp-content/uploads/2022/04/no1_05_avril_2022_sujetexa.com_.pdf,https://sujetexa.com/index.php/2022/04/05/lycee-de-bahouan-examen-controle-n5-session-fev-2022-classe-tle-cd-propose-par-ngningang-rolin-pceg-chimie/
Chimie,2022,CHIMIE-COLLEGE VOGT-MINI SESSION-ANNEE SCOLAIRE 2021-2022-TERMINALE C/D/TI,https://sujetexa.com/wp-content/uploads/2022/03/no1_12_mars_2022_sujetexa.com_.pdf,https://sujetexa.com/index.php/2022/03/12/chimie-college-vogt-mini-session-annee-scolaire-2021-2022-terminale-c-d-ti/
Chimie,2022,CHIMIE-GENIUS ACADEMY-WEEK-END DU 04/03/2022 AU 06/03/2022-CLASSE : TERMINALE D/C/TI-SOUTIEN BACCALAURÉAT,https://sujetexa.com/wp-content/uploads/2022/03/TD-CHIMIE-N°5-acide-base.pdf,https://sujetexa.com/index.php/2022/03/06/chimie-genius-academy-week-end-du-04-03-2022-au-06-03-2022-classe-terminale-d-c-ti-soutien-baccalaureat/
Chimie,2022,"Chimie-COLLEGE PRIVE MONTESQUIEU-Année Scolaire 2021/2022-Evaluation °2-Classe: Tle C, D-examinateur : M. TAKOU Sophonie",https://sujetexa.com/wp-content/uploads/2022/02/no58_03_fev_2022_sujetexa.com_.pdf,https://sujetexa.com/index.php/2022/02/15/chimie-college-prive-montesquieu-annee-scolaire-2021-2022-evaluation-2-classe-tle-c-d-examinateur-m-takou-sophonie/
Chimie,2022,CHIMIE-COLLEGE PRIVE MONGO BETI-EVALUATION N°4-CLASSE : TLE C/D-ANNEE SCOLAIRE 2021-2022-Professeur : LAMBA LEOPOLD.M,https://sujetexa.com/wp-content/uploads/2022/02/no49_08_fev_2022_sujetexa.com_.pdf,https://sujetexa.com/index.php/2022/02/09/chimie-college-prive-mongo-beti-evaluation-n4-classe-tle-c-d-annee-scolaire-2021-2022-professeur-lamba-leopold-m/
Chimie,2022,CHIMIE-COLLEGE PRIVE BILINGUE MONTESQUIEU-ANNEE SCOLAIRE 2021-2022-DEVOIR N°3-CLASSE : TCD,https://sujetexa.com/wp-content/uploads/2022/02/no52_03_fev_2022_sujetexa.com_.pdf,https://sujetexa.com/index.php/2022/02/04/chimie-college-prive-bilingue-montesquieu-annee-scolaire-2021-2022-devoir-n3-classe-tcd/
Chimie,2022,CHIMIE-COLLEGE PRIVE BILINGUE MADELEINE-ANNEE SCOLAIRE 2021-2022-CLASSE : TCD,https://sujetexa.com/wp-content/uploads/2022/02/no40_03_fev_2022_sujetexa.com_.pdf,https://sujetexa.com/index.php/2022/02/04/chimie-college-prive-bilingue-madeleine-annee-scolaire-2021-2022-classe-tcd/
Chimie,2022,CHIMIE-COLLEGE PRIVE BILINGUE-MONTESQUIEU-SEQUENCE N°3-ANNEE SCOLAIRE 2021-2022-CLASSE :TCD,https://sujetexa.com/wp-content/uploads/2022/02/no15_27_jan_2022_sujetexa.com_.pdf,https://sujetexa.com/index.php/2022/02/04/chimie-college-prive-bilingue-montesquieu-sequence-n3-annee-scolaire-2021-2022-classe-tcd/
Chimie,2022,"CHIMIE THEORIQUE-LYCEE BILINGUE DE ZENMEH DSCHANG-Tle C,D-ANNEE SCOLAIRE 2021 / 2022",https://sujetexa.com/wp-content/uploads/2022/01/no1_30_jan_2022_sujetexa.com_.pdf,https://sujetexa.com/index.php/2022/01/30/chimie-theorique-lycee-bilingue-de-zenmeh-dschang-tle-cd-annee-scolaire-2021-2022/
Chimie,2022,CHIMIE-GENIUS ACADEMY ORIENTATION–FORMATION–REUSSITE WEEK-END DU 14 /01/2022 AU 16/01 /2022-CLASSE : TERMINALE C D E TI,https://sujetexa.com/wp-content/uploads/2022/01/TD-CHIMIE-GA-N°4-OK_075247.pdf,https://sujetexa.com/index.php/2022/01/15/chimie-genius-academy-orientation-formation-reussite-ween-end-du-14-01-2022-au-16-01-2022-classe-terminale-c-d-e-ti/
Chimie,2022,CHIMIE-FONDATION REVELATION Ste THERESE-Année scolaire 2021/2022-Classe de TERMINALE C/D-Session intensive N°3-Date : janvier 2022,https://sujetexa.com/wp-content/uploads/2022/01/épreuve-Tle-CD-CHIMIE-seq3-FONDATION.pdf,https://sujetexa.com/index.php/2022/01/15/chimie-fondation-revelation-ste-therese-annee-scolaire-2021-2022-classe-de-terminale-c-d-session-intensive-n2-date-janvier-2022/
Chimie,2022,"CHIMIE-EVALUATION SOMMATIVE DE FIN DU PREMIER TRIMESTRE-TOumpé Intellectual Groups , Le N°1 du E-learning-TERMINALE A C.D.E./TI-ANNÉE SCOLAIRE 2021/2022",https://sujetexa.com/wp-content/uploads/2022/01/TIGps_EB1_CHIM_T-CDE_Dec2021.pdf,https://sujetexa.com/index.php/2022/01/09/chimie-evaluation-sommative-de-fin-du-premier-trimestre-toumpe-intellectual-groups-le-n1-du-e-learning-terminale-a-c-d-e-ti-annee-scolaire-2021-2022/
Chimie,2022,"CHIMIE-GENIUS ACADEMY ORIENTATION–FORMATION–REUSSITE WEEN-END DU 06 /01/2022 AU 08/01 /2022-CLASSE : TERMINALE C, D ET TI",https://sujetexa.com/wp-content/uploads/2022/01/TD-CHIMIE-N°4-GA.pdf,https://sujetexa.com/index.php/2022/01/09/chimie-genius-academy-orientation-formation-reussite-ween-end-du-06-01-2022-au-08-01-2022-classe-terminale-c-d-et-ti/
Chimie,2022,CHIMIE-COLLEGE PRIVE LAÏC MONGO BETI-ANNÉE SCOLAIRE 2021-2022-SÉQUENCE N°3-TERMINALE C/D-Professeur : M. LAMBA LEOPOLD,https://sujetexa.com/wp-content/uploads/2021/12/coll_mongo_beti_TC-TD_chimie_seq3_2021-2022_sujetexa.com_.pdf,https://sujetexa.com/index.php/2021/12/30/chimie-college-prive-laic-mongo-beti-annee-scolaire-2021-2022-sequence-n3-terminale-c-d-professeur-m-lamba-leopold/
Chimie,2022,"CHIMIE THEORIQUE-LYCEE BILINGUE DE ZENMEH DSCHANG-EVALUATION N°3-ANNEE 2021 / 2022-Tle C,D-Proposée par TCHOUANYO/PLEG",https://sujetexa.com/wp-content/uploads/2021/12/ly_zenmeh_dschang_chimie_TC-TD_seq3_2021-2022_sujetexa.com_.pdf,https://sujetexa.com/index.php/2021/12/24/chimie-theorique-lycee-bilingue-de-zenmeh-dschang-evaluation-n3-annee-2021-2022-tle-cd-proposee-par-tchouanyo-pleg/
Chimie,2022,CHIMIE-LYCÉE DE GUIDER-  ANNÉE SCOLAIRE 2021- 2022- EVALUATION N°2-TERMINALE C/D,https://sujetexa.com/wp-content/uploads/2021/12/ly_guider_chimie_TC-TD_seq2_2021-2022_sujetexa.com_.pdf,https://sujetexa.com/index.php/2021/12/24/chimie-lycee-de-guider-annee-scolaire-2021-2022-evaluation-n2-terminale-c-d/
Chimie,2022,TRAVAUX PRATIQUE CHIMIE-LYCEE D’OYACK(Zone industrielle Douala)-  -Année scolaire 2021/2022-Classe : Terminale C et D  Séquence 2-,https://sujetexa.com/wp-content/uploads/2021/12/lyoyak_TC-TD_chimie_seq2_2021-2022_sujetexa.com_.pdf,https://sujetexa.com/index.php/2021/12/22/travaux-pratique-chimie-lycee-doyackzone-industrielle-douala-annee-scolaire-2021-2022-classe-terminale-c-et-d-sequence-2/
Chimie,2022,CHIMIE-FONDATION REVELATION Ste THERESE- Date:Novembre 2021- TERMINALE C/D-Année scolaire:2021/2022-SESSION INTENSIVE N°2-FOE AMOUGOU SERGE THIERRY,https://sujetexa.com/wp-content/uploads/2021/12/Tle-D-CHM-SS2.pdf,https://sujetexa.com/index.php/2021/12/17/chimie-fondation-revelation-ste-therese-datenovembre-2021-terminale-c-d-annee-scolaire2021-2022-session-intensive-n2-foe-amougou-serge-thierry/
Chimie,2022,CHIMIE-COLLEGE PRIVE MONGO BETI- ANNÉE SCOLAIRE 2021-2022-EVALUATION N°2-TERMINALES C/D-Professeur: M. LAMBA LEOPOLD,https://sujetexa.com/wp-content/uploads/2021/12/coll_mongo_beti_TC-TD_chimie_seq2_2021-2022_sujetexa.com_.pdf,https://sujetexa.com/index.php/2021/12/02/chimie-college-prive-mongo-beti-annee-scolaire-2021-2022-evaluation-n2-terminales-c-d-professeur-m-lamba-leopold/
Chimie,2022,Chimie-Collège Jean-Paul II-  Année scolaire : 2021/2022- Evaluation:1-Classe : TLe C & D-Epreuve proposée par M. Rakwa Djaowe Calvain,https://sujetexa.com/wp-content/uploads/2021/11/4_6019185297118464581.pdf,https://sujetexa.com/index.php/2021/11/23/chimie-college-jean-paul-ii-annee-scolaire-2021-2022-evaluation1-classe-tle-c-d-epreuve-proposee-par-m-rakwa-djaowe-calvain/
Chimie,2022,CHIMIE-INSTITUT BILINGUE NGASSI- SESSSION : Octobre 2021- 1ère SEQUENCE -Tle CD- ANNEE SCOLAIRE 2021/2022 -Rédigé et proposé par Péguy Tchamgoué Njianleu – diplômé en science de l’ingénierie.,https://sujetexa.com/wp-content/uploads/2021/11/4_5999125781211515159.pdf,https://sujetexa.com/index.php/2021/11/22/chimie-institut-bilingue-ngassi-sesssion-octobre-2021-1ere-sequence-tle-cd-annee-scolaire-2021-2022-redige-et-propose-par-peguy-tchamgoue-njianleu-diplome-en-science-de-linge/
Chimie,2022,"EPREUVE DE TRAVAUX PRATIQUES DE CHIMIE- CONTRÔLE CONTINU N°1 DU PREMIER TRIMESTRE- TOumpé Intellectual Groups , Le N°1 du E-learning-TERMINALE C/D-ANNÉE SCOLAIRE 2021/2022",https://sujetexa.com/wp-content/uploads/2021/10/TIGps_CC1_TP-CHIM_T-CD_Oct2021.pdf,https://sujetexa.com/index.php/2021/10/22/epreuve-de-travaux-pratiques-de-chimie-controle-continu-n1-du-premier-trimestre-toumpe-intellectual-groups-le-n1-du-e-learning-terminale-c-d-annee-scolaire-2021-2022/
Chimie,2022,"EPREUVE THEORIQUE DE CHIMIE-CONTROLE CONTINU N°1 DU PREMIER TRIMESTRE-TOumpé Intellectual Groups , Le N°1 du E-learning-TERMINALE C/D/E/TI-ANNÉE SCOLAIRE 2021/2022",https://sujetexa.com/wp-content/uploads/2021/10/TIGps_CC1_CHIM_T-CDETI_Oct2021.pdf,https://sujetexa.com/index.php/2021/10/21/epreuve-theorique-de-chimie-controle-continu-n1-du-premier-trimestre-toumpe-intellectual-groups-le-n1-du-e-learning-terminale-c-d-e-ti-annee-scolaire-2021-2022/
Chimie,2022,CHIMIE-LYCEE DE NYAMBOYA-Tle C&D-Année Scolaire 2021-2022-Evaluation N°1-PROPOSEE PAR M HAMMAWA MICHEL,https://sujetexa.com/wp-content/uploads/2021/10/Eval-1-tle-CD-1.pdf,https://sujetexa.com/index.php/2021/10/20/chimie-lycee-de-nyamboya-tle-cd-annee-scolaire-2021-2022-evaluation-n1-proposee-par-m-hammawa-michel/
Chimie,2022,CHIMIE-COLLÈGE PRIVÉ MONGO BETI-ÉVALUATION N°1-TERMINALE C/D-ANNÉE SCOLAIRE 2021-2022-PROFESSEUR:LAMBA LEOPOLD,https://sujetexa.com/wp-content/uploads/2021/10/coll_mongo_beti_TC_TD_chimie_seq1_2021-2022_sujetexa.com_.pdf,https://sujetexa.com/index.php/2021/10/13/chimie-college-prive-mongo-beti-evaluation-n1-terminale-c-d-annee-scolaire-2021-2022-professeurlamba-leopold/
Chimie,2022,"FICHE DE TRAVAUX DIRIGÉS DE CHIMIE N°2-TOumpé Intellectual Groups , Le N°1 du E-learning-TERMINALE C/D/E/TI-ANNÉE SCOLAIRE 2021/2022",https://sujetexa.com/wp-content/uploads/2021/09/TIGps_TPE-2_CHIMIE_T-CDETI.pdf,https://sujetexa.com/index.php/2021/09/17/fiche-de-travaux-diriges-de-chimie-n2-toumpe-intellectual-groups-le-n1-du-e-learning-terminale-c-d-e-ti-annee-scolaire-2021-2022/
Chimie,2022,"FICHE DE TRAVAUX DIRIGÉS DE CHIMIE N°1-TOumpé Intellectual Groups , Le N°1 du E-learning-TERMINALE C/D/E/TI-ANNÉE SCOLAIRE 2021/2022",https://sujetexa.com/wp-content/uploads/2021/09/TIGps_TPE-1_CHIMIE_T-CDETI.pdf,https://sujetexa.com/index.php/2021/09/17/fiche-de-travaux-diriges-de-chimie-n1-toumpe-intellectual-groups-le-n1-du-e-learning-terminale-c-d-e-ti-annee-scolaire-2021-2022/
Informatique,2022,INFORMATIQUE-COLLEGE PERE MONTI-TLeCD-TRIMESTRE 3-MARS 2022,https://sujetexa.com/wp-content/uploads/2023/03/no9_TACD_01_mars_2023_sujetexa.com_.pdf,https://sujetexa.com/index.php/2023/03/01/informatique-college-pere-monti-tlecd-trimestre-3-mars-2022/
Informatique,2022,"INFORMATIQUE-COLLEGE DE LA RETRAITE-TERMINALE C,D-ANNEE SCOLAIRE 2022-2023-OCTOBRE 2022",https://sujetexa.com/wp-content/uploads/2022/12/sortiefj.pdf,https://sujetexa.com/index.php/2022/12/20/informatique-college-de-la-retraite-terminale-cd-annee-scolaire-2022-2023-octobre-2022/
Informatique,2022,"INFORMATIQUE THÉORIQUE-Lycée Classique et Moderne de Garoua-Séquence 2-Année : 2021/2022-Tle C,D-Proposé par HAMIDOU MOHAMAN D.",https://sujetexa.com/wp-content/uploads/2022/12/4_5827737963122920986.pdf,https://sujetexa.com/index.php/2022/12/17/informatique-theorique-lycee-classique-et-moderne-de-garoua-sequence-2-annee-2021-2022-tle-cd-propose-par-hamidou-mohaman-d/
Informatique,2022,"INFORMATIQUE-COLLEGE PRIVE MONTESQUIEU-CLASSE DE TLe C,D-SEQUENCE 5-ANNEE SCOLAIRE 2021-2022-enseignant : Ing. LINGENG Patrice Daniel",https://sujetexa.com/wp-content/uploads/2022/11/no3_10_nov_2022_sujetexa.com_.pdf,https://sujetexa.com/index.php/2022/11/10/informatique-college-prive-montesquieu-classe-de-tle-cd-sequence-5-annee-scolaire-2021-2022-enseignant-ing-lingeng-patrice-daniel/
Informatique,2022,"INFORMATIQUE-COLLEGE BILINGUE PRIVE MONTESQUIEU-TERMINALE C,D-SEQUENCE N°2-ANNEE SCOLAIRE 2021-2022",https://sujetexa.com/wp-content/uploads/2022/10/no24_29_oct_2022_sujetexa.com_.pdf,https://sujetexa.com/index.php/2022/10/29/informatique-college-bilingue-prive-montesquieu-terminale-cd-sequence-n2-annee-scolaire-2021-2022/
Informatique,2022,INFORMATIQUE THEORIQUE-COLLÈGE VOGT-CONTROLE-TERMINALE C D-SEQUENCE 3-15 JANVIER 2022-ANNÉE SCOLAIRE 2021-2022,https://sujetexa.com/wp-content/uploads/2022/09/no65_14_sept_2022_sujetexa.com_.pdf,https://sujetexa.com/index.php/2022/09/15/informatique-theorique-college-vogt-controle-terminale-c-d-sequence-3-15-janvier-2022-annee-scolaire-2021-2022/
Informatique,2022,INFORMATIQUE THEORIQUE-COLLÈGE VOGT-MINI SESSION-TERMINALE C-SEQUENCE 2-03 NOVEMBRE 2021-ANNÉE SCOLAIRE 2021-2022,https://sujetexa.com/wp-content/uploads/2022/09/no64_14_sept_2022_sujetexa.com_.pdf,https://sujetexa.com/index.php/2022/09/15/informatique-theorique-college-vogt-mini-session-terminale-c-sequence-2-03-novembre-2021-annee-scolaire-2021-2022/
Informatique,2022,INFORMATIQUE THEORIQUE-COLLÈGE VOGT-CONTROLE-TERMINALE C D-01 FEVRIER 2022-ANNÉE SCOLAIRE 2021-2022,https://sujetexa.com/wp-content/uploads/2022/09/no63_14_sept_2022_sujetexa.com_.pdf,https://sujetexa.com/index.php/2022/09/15/informatique-theorique-college-vogt-controle-terminale-c-d-01-fevrier-2022-annee-scolaire-2021-2022/
Informatique,2022,INFORMATIQUE-COLLÈGE VOGT-CONTROLE SEQUENCE 1-TERMINALE C D-ANNÉE SCOLAIRE 2021-2022,https://sujetexa.com/wp-content/uploads/2022/09/no9_14_sept_2022_sujetexa.com_.pdf,https://sujetexa.com/index.php/2022/09/15/informatique-college-vogt-controle-sequence-1-terminale-c-d-annee-scolaire-2021-2022/
Informatique,2022,EPREUVE THEORIQUE D’INFORMATIQUE-TOUMPE INTELLECTUAL GROUPS-Classes : Terminales CDE-EXAMEN DE FIN DE COURS DE VACANCES EDITION 2022-Session : Août 2022,https://sujetexa.com/wp-content/uploads/2022/08/TIGps_INFO_TCD_Vac2022.pdf,https://sujetexa.com/index.php/2022/08/29/epreuve-theorique-dinformatique-toumpe-intellectual-groups-classes-terminales-cde-examen-de-fin-de-cours-de-vacances-edition-2022-session-aout-2022/
Informatique,2022,INFORMATIQUE-COLLÈGE PRIVE LAÏC MONGO BETI-SEQUENCE N°6-TCD-ANNEE SCOLAIRE 2021-2022-PROFESSEUR : BIEM KIT MAKONGO EMMANUEL,https://sujetexa.com/wp-content/uploads/2022/05/no15_18_mai_2022_sujetexa.com_.pdf,https://sujetexa.com/index.php/2022/05/18/informatique-college-prive-laic-mongo-beti-sequence-n6-tcd-annee-scolaire-2021-2022-professeur-biem-kit-makongo-emmanuel/
Informatique,2022,INFORMATIQUE-LYCEE BILINGUE DE LATSUET-TSINMELIEU-Classes : Terminales C.D-Année Scolaire : 2021-2022-Contrôle Continu N°6-Mai 2022-Examinateur : M. TOumpé ERIC,https://sujetexa.com/wp-content/uploads/2022/05/LBL_CC6_INFO_T-CD.pdf,https://sujetexa.com/index.php/2022/05/13/informatique-lycee-bilingue-de-latsuet-tsinmelieu-classes-terminales-c-d-annee-scolaire-2021-2022-controle-continu-n6-mai-2022-examinateur-m-toumpe-eric/
Informatique,2022,INFORMATIQUE-COLLEGE PRIVE LAÏC LES PHARAONS-TERMINALE C/D-ANNEE SCOLAIRE 2021-2022-EVALUATION N°4-examinateur :,https://sujetexa.com/wp-content/uploads/2022/04/no13_10_avril_2022_sujetexa.com_.pdf,https://sujetexa.com/index.php/2022/04/11/informatique-college-prive-laic-les-pharaons-terminale-c-d-annee-scolaire-2021-2022-evaluation-n4-examinateur/
Informatique,2022,INFORMATIQUE-LYCEE BILINGUE DE LATSUET-TSINMELIEU-Année Scolaire : 2021–2022-Classes : Terminales C.D: Contrôle Continu N°5-Date : Date : Mars 2022-Examinateur : M. TOumpé ERIC,https://sujetexa.com/wp-content/uploads/2022/04/LBL_CC5_INFO_T-CD.pdf,https://sujetexa.com/index.php/2022/04/06/informatique-lycee-bilingue-de-latsuet-tsinmelieu-annee-scolaire-2021-2022-classes-terminales-c-d-controle-continu-n5-date-date-mars-2022-examinateur-m-toumpe-eric/
Informatique,2022,INFORMATIQUE-LYCEE BILINGUE DE LATSUET-TSINMELIEU-Année Scolaire : 2021–2022-Examen : Contrôle Continu N°3-Classes : Terminales C.D-Date : Janvier 2022-Examinateur : M. TOumpé ERIC,https://sujetexa.com/wp-content/uploads/2022/03/sortieJ.pdf,https://sujetexa.com/index.php/2022/03/26/informatique-lycee-bilingue-de-latsuet-tsinmelieu-annee-scolaire-2021-2022-examen-controle-continu-n3-classes-terminales-c-d-date-janvier-2022-examinateur-m-toumpe-eric/
Informatique,2022,INFORMATIQUE-LYCEE BILINGUE DE LATSUET-TSINMELIEU-Année Scolaire : 2021–2022-Examen : Contrôle Continu N°4-Classes : Terminales C.D-Date : Mars 2022-Examinateur : M. TOumpé ERIC,https://sujetexa.com/wp-content/uploads/2022/03/AsortieP.pdf,https://sujetexa.com/index.php/2022/03/26/informatique-lycee-bilingue-de-latsuet-tsinmelieu-annee-scolaire-2021-2022-examen-controle-continu-n4-classes-terminales-c-d-date-mars-2022-examinateur-m-toumpe-eric/
Informatique,2022,INFORMATIQUE-COLLEGE PRIVE MONGO BETI-ANNEE SCOLAIRE 2021-2022-SEQUENCE N°5-TERMINALE C/D-PROFESSEUR : BIEM KIT MAKONGO EMMANUEL,https://sujetexa.com/wp-content/uploads/2022/03/no6_24_mars_2022_sujetexa.com_.pdf,https://sujetexa.com/index.php/2022/03/24/informatique-college-prive-mongo-beti-annee-scolaire-2021-2022-sequence-n5-terminale-c-d-professeur-biem-kit-makongo-emmanuel/
Informatique,2022,INFORMATIQUE-COLLEGE BILINGUE LES MASTERS-TERMINALE CD-ANNEE SCOLAIRE 2021-2022-EXAMINATEUR : RODRIGUE L . NYASSA,https://sujetexa.com/wp-content/uploads/2022/03/4_5812350813288270723.pdf,https://sujetexa.com/index.php/2022/03/12/informatique-college-bilingue-les-masters-terminale-cd-annee-scolaire-2021-2022-examinateur-rodrigue-l-nyassa/
Informatique,2022,INFORMATIQUE-LYCEE BILINGUE DE LATSUET-TSINMELIEU-Année Scolaire : 2021–2022-Classe :Terminales C.D-Date : Mars 2022-Examinateur : M. TOumpé ERIC,https://sujetexa.com/wp-content/uploads/2022/03/LBL_CC4_INFO_T-CD-1.pdf,https://sujetexa.com/index.php/2022/03/02/informatique-lycee-bilingue-de-latsuet-tsinmelieu-annee-scolaire-2021-2022-classe-terminales-c-d-date-mars-2022-examinateur-m-toumpe-eric/
Informatique,2022,INFORMATIQUE-LYCEE BILINGUE DE DSCHANG-Classe : TCD-ANNEE SCOLAIRE: 2021/ 2022-PROPOSEE PAR Georges TCHUENTE NJIMFO,https://sujetexa.com/wp-content/uploads/2022/02/4_5819056794835619712.pdf,https://sujetexa.com/index.php/2022/02/28/informatique-lycee-bilingue-de-dschang-classe-tcd-annee-scolaire-2021-2022-proposee-par-georges-tchuente-njimfo/
Informatique,2022,ÉPREUVE THÉORIQUE D’INFORMATIQUE-LYCEE DE MANJO -EVALUATION DU TRIMESTRE N°2 SEQUENCE N°3-ANNEE SCOLAIRE : 2021-2022-CLASSE : TLe C/D-M. TCHUETKEUA Duclo(PLEG),https://sujetexa.com/wp-content/uploads/2022/02/4_5807679404993678723.pdf,https://sujetexa.com/index.php/2022/02/22/epreuve-theorique-dinformatique-lycee-de-manjo-evaluation-du-trimestre-n2-sequence-n3-annee-scolaire-2021-2022-classe-tle-c-d-m-tchuetkeua-duclopleg/
Informatique,2022,"INFORMATIQUE PRIVE-COLLEGE MONTESQUIEU-Année Scolaire 2021/2022-Evaluation °2-Classe: Tle C, D-examinateur : LINGENG PATRICE DANIEL",https://sujetexa.com/wp-content/uploads/2022/02/no56_03_fev_2022_sujetexa.com_.pdf,https://sujetexa.com/index.php/2022/02/15/informatique-prive-college-montesquieu-annee-scolaire-2021-2022-evaluation-2-classe-tle-c-d-examinateur-lingeng-patrice-daniel/
Informatique,2022,INFORMATIQUE THEORIQUE-LYCEE DE KEKEM-Evaluation n°4 (Janvier 2022)-Niveau : Tle C-D-E-Examinateur : NJOUONANG Christian >> PLEG,https://sujetexa.com/wp-content/uploads/2022/02/no8_10_fev_2022_sujetexa.com_.pdf,https://sujetexa.com/index.php/2022/02/11/informatique-theorique-lycee-de-kekem-evaluation-n4-janvier-2022-niveau-tle-c-d-e-examinateur-njouonang-christian-pleg/
Informatique,2022,INFORMATIQUE-COLLEGE PRIVE MONGO BETI-EVALUATION N°4-CLASSE : TLes C/D -ANNEE SCOLAIRE 2021-2022-Professeur : BIEM KIT MAKONGO EMMANUEL,https://sujetexa.com/wp-content/uploads/2022/02/no3_07_fev_2022_sujetexa.com_-1.pdf,https://sujetexa.com/index.php/2022/02/09/informatique-college-prive-mongo-beti-evaluation-n4-classe-tles-c-d-annee-scolaire-2021-2022-professeur-biem-kit-makongo-emmanuel/
Informatique,2022,INFORMATIQUE-COLLEGE PRIVE LAïC LES PHARAONS-SEQUENCE N°3-ClASSE: TCD-Année scolaire: 2021/2022-,https://sujetexa.com/wp-content/uploads/2022/01/no62_22_jan_2022_sujetexa.com_.pdf,https://sujetexa.com/index.php/2022/01/28/informatique-college-prive-laic-les-pharaons-sequence-n3-classe-tcd-annee-scolaire-2021-2022/
Informatique,2022,INFORMATIQUE-LYCEE BILINGUE DE LATSUET-TSINMELIEU-Classe : TERMINALE C/D-Contrôle Continu N°3-Année Scolaire : 2021–2022-Examinateur : M. TOumpé ERIC,https://sujetexa.com/wp-content/uploads/2022/01/LBL_CC3_INFO_T-CD.pdf,https://sujetexa.com/index.php/2022/01/14/informatique-lycee-bilingue-de-latsuet-tsinmelieu-classe-terminale-c-d-controle-continu-n3-annee-scolaire-2021-2022-examinateur-m-toumpe-eric/
Informatique,2022,"INFORMATIQUES- FICHE DE TRAVAUX DIRIGES D’INFORMATIQUE N°6-TOumpé Intellectual Groups , Le N°1 du E-learning-TERMINALE A.C.D.E-ANNÉE SCOLAIRE 2021/2022",https://sujetexa.com/wp-content/uploads/2022/01/TIGps_TPE-6_INFO_-T-ACDE.pdf,https://sujetexa.com/index.php/2022/01/09/informatiques-fiche-de-travaux-diriges-dinformatique-n6-toumpe-intellectual-groups-le-n1-du-e-learning-terminale-a-c-d-e-annee-scolaire-2021-2022/
Informatique,2022,INFORMATIQUE-COLLEGE PRIVE LAÏC MONGO BETI-ANNÉE SCOLAIRE 2021-2022-SÉQUENCE N°3-TERMINALE C/D-Professeur : BIEM KIT MAKONGO EMMANUEL,https://sujetexa.com/wp-content/uploads/2021/12/coll_mongo_beti_TC-TD_info_seq3_2021-2022_sujetexa.com_.pdf,https://sujetexa.com/index.php/2021/12/30/informatique-college-prive-laic-mongo-beti-annee-scolaire-2021-2022-sequence-n3-terminale-c-d-professeur-biem-kit-makongo-emmanuel/
Informatique,2022,INFORMATIQUE-COLLEGE PRIVE MONGO BETI- ANNÉE SCOLAIRE 2021-2022-EVALUATION N°2-TERMINALES C/D-Nom du professeur: BIEM KIT MAKONGO EMMANUEL,https://sujetexa.com/wp-content/uploads/2021/12/coll_mongo_beti_TC-TD_info_seq2_2021-2022_sujetexa.com_.pdf,https://sujetexa.com/index.php/2021/12/02/informatique-college-prive-mongo-beti-annee-scolaire-2021-2022-evaluation-n2-terminales-c-d-nom-du-professeur-biem-kit-makongo-emmanuel/
Informatique,2022,"FICHE DE TRAVAUX DIRIGES D’INFORMATIQUE N°5- TOumpé Intellectual Groups , Le N°1 du E-learning-Terminales C.D.E-ANNÉE SCOLAIRE 2021/2022",https://sujetexa.com/wp-content/uploads/2021/11/TIGps_TPE-5_INFO_-T-CDE.pdf,https://sujetexa.com/index.php/2021/11/27/fiche-de-travaux-diriges-dinformatique-n5-toumpe-intellectual-groups-le-n1-du-e-learning-terminales-c-d-e-annee-scolaire-2021-2022/
Informatique,2022,INFORMATIQUE-LYCEE DE DJEU-EVALUATION N°2-ANNEE SCOLAIRE : 2021–2022-TERMINALE C/D-Proposée par : NJOFANG Raoul,https://sujetexa.com/wp-content/uploads/2021/11/sortie4.pdf,https://sujetexa.com/index.php/2021/11/11/informatique-lycee-de-djeu-evaluation-n2-annee-scolaire-2021-2022-terminale-c-d-proposee-par-njofang-raoul/
Informatique,2022,"EPREUVE THEORIQUE D’INFORMATIQUE-CONTROLE CONTINU N°1 DU PREMIER TRIMESTRE- TOumpé Intellectual Groups , Le N°1 du E-learning-TERMINALE C/D/e-ANNÉE SCOLAIRE 2021/2022",https://sujetexa.com/wp-content/uploads/2021/10/TIGps_CC1_INFO_T-CDE_Oct2021.pdf,https://sujetexa.com/index.php/2021/10/23/epreuve-theorique-dinformatique-controle-continu-n1-du-premier-trimestre-toumpe-intellectual-groups-le-n1-du-e-learning-terminale-c-d-e-annee-scolaire-2021-2022/
Informatique,2022,"FICHE DE TRAVAUX DIRIGES D’INFORMATIQUE N°4-TOumpé Intellectual Groups , Le N°1 du E-learning-TERMINALE C/D/E-ANNÉE SCOLAIRE 2021/2022",https://sujetexa.com/wp-content/uploads/2021/10/TIGps_TPE-4_INFO_T-CDE.pdf,https://sujetexa.com/index.php/2021/10/16/fiche-de-travaux-diriges-dinformatique-n4-toumpe-intellectual-groups-le-n1-du-e-learning-terminale-c-d-e-annee-scolaire-2021-2022/
Informatique,2022,"FICHE DE TRAVAUX DIRIGES D’INFORMATIQUE N°3-TOumpé Intellectual Groups , Le N°1 du E-learning-TERMINALE C/D/E-ANNÉE SCOLAIRE 2021/2022",https://sujetexa.com/wp-content/uploads/2021/10/TIGps_TPE-3_INFO_T-CDE.pdf,https://sujetexa.com/index.php/2021/10/16/fiche-de-travaux-diriges-dinformatique-n3-toumpe-intellectual-groups-le-n1-du-e-learning-terminale-c-d-e-annee-scolaire-2021-2022/
Informatique,2022,"FICHE DE TRAVAUX DIRIGES D’INFORMATIQUE N°2-TOumpé Intellectual Groups , Le N°1 du E-learning-TERMINALE C/D/E-ANNÉE SCOLAIRE 2021/2022",https://sujetexa.com/wp-content/uploads/2021/10/TIGps_TPE-2_INFO_T-CDE.pdf,https://sujetexa.com/index.php/2021/10/16/fiche-de-travaux-diriges-dinformatique-n2-toumpe-intellectual-groups-le-n1-du-e-learning-terminale-c-d-e-annee-scolaire-2021-2022/
Informatique,2022,INFORMATIQUE-COLLÈGE PRIVÉ MONGO BETI-ÉVALUATION N°1-TERMINALE C/D-ANNÉE SCOLAIRE 2021-2022-PROFESSEUR: BIEM KIT MAKONGO EMANNUEL,https://sujetexa.com/wp-content/uploads/2021/10/coll_mongo_beti_TC_TD_info_seq1_2021-2022_sujetexa.com_.pdf,https://sujetexa.com/index.php/2021/10/14/informatique-college-prive-mongo-beti-evaluation-n1-terminale-c-d-annee-scolaire-2021-2022-professeur-biem-kit-makongo-emannuel/
Informatique,2022,INFORMATIQUE-COLLEGE P. B. L. NDOG-MBE-CLASSE : TERMINALE C/D-ANNEE SCOLAIRE 2021 / 2022-EXAMINATEUR : DEPARTEMENT INFORM.,,https://sujetexa.com/index.php/2021/10/06/informatique-college-p-b-l-ndog-mbe-classe-terminale-c-d-annee-scolaire-2021-2022-examinateur-departement-inform/
Informatique,2022,"FICHE DE TRAVAUX DIRIGES D’INFORMATIQUE N°1-TOumpé Intellectual Groups , Le N°1 du E-learning-TERMINALES A/C/D/E-ANNÉE SCOLAIRE 2021/2022",https://sujetexa.com/wp-content/uploads/2021/09/TIGps_TPE-1_INFO_T-ACDE.pdf,https://sujetexa.com/index.php/2021/09/25/fiche-de-travaux-diriges-dinformatique-n1-toumpe-intellectual-groups-le-n1-du-e-learning-terminales-a-c-d-e-annee-scolaire-2021-2022/
Geographie,2022,"GEOGRAPHIE-LYCEE DE BAMENYAM- Evaluation N°6-TERMINALE A,C,D-Année Scolaire 2021-2022-Enseignant: NANA Golbain",https://sujetexa.com/wp-content/uploads/2022/09/4_5868356826050858325.pdf,https://sujetexa.com/index.php/2022/09/27/geographie-lycee-de-bamenyam-evaluation-n6-terminale-acd-annee-scolaire-2021-2022-enseignant-nana-golbain/
Geographie,2022,"GEOGRAPHIE-LYCEE DE BAMENYAM- Evaluation N°5-TERMINALE A,C,D-Année Scolaire 2021-2022-Enseignant: NANA Golbain",https://sujetexa.com/wp-content/uploads/2022/09/4_5868356826050858324.pdf,https://sujetexa.com/index.php/2022/09/27/geographie-lycee-de-bamenyam-evaluation-n5-terminale-acd-annee-scolaire-2021-2022-enseignant-nana-golbain/
Geographie,2022,"GEOGRAPHIE-LYCEE DE BAMENYAM- Evaluation N°4-TERMINALE A,C,D-Année Scolaire 2021-2022-Enseignant: NANA Golbain",https://sujetexa.com/wp-content/uploads/2022/09/4_5868356826050858323.pdf,https://sujetexa.com/index.php/2022/09/27/geographie-lycee-de-bamenyam-evaluation-n4-terminale-acd-annee-scolaire-2021-2022-enseignant-nana-golbain/
Geographie,2022,"GEOGRAPHIE-LYCEE DE BAMENYAM- Evaluation N°3-TERMINALE A,C,D-Année Scolaire 2021-2022-Enseignant: NANA Golbain",https://sujetexa.com/wp-content/uploads/2022/09/4_5868356826050858322.pdf,https://sujetexa.com/index.php/2022/09/27/geographie-lycee-de-bamenyam-evaluation-n3-terminale-acd-annee-scolaire-2021-2022-enseignant-nana-golbain/
Geographie,2022,"GEOGRAPHIE-LYCEE DE BAMENYAM- Evaluation N°2-TERMINALE A,C,D-Année Scolaire 2021-2022-Enseignant: NANA Golbain",https://sujetexa.com/wp-content/uploads/2022/09/4_5868356826050858321.pdf,https://sujetexa.com/index.php/2022/09/27/geographie-lycee-de-bamenyam-evaluation-n2-terminale-acd-annee-scolaire-2021-2022-enseignant-nana-golbain/
Geographie,2022,"GEOGRAPHIE-LYCEE DE BAMENYAM- Evaluation N°1-TERMINALE A,C,D-Année Scolaire 2021-2022-Enseignant: NANA Golbain",https://sujetexa.com/wp-content/uploads/2022/09/4_5868356826050858320.pdf,https://sujetexa.com/index.php/2022/09/27/geographie-lycee-de-bamenyam-evaluation-n1-terminale-acd-annee-scolaire-2021-2022-enseignant-nana-golbain/
Geographie,2022,GEOGRAPHIE-COLLÈGE VOGT-CONTROLE-SEQUENCE 4-TERMINALE A C D TI SES-19 FEVRIER 2022-ANNÉE SCOLAIRE 2021-2022,https://sujetexa.com/wp-content/uploads/2022/09/no11_16_sept_2022_sujetexa.com_.pdf,https://sujetexa.com/index.php/2022/09/17/geographie-college-vogt-controle-sequence-4-terminale-a-c-d-ti-ses-19-fevrier-2022-annee-scolaire-2021-2022/
Geographie,2022,GEOGRAPHIE-COLLÈGE VOGT-CONTROLE-TERMINALE C D TI-25 SEPTEMBRE 2021-ANNÉE SCOLAIRE 2021-2022,https://sujetexa.com/wp-content/uploads/2022/09/no66_14_sept_2022_sujetexa.com_.pdf,https://sujetexa.com/index.php/2022/09/15/geographie-college-vogt-controle-terminale-c-d-ti-sequence-3-25-septembre-2021-annee-scolaire-2021-2022/
Geographie,2022,GEOGRAPHIE-COLLÈGE VOGT-CONTROLE-TERMINALE C D TI-26 OCTOBRE 2021-ANNÉE SCOLAIRE 2021-2022,https://sujetexa.com/wp-content/uploads/2022/09/no44_14_sept_2022_sujetexa.com_.pdf,https://sujetexa.com/index.php/2022/09/15/geographie-college-vogt-controle-terminale-c-d-ti-26-octobre-2021-annee-scolaire-2021-2022/
Geographie,2022,"GEOGRAPHIE-TOumpé Intellectual Groups , Le N°1 du E-learning-Terminales A.C.D.E.TI-Année Scolaire : 2021/2022-Proposé par : Mlle Aminatou SOUMAÏYA BABA-(ESSTIC–Yaoundé)",https://sujetexa.com/wp-content/uploads/2022/06/no32_06_juin_2022_sujetexa.com_.pdf,https://sujetexa.com/index.php/2022/06/07/geographie-toumpe-intellectual-groups-le-n1-du-e-learning-terminales-a-c-d-e-ti-annee-scolaire-2021-2022-propose-par-mlle-aminatou-soumaiya-baba-esstic-yaounde/
Geographie,2022,GEOGRAPHIE-COLLEGE PRIVE MONGO BETI-ANNEE SCOLAIRE 2021-2022-SEQUENCE N°5-TERMINALE C/D,https://sujetexa.com/wp-content/uploads/2022/03/no3_24_mars_2022_sujetexa.com_.pdf,https://sujetexa.com/index.php/2022/03/24/geographie-college-prive-mongo-beti-annee-scolaire-2021-2022-sequence-n5-terminale-c-d/
Geographie,2022,GEOGRAPHIE-Institut Polyvalent MESSA-Année Scolaire : 2021-2022-Classe : Tle A4/CD-Trimestrielle N°2 (du 07-11 mars 2022)-Examinateur : M. NDZANA Donatien,https://sujetexa.com/wp-content/uploads/2022/03/sortieU.pdf,https://sujetexa.com/index.php/2022/03/11/geographie-institut-polyvalent-messa-annee-scolaire-2021-2022-classe-tle-a4-cd-trimestrielle-n2-du-07-11-mars-2022-examinateur-m-ndzana-donatien/
Geographie,2022,GEOGRAPHIE-COLLEGE LA DIGNITE-CLASSE : TERMINALES-ANNEE SCOLAIRE 2021-2022,https://sujetexa.com/wp-content/uploads/2022/02/no4_20_fev_2022_sujetexa.com_.pdf,https://sujetexa.com/index.php/2022/02/21/geographie-college-la-dignite-classe-terminales-annee-scolaire-2021-2022/
Geographie,2022,GEOGRAPHIE-COLLEGE PRIVE MONGO BETI-SEQUENCE N°4-ANNEE SCOLAIRE 2021-2022-CLASSE:TLE C/D-PROFESSEUR :,https://sujetexa.com/wp-content/uploads/2022/02/no78_08_fev_2022_sujetexa.com_.pdf,https://sujetexa.com/index.php/2022/02/09/geographie-college-prive-mongo-beti-sequence-n4-annee-scolaire-2021-2022-classetle-c-d-professeur/
Geographie,2022,GÉOGRAPHIE-COLLEGE PRIVE BILINGUE MONTESQUIEU-ANNEE SCOLAIRE 2021-2022-DEVOIR N°3-CLASSE : TACD,https://sujetexa.com/wp-content/uploads/2022/02/no53_03_fev_2022_sujetexa.com_.pdf,https://sujetexa.com/index.php/2022/02/04/geographie-college-prive-bilingue-montesquieu-annee-scolaire-2021-2022-devoir-n3-classe-tacd/
Geographie,2022,GÉOGRAPHIE-COLLEGE PRIVE BILINGUE-MONTESQUIEU-SEQUENCE N°3-ANNEE SCOLAIRE 2021-2022-CLASSE: TLE ACD,https://sujetexa.com/wp-content/uploads/2022/02/no21_03_fev_2022_sujetexa.com_.pdf,https://sujetexa.com/index.php/2022/02/04/geographie-college-prive-bilingue-montesquieu-sequence-n3-annee-scolaire-2021-2022-classe-tle-acd/
Geographie,2022,GEOGRAPHIE-Institut Polyvalent MESSA-Année Scolaire : 2021-2022-Classe :TLe CD-Contrôle continu N°2 (28 Janvier 2022)-Examinateur : M. NDZANA Donatien,https://sujetexa.com/wp-content/uploads/2022/01/sortieY-1.pdf,https://sujetexa.com/index.php/2022/01/29/geographie-institut-polyvalent-messa-annee-scolaire-2021-2022-classe-tle-cd-controle-continu-n2-28-janvier-2022-examinateur-m-ndzana-donatien/
Geographie,2022,GEOGRAPHIE-COLLEGE PRIVE LAïC LES PHARAONS-ANNEE SCOLAIRE 2021-2022-SEQUENCE 3-CLASSE : TLe C D,https://sujetexa.com/wp-content/uploads/2022/01/no49_22_jan_2022_sujetexa.com_.pdf,https://sujetexa.com/index.php/2022/01/23/geographie-college-prive-laic-les-pharaons-annee-scolaire-2021-2022-sequence-3-classe-tle-c-d/
Geographie,2022,GEOGRAPHIE-COLLEGE PRIVE LAÏC MONGO BETI-ANNÉE SCOLAIRE 2021-2022- SÉQUENCE N°3-TERMINALE A/C/D-Professeur:,https://sujetexa.com/wp-content/uploads/2021/12/coll_mongo_beti_TA-TC-TD_géographie_seq3_2021-2022_sujetexa.com_.pdf,https://sujetexa.com/index.php/2021/12/30/geographie-college-prive-laic-mongo-beti-annee-scolaire-2021-2022-sequence-n3-terminale-a-c-d-professeur/
Geographie,2022,GEOGRAPHIE-COLLEGE PRIVE MONGO BETI- ANNÉE SCOLAIRE 2021-2022-EVALUATION N°2-TERMINALES-,https://sujetexa.com/wp-content/uploads/2021/12/coll_mongo_beti_TA-TC-TD_géographie_seq2_01_nov_2021_sujetexa.com_.pdf,https://sujetexa.com/index.php/2021/12/02/geographie-college-prive-mongo-beti-annee-scolaire-2021-2022-evaluation-n2-terminales/
Histoire,2022,HISTOIRE-LYCEE D’EKITE-TLeACD-SEQ1-2021/2022,https://sujetexa.com/wp-content/uploads/2023/03/LycéeEkité_Histoire_Tle_Eval1_2021.pdf,https://sujetexa.com/index.php/2023/03/09/histoire-lycee-dekite-tleacd-seq1-2021-2022/
Histoire,2022,HISTOIRE-COLLEGE MONTESQUIEU-SEQ1-TLeACD-OCTOBRE 2022,https://sujetexa.com/wp-content/uploads/2023/03/no14_TACD_04_mars_2023_sujetexa.com_.pdf,https://sujetexa.com/index.php/2023/03/04/histoire-college-montesquieu-seq1-tleacd-octobre-2022/
Histoire,2022,HISTOIRE-LYCEE BIL DE SOMBO-ANNEE SCOLAIRE 2021-2022-CLASSE Tles-SEQUENCE 1-EXAMINATEUR : NICOLAS MBAI,https://sujetexa.com/wp-content/uploads/2022/12/4_5827737963122920982.pdf,https://sujetexa.com/index.php/2022/12/17/histoire-lycee-bil-de-sombo-annee-scolaire-2021-2022-classe-tles-sequence-1-examinateur-nicolas-mbai/
Histoire,2022,"HISTOIRE-LYCEE DE BAMENYAM- Evaluation N°6-TERMINALE A,C,D-Année Scolaire 2021-2022-Enseignant: NANA Golbain",https://sujetexa.com/wp-content/uploads/2022/09/4_5868356826050858319.pdf,https://sujetexa.com/index.php/2022/09/27/histoire-lycee-de-bamenyam-evaluation-n6-terminale-acd-annee-scolaire-2021-2022-enseignant-nana-golbain/
Histoire,2022,"HISTOIRE-LYCEE DE BAMENYAM- Evaluation N°5-TERMINALE A,C,D-Année Scolaire 2021-2022-Enseignant: NANA Golbain",https://sujetexa.com/wp-content/uploads/2022/09/4_5868356826050858318.pdf,https://sujetexa.com/index.php/2022/09/27/histoire-lycee-de-bamenyam-evaluation-n5-terminale-acd-annee-scolaire-2021-2022-enseignant-nana-golbain/
Histoire,2022,"HISTOIRE-LYCEE DE BAMENYAM- Evaluation N°4-TERMINALE A,C,D-Année Scolaire 2021-2022-Enseignant: NANA Golbain",https://sujetexa.com/wp-content/uploads/2022/09/4_5868356826050858317.pdf,https://sujetexa.com/index.php/2022/09/27/histoire-lycee-de-bamenyam-evaluation-n4-terminale-acd-annee-scolaire-2021-2022-enseignant-nana-golbain/
Histoire,2022,HISTOIRE-COLLÈGE VOGT-CONTROLE-SEQUENCE 4-TERMINALE A C D TI SES-11 JANVIER 2022-ANNÉE SCOLAIRE 2021-2022,https://sujetexa.com/wp-content/uploads/2022/09/no12_16_sept_2022_sujetexa.com_.pdf,https://sujetexa.com/index.php/2022/09/17/histoire-college-vogt-controle-sequence-4-terminale-a-c-d-ti-ses-11-janvier-2022-annee-scolaire-2021-2022/
Histoire,2022,HISTOIRE-COLLÈGE VOGT-CONTROLE-TERMINALE C D TI-05 OCTOBRE 2021-ANNÉE SCOLAIRE 2021-2022,https://sujetexa.com/wp-content/uploads/2022/09/no53_14_sept_2022_sujetexa.com_.pdf,https://sujetexa.com/index.php/2022/09/15/histoire-college-vogt-controle-terminale-c-d-ti-05-octobre-2021-annee-scolaire-2021-2022/
Histoire,2022,"HISTOIRE-TOumpé Intellectual Groups , Le N°1 du E-learning-Terminales A.C.D.E.TI-Année Scolaire : 2021/2022-Proposé par : Mlle Aminatou SOUMAÏYA BABA-(ESSTIC–Yaoundé)",https://sujetexa.com/wp-content/uploads/2022/06/no33_06_juin_2022_sujetexa.com_.pdf,https://sujetexa.com/index.php/2022/06/07/histoire-toumpe-intellectual-groups-le-n1-du-e-learning-terminales-a-c-d-e-ti-annee-scolaire-2021-2022-propose-par-mlle-aminatou-soumaiya-baba-esstic-yaounde/
Histoire,2022,HISTOIRE-COLLEGE PRIVE MONGO BETI-ANNEE SCOLAIRE 2021-2022-SEQUENCE N°5-TERMINALE A/C/D-PROFESSEUR : NDJAPOUM,https://sujetexa.com/wp-content/uploads/2022/03/no8_24_mars_2022_sujetexa.com_.pdf,https://sujetexa.com/index.php/2022/03/24/histoire-college-prive-mongo-beti-annee-scolaire-2021-2022-sequence-n5-terminale-a-c-d-professeur-ndjapoum/
Histoire,2022,HISTOIRE-Institut Polyvalent MESSA-Année Scolaire : 2021-2022-Classe : Tle A4/CD-Trimestrielle N°2 (du 07-11 mars 2022)-Examinateur : M. NDZANA Donatien,https://sujetexa.com/wp-content/uploads/2022/03/sortieT.pdf,https://sujetexa.com/index.php/2022/03/11/histoire-institut-polyvalent-messa-annee-scolaire-2021-2022-classe-tle-a4-cd-trimestrielle-n2-du-07-11-mars-2022-examinateur-m-ndzana-donatien/
Histoire,2022,"HISTOIRE-COLLEGE MONTESQUIEU-Année Scolaire 2021/2022-Classe: Tle A,C, D",https://sujetexa.com/wp-content/uploads/2022/02/no55_03_fev_2022_sujetexa.com_.pdf,https://sujetexa.com/index.php/2022/02/15/histoire-college-montesquieu-annee-scolaire-2021-2022-periode2-classe-tle-ac-d/
Histoire,2022,HISTOIRE-COLLEGE PRIVE LAÏC LES PHARAONS-SEQUENCE N°3-TERMINALE ACD-ANNEE SCOLAIRE 2021-2022-Examinateur: M. NDJAPOUM,https://sujetexa.com/wp-content/uploads/2022/01/no19_22_jan_2022_sujetexa.com_.pdf,https://sujetexa.com/index.php/2022/01/22/histoire-college-prive-laic-les-pharaons-sequence-n3-terminale-acd-annee-scolaire-2021-2022-examinateur-m-ndjapoum/
Histoire,2022,HISTOIRE-COLLEGE PRIVE LAÏC MONGO BETI-ANNÉE SCOLAIRE 2021-2022- SÉQUENCE N°3-TERMINALE A/C/D-Professeur:Mr NDJAPOUM,https://sujetexa.com/wp-content/uploads/2021/12/coll_mongo_beti_TA-TC-TD_histoire_seq3_2021-2022_sujetexa.com_.pdf,https://sujetexa.com/index.php/2021/12/30/histoire-college-prive-laic-mongo-beti-annee-scolaire-2021-2022-sequence-n3-terminale-a-c-d-professeurmr-ndjapoum/
Histoire,2022,HISTOIRE-COLLEGE PRIVE MONGO BETI- ANNÉE SCOLAIRE 2021-2022-EVALUATION N°2-TERMINALES C/D-Professeur: M.NDJAPOUM,https://sujetexa.com/wp-content/uploads/2021/12/coll_mongo_beti_TC-TD_histoire_seq2_2021-2022_sujetexa.com_.pdf,https://sujetexa.com/index.php/2021/12/02/histoire-college-prive-mongo-beti-annee-scolaire-2021-2022-evaluation-n2-terminales-c-d-professeur-m-ndjapoum/
Histoire,2022,HISTOIRE-COLLEGE PRIVE LAROUSSE -TERMINALE A/C/D-ÉVALUATION N°1 DU PREMIER TRIMESTRE-ANNÉE SCOLAIRE 2021-2022-EXAMINATEUR : M. MBAKOP NANA,https://sujetexa.com/wp-content/uploads/2021/11/coll_larousse_histoire_TA-TC-TD_seq1_06_oct_2021_sujetexa.com_.pdf,https://sujetexa.com/index.php/2021/11/16/histoire-college-prive-larousse-terminale-a-c-d-evaluation-n1-du-premier-trimestre-annee-scolaire-2021-2022-examinateur-m-mbakop-nana/
Histoire,2022,HISTOIRE-COLLÈGE PRIVÉ MONGO BETI-ÉVALUATION N°1-TERMINALE A/C/D-ANNÉE SCOLAIRE 2021-2022-PROFESSEUR:,https://sujetexa.com/wp-content/uploads/2021/10/coll_mongo_beti_TA_TC_TD_histoire_seq1_2021-2022_sujetexa.com_.pdf,https://sujetexa.com/index.php/2021/10/13/histoire-college-prive-mongo-beti-evaluation-n1-terminale-a-c-d-annee-scolaire-2021-2022-professeur/
Physique,2022,PHYSIQUE-COLLEGE LES PEDAGOGUES-TLeC-MARS 2022,https://sujetexa.com/wp-content/uploads/2023/03/4_5919983999396089070-1.pdf,https://sujetexa.com/index.php/2023/03/14/physique-college-les-pedagogues-tlec-mars-2022/
Physique,2022,PHYSIQUE PRATIQUE-COLLEGE PERE MONTI-TLeC-TRIMESTRE 3-MARS 2022,https://sujetexa.com/wp-content/uploads/2023/03/no13_TACD_01_mars_2023_sujetexa.com_.pdf,https://sujetexa.com/index.php/2023/03/01/physique-pratique-college-pere-monti-tlec-trimestre-3-mars-2022/
Physique,2022,PHYSIQUE-COLLEGE PERE MONTI-TLeC-TRIMESTRE 3-MARS 2022,https://sujetexa.com/wp-content/uploads/2023/03/no4_TACD_01_mars_2023_sujetexa.com_.pdf,https://sujetexa.com/index.php/2023/03/01/physique-college-pere-monti-tlec-trimestre-3-mars-2022/
Physique,2022,PHYSIQUE-COLLEGE BILINGUE LE PETIT ROUSSEAU-Evaluation 2-TERMINALE C-Nov 2022-Proposé par Mr KENNE Kessel,https://sujetexa.com/wp-content/uploads/2022/12/4_5778538163559468140.pdf,https://sujetexa.com/index.php/2022/12/31/physique-college-bilingue-le-petit-rousseau-evaluation-2-terminale-c-nov-2022-propose-par-mr-kenne-kessel/
Physique,2022,PHYSIQUE-TRAVAUX DIRIGES N°4 DU MARDI 27-12-2022-TC-Rédigé Par : DOMTCHUENG HERMANN PATRICK,https://sujetexa.com/wp-content/uploads/2022/12/TD-TC-PHY-Decembre-N°4.pdf,https://sujetexa.com/index.php/2022/12/29/physique-travaux-diriges-n4-du-mardi-27-12-2022-tc-redige-par-domtchueng-hermann-patrick/
Physique,2022,PHYSIQUE PRATIQUE-COLLEGE BILINGUE LE PETIT ROUSSEAU-Nov 2022-Evaluation N°2-CLASSE TleC-Proposé par Mr KENNE Kessel,https://sujetexa.com/wp-content/uploads/2022/12/4_5778538163559468211.pdf,https://sujetexa.com/index.php/2022/12/27/physique-pratique-college-bilingue-le-petit-rousseau-nov-2022-evaluation-n2-classe-tlec-propose-par-mr-kenne-kessel/
Physique,2022,PHYSIQUE-COLLEGE BILINGUE LE PETIT ROUSSEAU-Nov 2022-Evaluation N°2-CLASSE TleC-Proposé par Mr KENNE Kessel,,https://sujetexa.com/index.php/2022/12/27/physique-college-bilingue-le-petit-rousseau-nov-2022-evaluation-n2-classe-tlec-propose-par-mr-kenne-kessel/
Physique,2022,PHYSIQUE PRATIQUE-COLLEGE DE LA RETRAITE-TERMINALE C-ANNEE SCOLAIRE 2022-2023-NOVEMBRE 2022,https://sujetexa.com/wp-content/uploads/2022/12/sortieG.pdf,https://sujetexa.com/index.php/2022/12/20/physique-pratique-college-de-la-retraite-terminale-c-annee-scolaire-2022-2023-novembre-2022/
Physique,2022,PHYSIQUE-COLLEGE DE LA RETRAITE-TERMINALE C-ANNEE SCOLAIRE 2022-2023-OCTOBRE 2022,https://sujetexa.com/wp-content/uploads/2022/12/sortieD.pdf,https://sujetexa.com/index.php/2022/12/20/physique-college-de-la-retraite-terminale-c-annee-scolaire-2022-2023-octobre-2022/
Physique,2022,PHYSIQUE-COLLEGE JEAN TABI-TERMINALE C-ANNEE SCOLAIRE 2022-2023-OCTOBRE 2022,https://sujetexa.com/wp-content/uploads/2022/12/sortieC.pdf,https://sujetexa.com/index.php/2022/12/20/physique-college-jean-tabi-terminale-c-annee-scolaire-2022-2023-octobre-2022/
Physique,2022,TRAVAUX DIRIGES DE PHYSIQUE-FICHE N°7-Tle C- NOVEMBRE 2022-Rédigé Par : DOMTCHUENG HERMANN PATRICK,https://sujetexa.com/wp-content/uploads/2022/12/TD-TC-PHY-Novembre-N°1.pdf,https://sujetexa.com/index.php/2022/12/02/travaux-diriges-de-physique-fiche-n7-tle-c-du-01-11-2022-redige-par-domtchueng-hermann-patrick/
Physique,2022,PHYSIQUE-LYCEE BILINGUE DE BOKITO-SEQUENCE 2-TLeC-NOVEMBRE 2022-par RAOUL TEKAM J/PLEG in PHYSICS,https://sujetexa.com/wp-content/uploads/2022/11/4_5775970279922601440.pdf,https://sujetexa.com/index.php/2022/11/29/physique-lycee-bilingue-de-bokito-sequence-2-tlec-novembre-2022-par-raoul-tekam-j-pleg-in-physics/
Physique,2022,PHYSIQUE-ECHAUFFEMENT JOURNALIER N°07-TERMINALE SERIE C&D-Lundi 12 Novembre 2022-par Fotso Vianney,https://sujetexa.com/wp-content/uploads/2022/11/4_6019226086422875945.pdf,https://sujetexa.com/index.php/2022/11/14/physique-echauffement-journalier-n07-terminale-serie-cd-lundi-12-novembre-2022-par-fotso-vianney/
Physique,2022,"PHYSIQUE-COLLEGE PRIVE MONTESQUIEU-CLASSE DE Tle C,D-SEQUENCE 2-ANNEE SCOLAIRE 2021-2022-examinateur :",https://sujetexa.com/wp-content/uploads/2022/11/no15_06_nov_2022_sujetexa.com_.pdf,https://sujetexa.com/index.php/2022/11/08/physique-college-prive-montesquieu-classe-de-tle-cd-sequence-2-annee-scolaire-2021-2022-examinateur/
Physique,2022,PHYSIQUE-COLLEGE BILINGUE PRIVE MONTESQUIEU-TERMINALE C-SEQUENCE N°6-ANNEE SCOLAIRE 2021-2022,https://sujetexa.com/wp-content/uploads/2022/10/no2_29_oct_2022_sujetexa.com_.pdf,https://sujetexa.com/index.php/2022/10/29/physique-college-bilingue-prive-montesquieu-terminale-c-sequence-n6-annee-scolaire-2021-2022/
Physique,2022,TRAVAUX DIRIGES DE PHYSIQUE-TERMINALE C-FICHE N°1-SEPTEMBRE 2022-Rédigé Par : DOMTCHUENG HERMANN PATRICK,https://sujetexa.com/wp-content/uploads/2022/10/TD-TC-PHYSIQUES-SEPTEMBRE-N°1.pdf,https://sujetexa.com/index.php/2022/10/01/travaux-diriges-de-physique-terminale-c-fiche-n1-septembre-2022-redige-par-domtchueng-hermann-patrick/
Physique,2022,"TRAVAUX DIRIGES DE PHYSIQUE-TERMINALE C,D-FICHE N°1-SEPTEMBRE 2022-Rédigé Par : DOMTCHUENG HERMANN PATRICK",https://sujetexa.com/wp-content/uploads/2022/10/TD-TCD-PHYSIQUES-SEPTEMBRE-N°1.pdf,https://sujetexa.com/index.php/2022/10/01/travaux-diriges-de-physique-terminale-cd-fiche-n1-septembre-2022-redige-par-domtchueng-hermann-patrick/
Physique,2022,"TRAVAUX DIRIGES DE PHYSIQUE-TERMINALE C,D-FICHE N°2-25 SEPTEMBRE 2022-Rédigé Par : DOMTCHUENG HERMANN PATRICK",https://sujetexa.com/wp-content/uploads/2022/10/TD-TC-D-PHYSIQUES-SEPTEMBRE-N°2.pdf,https://sujetexa.com/index.php/2022/10/01/travaux-diriges-de-physique-terminale-cd-fiche-n2-25-septembre-2022-redige-par-domtchueng-hermann-patrick/
Physique,2022,PHYSIQUE-COLLEGE PRIVE BILINGUE MONTESQUIEU-TERMINALE C-EVALUATION N°6-ANNEE SCOLAIRE 2021-2022,https://sujetexa.com/wp-content/uploads/2022/09/no49_25_sept_2022_sujetexa.com_.pdf,https://sujetexa.com/index.php/2022/09/26/physique-college-prive-bilingue-montesquieu-terminale-c-evaluation-n6-annee-scolaire-2021-2022/
Physique,2022,PHYSIQUE PRATIQUE-COLLÈGE VOGT-MINI SESSION-05 MARS 2022-TERMINALE C-ANNÉE SCOLAIRE 2021-2022,https://sujetexa.com/wp-content/uploads/2022/09/no32_14_sept_2022_sujetexa.com_.pdf,https://sujetexa.com/index.php/2022/09/15/physique-pratique-college-vogt-mini-session-05-mars-2022-terminale-c-annee-scolaire-2021-2022/
Physique,2022,PHYSIQUE PRATIQUE-COLLÈGE VOGT-MINI SESSION-01 FEVRIER 2022-TERMINALE C-ANNÉE SCOLAIRE 2021-2022,https://sujetexa.com/wp-content/uploads/2022/09/no31_14_sept_2022_sujetexa.com_.pdf,https://sujetexa.com/index.php/2022/09/15/physique-pratique-college-vogt-mini-session-01-fevrier-2022-terminale-c-annee-scolaire-2021-2022/
Physique,2022,PHYSIQUE-COLLÈGE VOGT-MINI SESSION-02 FEVRIER 2022-TERMINALE C-ANNÉE SCOLAIRE 2021-2022,https://sujetexa.com/wp-content/uploads/2022/09/no30_14_sept_2022_sujetexa.com_.pdf,https://sujetexa.com/index.php/2022/09/15/physique-college-vogt-mini-session-02-fevrier-2022-terminale-c-annee-scolaire-2021-2022/
Physique,2022,PHYSIQUE-COLLÈGE VOGT-CONTROLE-08 JANVIER 2022-TERMINALE C-ANNÉE SCOLAIRE 2021-2022,https://sujetexa.com/wp-content/uploads/2022/09/no29_14_sept_2022_sujetexa.com_.pdf,https://sujetexa.com/index.php/2022/09/15/physique-college-vogt-controle-08-janvier-2022-terminale-c-annee-scolaire-2021-2022/
Physique,2022,PHYSIQUE THEORIQUE-COLLÈGE VOGT- CONTROLE-03 NOVEMBRE 2021-TERMINALE C-ANNÉE SCOLAIRE 2021-2022,https://sujetexa.com/wp-content/uploads/2022/09/no13_14_sept_2022_sujetexa.com_.pdf,https://sujetexa.com/index.php/2022/09/15/physique-theorique-college-vogt-controle-03-novembre-2021-terminale-c-annee-scolaire-2021-2022/
Physique,2022,PHYSIQUE-COLLÈGE VOGT- CONTROLE-11 DECEMBRE 2021-TERMINALE C-ANNÉE SCOLAIRE 2021-2022,https://sujetexa.com/wp-content/uploads/2022/09/no12_14_sept_2022_sujetexa.com_.pdf,https://sujetexa.com/index.php/2022/09/15/physique-college-vogt-controle-11-decembre-2021-terminale-c-annee-scolaire-2021-2022/
Physique,2022,PHYSIQUE-COLLÈGE VOGT-CONTROLE-TERMINALE C-02 OCTOBRE 2021-ANNÉE SCOLAIRE 2021-2022,https://sujetexa.com/wp-content/uploads/2022/09/no3_14_sept_2022_sujetexa.com_.pdf,https://sujetexa.com/index.php/2022/09/15/physique-college-vogt-controle-terminale-c-02-octobre-2021-annee-scolaire-2021-2022/
Physique,2022,PHYSIQUE THEORIQUE-TOUMPÉ INTELLECTUAL GROUPS-Classes : Terminales C.E-EXAMEN DE FIN DE COURS DE VACANCES EDITION 2022-Août 2022,https://sujetexa.com/wp-content/uploads/2022/08/TIGps_PHY-THEO_TC_Vac2022.pdf,https://sujetexa.com/index.php/2022/08/30/physique-theorique-toumpe-intellectual-groups-classes-terminales-c-e-examen-de-fin-de-cours-de-vacances-edition-2022-aout-2022/
Physique,2022,PHYSIQUE PRATIQUE-TOUMPE INTELLECTUAL GROUPS-Classes : Terminale C-EXAMEN DE FIN DE COURS DE VACANCES EDITION 2022-Session : Août 2022,https://sujetexa.com/wp-content/uploads/2022/08/TIGps_PHY-PRAT_TC_Vac2022.pdf,https://sujetexa.com/index.php/2022/08/29/physique-pratique-toumpe-intellectual-groups-classes-terminale-c-examen-de-fin-de-cours-de-vacances-edition-2022-session-aout-2022/
Physique,2022,PHYSIQUE-TERMINALE C-TRAVAUX DIRIGÉS DU 12-05-2022-Rédigé Par : DOMTCHUENG HERMANN PATRICK POUR LE GROUPE ECLOSION,https://sujetexa.com/wp-content/uploads/2022/05/TD-TerminaleC-Mai-N°1.pdf,https://sujetexa.com/index.php/2022/05/11/physique-terminale-c-travaux-diriges-du-12-05-2022-redige-par-domtchueng-hermann-patrick-pour-le-groupe-eclosion/
Physique,2022,PHYSIQUE-COLLEGE PRIVE LAÏC MONGO BETI-TERMINALE C-EVALUATION N°6-ANNEE SCOLAIRE 2021-2022-PROFESSEUR : M. BESSOMO ERIC,https://sujetexa.com/wp-content/uploads/2022/05/no10_06_mai_2022_sujetexa.com_.pdf,https://sujetexa.com/index.php/2022/05/06/physique-college-prive-laic-mongo-beti-terminale-c-evaluation-n6-annee-scolaire-2021-2022-professeur-m-bessomo-eric/
Physique,2022,PHYSIQUE -INSTITUT POLYVALENT BILINGUE LES PINTADES-MINI SESSION INTENSIVE D’AVRIL-CLASSE : TC-ANNEE SCOLAIRE 2021-2022,https://sujetexa.com/wp-content/uploads/2022/04/physique-TC-mini-session-avril-2022.pdf,https://sujetexa.com/index.php/2022/04/21/physique-institut-polyvalent-bilingue-les-pintades-mini-session-intensive-davril-classe-tc-annee-scolaire-2021-2022/
Physique,2022,PHYSIQUE-COLLEGE MODERNE BILINGUE ‘’LES CANARIS’’-EVALUATION N°3 Tle C-ANNEE SCOLAIRE : 2021-2022,https://sujetexa.com/wp-content/uploads/2022/04/4_5965330521805294708.pdf,https://sujetexa.com/index.php/2022/04/15/physique-college-moderne-bilingue-les-canaris-evaluation-n3-tle-c-annee-scolaire-2021-2022/
Physique,2022,PHYSIQUE-INSTITUT VICTOR HUGO-EVALUATION N° 1 DE PHYSIQUE THEORIQUE (Vendredi 12 /11/2021)-Classe : TERMINALE C-Année Scolaire 2021-2022,https://sujetexa.com/wp-content/uploads/2022/04/null11_sujetexa.com_.pdf,https://sujetexa.com/index.php/2022/04/08/physique-institut-victor-hugo-evaluation-n-1-de-physique-theorique-vendredi-12-11-2021-classe-terminale-c-annee-scolaire-2021-2022/
Physique,2022,PHYSIQUE-INSTITUT VICTOR HUGO-EVALUATION N°4 Du 2ème TRIMESTRE (Mercredi 09 Février 2022)-Classe : TERMINALE C-Année Scolaire 2021-2022,https://sujetexa.com/wp-content/uploads/2022/04/EVALUATION-N°-4-DE-PHYSIQUE-TC-IVH-FEVRIER-2022-.pdf.pdf,https://sujetexa.com/index.php/2022/04/08/physique-institut-victor-hugo-evaluation-n4-du-2eme-trimestre-mercredi-09-fevrier-2022-classe-terminale-c-annee-scolaire-2021-2022/
Physique,2022,PHYSIQUE-INSTITUT VICTOR HUGO-EVALUATION N°1- ( Vendredi 08 /10/ 2021 )-Classe : TERMINALE C-Année Scolaire 2021-2022,https://sujetexa.com/wp-content/uploads/2022/04/EVALUATION-N°1-DE-PHYSIQUE-TC-IVH-OCT-2021.pdf,https://sujetexa.com/index.php/2022/04/07/physique-institut-victor-hugo-evaluation-n1-vendredi-08-10-2021-classe-terminale-c-annee-scolaire-2021-2022/
Physique,2022,PHYSIQUE-INSTITUT VICTOR HUGO-COMPOSITION DU 2è TRIMESTRE-(Vendredi 25 Mars 2022)-Classe : TERMINALE C-Année Scolaire 2021-2022,https://sujetexa.com/wp-content/uploads/2022/04/EVALUATION-5-TC-PHYSIQUE-CORRIGEE-DU-25-MARS-2022.pdf,https://sujetexa.com/index.php/2022/04/07/physique-institut-victor-hugo-composition-du-2e-trimestre-vendredi-25-mars-2022-classe-terminale-c-annee-scolaire-2021-2022/
Physique,2022,PHYSIQUE-INSTITUT VICTOR HUGO-COMPOSITION DU 2ème TRIMESTRE (Mercredi le 02 MARS 2022)-Classe : TERMINALE C-Année Scolaire 2021-2022,https://sujetexa.com/wp-content/uploads/2022/04/COMPOSITION-2ème-TRIMESTRE-DE-PHYSIQUE-TC-MODIFIEE-IVH-MARS-2022.pdf,https://sujetexa.com/index.php/2022/04/07/physique-institut-victor-hugo-composition-du-2eme-trimestre-mercredi-le-02-mars-2022-classe-terminale-c-annee-scolaire-2021-2022/
Physique,2022,"PHYSIQUE-SUCESS GROUPS-CLASSE : Tle C, D, E, F ET TI-ANNEE SCOLAIRE 2021-2022-PROPOSE PAR ING/M. BIASSO",https://sujetexa.com/wp-content/uploads/2022/04/no2_05_avril_2022_sujetexa.com_.pdf,https://sujetexa.com/index.php/2022/04/05/physique-sucess-groups-classe-tle-c-d-e-f-et-ti-annee-scolaire-2021-2022-propose-par-ing-m-biasso/
Physique,2022,PHYSIQUE TC-TD DU MERCREDI 23-03-2022-Rédigé Par : DOMTCHUENG HERMANN PATRICK POUR LE GROUPE ECLOSION,https://sujetexa.com/wp-content/uploads/2022/03/TD-TC-MARS-N°3-Effet-Doppler.pdf,https://sujetexa.com/index.php/2022/03/25/physique-tc-td-du-mercredi-23-03-2022-redige-par-domtchueng-hermann-patrick-pour-le-groupe-eclosion/
Physique,2022,PHYSIQUE-COLLEGE PRIVE MONGO BETI-ANNEE SCOLAIRE 2021-2022-SEQUENCE N°5-TERMINALE C-PROFESSEUR : BESSOMO ERIC,https://sujetexa.com/wp-content/uploads/2022/03/no9_24_mars_2022_sujetexa.com_.pdf,https://sujetexa.com/index.php/2022/03/24/physique-college-prive-mongo-beti-annee-scolaire-2021-2022-sequence-n5-terminale-c-professeur-bessomo-eric/
Physique,2022,PHYSIQUE TC-TD DU SAMEDI- 19-03-2022-Rédigé Par : DOMTCHUENG HERMANN PATRICK POUR LE GROUPE ECLOSION,https://sujetexa.com/wp-content/uploads/2022/03/TD-TC-MARS-N°2.pdf,https://sujetexa.com/index.php/2022/03/23/physique-tc-td-du-samedi-19-03-2022-redige-par-domtchueng-hermann-patrick-pour-le-groupe-eclosion/
Physique,2022,PHYSIQUE-COLLEGE BILINGUE BAFEL-EVALUATION N°4-TERMINALE C-MARS 2022-Proposé par : Me. KAMDOM B. COLLINS,https://sujetexa.com/wp-content/uploads/2022/03/no3_23_mars_2022_sujetexa.com_.pdf,https://sujetexa.com/index.php/2022/03/23/physique-college-bilingue-bafel-evaluation-n4-terminale-c-mars-2022-propose-par-me-kamdom-b-collins/
Physique,2022,PHYSIQUE-INSTITUT POLYVALENT BILINGUE LES PINTADES-EVALUATION SOMMATIVE DU DEUXIEME TRIMESTRE-ANNEE SCOLAIRE 2021-2022-CLASSE : TC-Examinateur : M. SINI,https://sujetexa.com/wp-content/uploads/2022/03/no3_19_mars_2022_sujetexa.com_.pdf,https://sujetexa.com/index.php/2022/03/19/physique-institut-polyvalent-bilingue-les-pintades-evaluation-sommative-du-deuxieme-trimestre-annee-scolaire-2021-2022-classe-tc-examinateur-m-sini/
Physique,2022,PHYSIQUE TC-DU MERCREDI 02-03-2022-Rédigé Par : DOMTCHUENG HERMANN PATRICK POUR LE GROUPE ECLOSION,https://sujetexa.com/wp-content/uploads/2022/03/TD_TC_MARS_N°1.pdf,https://sujetexa.com/index.php/2022/03/14/physique-tc-du-mercredi-02-03-2022-redige-par-domtchueng-hermann-patrick-pour-le-groupe-eclosion/
Physique,2022,PHYSIQUE TC-EVALUATION TEST DU MERCREDI 23-02-2022-Rédigé Par : DOMTCHUENG HERMANN PATRICK POUR LE GROUPE ECLOSION,https://sujetexa.com/wp-content/uploads/2022/03/TD-TC-Fevrier-N°2.pdf,https://sujetexa.com/index.php/2022/03/14/physique-tc-evaluation-test-du-mercredi-23-02-2022-redige-par-domtchueng-hermann-patrick-pour-le-groupe-eclosion/
Physique,2022,PHYSIQUE THEORIQUE-COLLEGE VOGT-CONTROLE-ANNEE SCOLAIRE 2021-2022-CLASSE :TERMINALE C,https://sujetexa.com/wp-content/uploads/2022/03/no1_10_mars_2022_sujetexa.com_-1.pdf,https://sujetexa.com/index.php/2022/03/10/physique-theorique-college-vogt-controle-annee-scolaire-2021-2022-classe-terminale-c/
Physique,2022,PHYSIQUE PRATIQUE-COLLEGE VOGT-CONTROLE-ANNEE SCOLAIRE 2021-2022-CLASSE :TERMINALE C,https://sujetexa.com/wp-content/uploads/2022/03/no2_10_mars_2022_sujetexa.com_.pdf,https://sujetexa.com/index.php/2022/03/10/physique-pratique-college-vogt-controle-annee-scolaire-2021-2022-classe-terminale-c/
Physique,2022,PHYSIQUE-COLLEGE BILINGUE BENIGNA D’ETOUDI-LASSE : TLE C-DEVOIR HARMONISE N°4-DATE : FEVRIER 2022-NOM DU PROF : M.MOULION,https://sujetexa.com/wp-content/uploads/2022/02/4_5819056794835619696.pdf,https://sujetexa.com/index.php/2022/02/28/physique-college-bilingue-benigna-detoudi-lasse-tle-c-devoir-harmonise-n4-date-fevrier-2022-nom-du-prof-m-moulion/
Physique,2022,PHYSIQUE-COLLEGE SAINT JOSEPH DE BANDJOUN -MINI EVALUATION N°3-TERMINALE C-Année scolaire : 2021/2022-M.FOTCHOU,https://sujetexa.com/wp-content/uploads/2022/02/no13_10_fev_2022_sujetexa.com_.pdf,https://sujetexa.com/index.php/2022/02/11/physique-college-saint-joseph-de-bandjoun-mini-evaluation-n3-terminale-c-annee-scolaire-2021-2022-m-fotchou/
Physique,2022,PHYSIQUE-LYCEE BILINGUE D’EDEA-EVALUATION N°3-TLE C-Année scolaire : 2021-2022-PAR TCHANKAM.R,https://sujetexa.com/wp-content/uploads/2022/02/no10_10_fev_2022_sujetexa.com_.pdf,https://sujetexa.com/index.php/2022/02/11/physique-lycee-bilingue-dedea-evaluation-n3-tle-c-annee-scolaire-2021-2022-par-tchankam-r/
Physique,2022,PHYSIQUE TC-EVALUATION TEST DU SAMEDI 05-02-2022-Rédigé Par : DOMTCHUENG HERMANN PATRICK,https://sujetexa.com/wp-content/uploads/2022/02/PHYSIQUES-EVALUATION-TEST-DU-SAMEDI-05-02-2022.pdf,https://sujetexa.com/index.php/2022/02/07/physique-tc-evaluation-test-du-samedi-05-02-2022-redige-par-domtchueng-hermann-patrick/
Physique,2022,PHYSIQUE-COLLEGE PRIVE BILINGUE- MONTESQUIEU-SEQUENCE N°3-ANNEE SCOLAIRE 2021-2022-CLASSE :TCD,https://sujetexa.com/wp-content/uploads/2022/02/no13_03_fev_2022_sujetexa.com_.pdf,https://sujetexa.com/index.php/2022/02/04/physique-college-prive-bilingue-montesquieu-sequence-n3-annee-scolaire-2021-2022-classe-tcd/
Physique,2022,PHYSIQUE TC-CENTRE D’EDUCATION ET DE COACHING POUR UNE MENTALITE EMERGENTE EN VUE D’UN CAMEROUN EMERGENT-EVALUATION TEST DU SAMEDI 29-01-2022-Rédigé Par : DOMTCHUENG HERMANN PATRICK,https://sujetexa.com/wp-content/uploads/2022/02/TD-TC-Janvier-N°4.pdf,https://sujetexa.com/index.php/2022/02/01/physique-tc-centre-deducation-et-de-coaching-pour-une-mentalite-emergente-en-vue-dun-cameroun-emergent-evaluation-test-du-samedi-29-01-2022-redige-par-domtchueng-hermann-patrick/
Physique,2022,PHYSIQUE-GENIUS ACADEMY-ORIENTATION–TRAINING–SUCCESS-CLASS  : TERMINALE C-WEEK-END DU 21/01/2022 AU 23/01/2022,https://sujetexa.com/wp-content/uploads/2022/01/no37_23_jan_2022_sujetexa.com_-1.pdf,https://sujetexa.com/index.php/2022/01/23/physique-genius-academy-orientation-training-success-class-terminale-c-week-end-du-21-01-2022-au-23-01-2022/
Physique,2022,PHYSIQUE THEORIQUE-LYCEE MODERNE DE NKOZOA-Tle C-2021-2022-EVALUATION 3-EXAMINATEUR:M TSAPI,https://sujetexa.com/wp-content/uploads/2022/01/LYCÉE-MODERNE-DE-NKOZOA_TC_seq3_physique_sujetexa.com_.pdf,https://sujetexa.com/index.php/2022/01/20/physique-theorique-lycee-moderne-de-nkozoa-tle-c-2021-2022-evaluation-3-examinateurm-tsapi/
Physique,2022,PHYSIQUE-COLLÈGE PRIVÉ BILINGUE MONTESQUIEU-EVALUATION N°1-ANNÉE SCOLAIRE 2021-2022-Classe:TLe C/D/TI,https://sujetexa.com/wp-content/uploads/2022/01/coll_montesquieu_TD-TTI_svteehb_seq1_2021-2022_sujetexa.com_.pdf,https://sujetexa.com/index.php/2022/01/17/i-physique-college-prive-bilingue-montesquieu-evaluation-n1-annee-scolaire-2021-2022-classetle-c-dti/
Physique,2022,PHYSIQUE-COLLÈGE PRIVÉ BILINGUE MONTESQUIEU-ANNÉE SCOLAIRE 2021-2022-Classe: TERMINALE C/D,https://sujetexa.com/wp-content/uploads/2022/01/coll_montesquieu_TC-TD_physique_seq1_2021-2022_sujetexa.com_.pdf,https://sujetexa.com/index.php/2022/01/16/physique-college-prive-bilingue-montesquieu-annee-scolaire-2021-2022-classe-terminale-c-d/
Physique,2022,"EPREUVE THEORIQUE DE PHYSIQUE- EVALUATION SOMMATIVE DE FIN DU PREMIER TRIMESTRE-TOumpé Intellectual Groups , Le N°1 du E-learning-TERMINALE C.E-ANNÉE SCOLAIRE 2021/2022",https://sujetexa.com/wp-content/uploads/2022/01/TIGps_EB1_PHY_T-C.E_Dec2021.pdf,https://sujetexa.com/index.php/2022/01/09/epreuve-theorique-de-physique-evaluation-sommative-de-fin-du-premier-trimestre-toumpe-intellectual-groups-le-n1-du-e-learning-terminale-c-e-annee-scolaire-2021-2022/
Physique,2022,PHYSIQUE-CENTRE D’EDUCATION ET DE COACHING POUR UNE MENTALITE EMERGENTE EN VUE D’UN CAMEROUN EMERGENT-TERMINALE C-TD DU SAMEDI 08-01-2022-Rédigé Par : DOMTCHUENG HERMANN PATRICK,https://sujetexa.com/wp-content/uploads/2022/01/PHYSIQUES-TD-DU-08-01-2022-TERMINALE-C-GROUPE-ECLOSION-SITUE-A-FOUGEROLE-NGOUSSO-Rédigé-Par-DOMTCHUENG-HERMANN-PATRICK.pdf,https://sujetexa.com/index.php/2022/01/09/physique-centre-deducation-et-de-coaching-pour-une-mentalite-emergente-en-vue-dun-cameroun-emergent-terminale-c-td-du-samedi-08-01-2022-redige-par-domtchueng-hermann-patrick/
Physique,2022,PHYSIQUE-CENTRE D’EDUCATION ET DE COACHING POUR UNE MENTALITE EMERGENTE EN VUE D’UN CAMEROUN EMERGENT-TERMINALE C-TD DU 05-01-2022-Rédigé Par : DOMTCHUENG HERMANN PATRICK,https://sujetexa.com/wp-content/uploads/2022/01/PHYSIQUES-TD-DU-05-01-2022-TERMINALE-C-GROUPE-ECLOSION-SITUE-A-FOUGEROLE-NGOUSSO-Rédigé-Par-DOMTCHUENG-HERMANN-PATRICK.pdf,https://sujetexa.com/index.php/2022/01/09/physique-centre-deducation-et-de-coaching-pour-une-mentalite-emergente-en-vue-dun-cameroun-emergent-terminale-c-td-du-05-01-2022-redige-par-domtchueng-hermann-patrick/
Physique,2022,PHYSIQUE-COLLEGE PRIVE LAÏC MONGO BETI-ANNÉE SCOLAIRE 2021-2022- SÉQUENCE N°3-TERMINALE C-Professeur : BESSOMO ERIC,https://sujetexa.com/wp-content/uploads/2021/12/coll_mongo_beti_TC_physique_seq3_2021-2022_sujetexa.com_.pdf,https://sujetexa.com/index.php/2021/12/30/physique-college-prive-laic-mongo-beti-annee-scolaire-2021-2022-sequence-n3-terminale-c-professeur-bessomo-eric/
Physique,2022,PHYSIQUE THEORIQUE-LYCEE MODERNE DE NKOZOA-Année Scolaire 2021/2022-Tle C-EXAMINATEUR:M TSAPI,https://sujetexa.com/wp-content/uploads/2021/12/ly_mod_nkozoa_physique_TC_seq3_2021-2022_sujetexa.com_.pdf,https://sujetexa.com/index.php/2021/12/24/physique-theorique-lycee-moderne-de-nkozoa-annee-scolaire-2021-2022-tle-c-examinateurm-tsapi/
Physique,2022,Physique-LYCEE BILINGUE D’EDEA-Evaluation 2-Année scolaire 2021-2022-CLASSE:TERMINALE C,https://sujetexa.com/wp-content/uploads/2021/12/ly_edea_physique_TC_seq2_2021-2022_sujetexa.com_.pdf,https://sujetexa.com/index.php/2021/12/24/physique-lycee-bilingue-dedea-evaluation-2-annee-scolaire-2021-2022-classeterminale-c/
Physique,2022,PHYSIQUE-LYCEE BILINGUE DE NDJOMBE-TERMINALE C-ANNÉE SCOLAIRE 2021-2022-Enseignant : M. ABISSI,https://sujetexa.com/wp-content/uploads/2021/12/lyjom_TC_physique_seq2_nov_2021_sujetexa.com_.pdf,https://sujetexa.com/index.php/2021/12/22/physique-lycee-bilingue-de-ndjombe-terminale-c-annee-scolaire-2021-2022-enseignant-m-abissi/
Physique,2022,PHYSIQUE THÉORIQUE-LYCEE BILINGUE DE DSCHANG -Eval. N°3 – Déc. 2021 -Classe Tle C- Année scolaire-2021-2022-proposée par Dr. Kabong,https://sujetexa.com/wp-content/uploads/2021/12/Eval-3-Physique-Théorique-Tle-C.pdf,https://sujetexa.com/index.php/2021/12/14/physique-theorique-lycee-bilingue-de-dschang-eval-n3-dec-2021-classe-tle-c-annee-scolaire-2021-2022-proposee-par-dr-kabong/
Physique,2022,PHYSIQUE-Collège Jean-Paul II- Année scolaire : 2021/2022- Evaluation:1-Classe : TLe C & D-Epreuve proposée par M. Rakwa Djaowe Calvain,https://sujetexa.com/wp-content/uploads/2021/11/4_6019185297118464582.pdf,https://sujetexa.com/index.php/2021/11/23/physique-college-jean-paul-ii-annee-scolaire-2021-2022-evaluation1-classe-tle-c-d-epreuve-proposee-par-m-rakwa-djaowe-calvain/
Physique,2022,"Physiques-Genius Corporation-Année 2021/2022- Classes : 1eres C,E- Travaux Dirigés 2. Propose par : NENGOUEYE TAKAM",https://sujetexa.com/wp-content/uploads/2021/11/4_6006019624628390711.pdf,https://sujetexa.com/index.php/2021/11/23/physiques-genius-corporation-annee-2021-2022-classes-1eres-ce-travaux-diriges-2-propose-par-nengoueye-takam/
Physique,2022,PHYSIQUE-LYCÉE BILINGUE DE DCHANG-TERMINALE C-ÉVALUATION N°2-ANNÉE SCOLAIRE 2021-2022,https://sujetexa.com/wp-content/uploads/2021/11/lybschang_physique_TC_seq2_2021-2022_sujetexa.com_.pdf,https://sujetexa.com/index.php/2021/11/16/physique-lycee-bilingue-de-dchang-terminale-c-evaluation-n2-annee-scolaire-2021-2022/
Physique,2022,PHYSIQUE-COURS DE RÉPÉTITION LE GÉNIE-TERMINALE C/D-ANNÉE SCOLAIRE 2021-2022,https://sujetexa.com/wp-content/uploads/2021/11/grp_genie_TC_TD_physique_seq6_2021-2022_sujetexa.com_-1.pdf,https://sujetexa.com/index.php/2021/11/13/physique-cours-de-repetition-le-genie-terminale-c-d-annee-scolaire-2021-2022/
Physique,2022,PHYSIQUE-COLLEGE SAINT JOSEPH DE BANDJOUN- MINI EVALUATION N°1-TERMINALE C-ANNÉE SCOLAIRE 2021/2022-EXAMINATEUR : M. FOTCHOU Merlin,https://sujetexa.com/wp-content/uploads/2021/11/EVA-1-PHY-TC.pdf,https://sujetexa.com/index.php/2021/11/12/physique-college-saint-joseph-de-bandjoun-mini-evaluation-n1-terminale-c-annee-scolaire-2021-2022-examinateur-m-fotchou-merlin-2/
Physique,2022,(PHYSIQUE+CORRIGÉ)-LYCEE DE FONGO TONGO-ÉVALUATION N°1-TERMINALE C-ANNÉE SCOLAIRE 2021-2022-proposée par Dr KAMGA,https://sujetexa.com/wp-content/uploads/2021/10/PhysicsLFT-TC-N°1-_2021-2022_New.pdf,https://sujetexa.com/index.php/2021/10/23/physiquecorrige-lycee-de-fongo-tongo-evaluation-n1-terminale-c-annee-scolaire-2021-2022-proposee-par-dr-kamga/
Physique,2022,PHYSIQUE-COLLÈGE PRIVÉ MONGO BETI-ÉVALUATION N°1-TERMINALE C-ANNÉE SCOLAIRE 2021-2022-PROFESSEUR:BESSOMO ERIC,https://sujetexa.com/wp-content/uploads/2021/10/coll_mongo_beti_TC_physique_seq1_2021-2022_sujetexa.com_.pdf,https://sujetexa.com/index.php/2021/10/13/physique-college-prive-mongo-beti-evaluation-n1-terminale-c-annee-scolaire-2021-2022-professeurbessomo-eric/
Physique,2022,"EPREUVE THEORIQUE DE PHYSIQUE N°2-TOumpé Intellectual Groups , Le N°1 du E-learning-CONTROLE CONTINU N°1 DU PREMIER-TRIMESTRE-TERMINALE C/E-2021-2022",https://sujetexa.com/wp-content/uploads/2021/10/TIGps_CC1_PHY-2_T-C.E_Oct2021.pdf,https://sujetexa.com/index.php/2021/10/08/epreuve-theorique-de-physique-n2-toumpe-intellectual-groups-le-n1-du-e-learning-controle-continu-n1-du-premier-trimestre-terminale-c-e-2021-2022/
Physique,2022,Physique-COLLEGE SAINT JOSEPH DE BANDJOUN -MINI EVALUATION N°1-TERMINALE C-Année scolaire 2021/2022-EXAMINATEUR : M. FOTCHOU Merlin,https://sujetexa.com/wp-content/uploads/2021/10/4_5963111574196455837.pdf,https://sujetexa.com/index.php/2021/10/06/physique-college-saint-joseph-de-bandjoun-mini-evaluation-n1-terminale-c-annee-scolaire-2021-2022-examinateur-m-fotchou-merlin/
Physique,2022,"PHYSIQUE-CONTROLE CONTINU N°1 DU PREMIER TRIMESTRE-TOumpé Intellectual Groups , Le N°1 du E-learning-TERMINALE C/E-ANNÉE SCOLAIRE 2021/2022",https://sujetexa.com/wp-content/uploads/2021/10/TIGps_CC1_PHY_T-C.E_Oct2021.pdf,https://sujetexa.com/index.php/2021/10/03/physique-controle-continu-n1-du-premier-trimestre-toumpe-intellectual-groups-le-n1-du-e-learning-terminale-c-e-annee-scolaire-2021-2022/
SVT,2022,SVTEEHB-LYCEE DE NKOLMESSENG-TLeC-SEQ2-NOVEMBRE 2022,https://sujetexa.com/wp-content/uploads/2023/03/no9_19_mars_2023_sujetexa.com_.pdf,https://sujetexa.com/index.php/2023/03/19/svteehb-lycee-de-nkolmesseng-tlec-seq2-novembre-2022/
SVT,2022,SVTEEHB-LYCEE DE NKOLMESSENG-TLeC-SEQ1-OCTOBRE 2022,https://sujetexa.com/wp-content/uploads/2023/03/no3_19_mars_2023_sujetexa.com_.pdf,https://sujetexa.com/index.php/2023/03/19/svteehb-lycee-de-nkolmesseng-tlec-seq1-octobre-2022/
SVT,2022,SVTEEHB-COLLEGE PERE MONTI-TLeC-TRIMESTRE 3-MARS 2022,https://sujetexa.com/wp-content/uploads/2023/03/no11_TACD_01_mars_2023_sujetexa.com_.pdf,https://sujetexa.com/index.php/2023/03/01/svteehb-college-pere-monti-tlec-trimestre-3-mars-2022/
SVT,2022,SVTEEHB-TOUMPÉ INTELLECTUAL GROUPS-Décembre 2022-Classes :Terminale C.TI-Examinateur : M. WACHOU STEVE,https://sujetexa.com/wp-content/uploads/2022/12/TIGps_EB1_SVTEEHB_TC_Dec2022.pdf,https://sujetexa.com/index.php/2022/12/31/svteehb-toumpe-intellectual-groups-decembre-2022-classes-terminale-c-ti-examinateur-m-wachou-steve/
SVT,2022,SVTEEHB-COLLEGE PRIVE MONTESQUIEU-CLASSE DE Tle C-SEQUENCE 5-ANNEE SCOLAIRE 2021-2022-examinateur :,https://sujetexa.com/wp-content/uploads/2022/11/no17_06_nov_2022_sujetexa.com_.pdf,https://sujetexa.com/index.php/2022/11/08/svteehb-college-prive-montesquieu-classe-de-tle-c-sequence-5-annee-scolaire-2021-2022-examinateur/
SVT,2022,SVTEEHB-COLLÈGE VOGT-CONTROLE-TERMINALE C TI-SEQUENCE 4-03 FEVRIER 2022-ANNÉE SCOLAIRE 2021-2022,https://sujetexa.com/wp-content/uploads/2022/09/no57_14_sept_2022_sujetexa.com_.pdf,https://sujetexa.com/index.php/2022/09/15/svteehb-college-vogt-controle-terminale-c-ti-sequence-4-03-fevrier-2022-annee-scolaire-2021-2022/
SVT,2022,SVTEEHB-COLLÈGE VOGT-CONTROLE-TERMINALE C TI-22 OCTOBRE 2021-ANNÉE SCOLAIRE 2021-2022,https://sujetexa.com/wp-content/uploads/2022/09/no56_14_sept_2022_sujetexa.com_.pdf,https://sujetexa.com/index.php/2022/09/15/svteehb-college-vogt-controle-terminale-c-ti-22-octobre-2021-annee-scolaire-2021-2022/
SVT,2022,SVTEEHB-COLLÈGE VOGT-SEQUENCE 4-01 MARS 2022-TERMINALE C TI-ANNÉE SCOLAIRE 2021-2022,https://sujetexa.com/wp-content/uploads/2022/09/no28_14_sept_2022_sujetexa.com_.pdf,https://sujetexa.com/index.php/2022/09/15/svteehb-college-vogt-sequence-4-01-mars-2022-terminale-c-ti-annee-scolaire-2021-2022/
SVT,2022,SVTEEHB-COLLÈGE VOGT- CONTROLE-TERMINALE C TI-ANNÉE SCOLAIRE 2021-2022,https://sujetexa.com/wp-content/uploads/2022/09/no15_14_sept_2022_sujetexa.com_.pdf,https://sujetexa.com/index.php/2022/09/15/svteehb-college-vogt-controle-terminale-c-ti-annee-scolaire-2021-2022/
SVT,2022,"SVTEEHB-TOumpé Intellectual Groups , Le N°1 du E-learning-Terminales C.TI-Année Scolaire : 2021/2022- Examinatrice : Mlle MENGUE BISSA Marguerite Université de Yaoundé I",https://sujetexa.com/wp-content/uploads/2022/06/no34_06_juin_2022_sujetexa.com_.pdf,https://sujetexa.com/index.php/2022/06/07/svteehb-toumpe-intellectual-groups-le-n1-du-e-learning-terminales-c-ti-annee-scolaire-2021-2022-examinatrice-mlle-mengue-bissa-marguerite-universite-de-yaounde-i/
SVT,2022,SVTEEHB-INSTITUT POLYVALENT FOSSO-EVALUATION N°3-CLASSE DE TERMINALE C (TLE C)-ANNEE SCOLAIRE: 2021-2022,https://sujetexa.com/wp-content/uploads/2022/03/SVTEEHB-Tle-C-Seq-3.pdf,https://sujetexa.com/index.php/2022/03/06/svteehb-institut-polyvalent-fosso-evaluation-n3-classe-de-terminale-c-tle-c-annee-scolaire-2021-2022/
SVT,2022,SVTEEHB-INSTITUT POLYVALENT FOSSO-COMPOSITION N°2-ANNEE SCOLAIRE: 2021-2022-CLASSE DE  (TLEC),https://sujetexa.com/wp-content/uploads/2022/03/DS4-IPF-SVTEEHB-TC.pdf,https://sujetexa.com/index.php/2022/03/06/svteehb-institut-polyvalent-fosso-composition-n2-annee-scolaire-2021-2022-classe-de-tlec/
SVT,2022,SVTEEHB-COLLEGE PRIVE MONGO BETI-EVALUATION N°4-CLASSE : TLE C-ANNEE SCOLAIRE 2021-2022-Professeur : MME. BATCHOM CHARLOTTE,https://sujetexa.com/wp-content/uploads/2022/02/no48_08_fev_2022_sujetexa.com_.pdf,https://sujetexa.com/index.php/2022/02/09/svteehb-college-prive-mongo-beti-evaluation-n4-classe-tle-c-annee-scolaire-2021-2022-professeur-mme-batchom-charlotte/
SVT,2022,SVTEEHB-LYCEE BILINGUE DE YOM III-Année Scolaire 2021-2022- Evaluation N°2-TERMINALE C-,https://sujetexa.com/wp-content/uploads/2022/01/4_5816512039597640300.pdf,https://sujetexa.com/index.php/2022/01/25/svteehb-lycee-bilingue-de-yom-iii-annee-scolaire-2021-2022-evaluation-n2-terminale-c/
SVT,2022,SVTEEHB-COLLEGE PRIVE LAÏC MONGO BETI-ANNÉE SCOLAIRE 2021-2022- SÉQUENCE N°3-TERMINALE C-Professeur : MME. BATCHOM CHARLOTTE,https://sujetexa.com/wp-content/uploads/2021/12/coll_mongo_beti_TC_svteehb_seq3_2021-2022_sujetexa.com_.pdf,https://sujetexa.com/index.php/2021/12/30/svteehb-college-prive-laic-mongo-beti-annee-scolaire-2021-2022-sequence-n3-terminale-c-professeur-mme-batchom-charlotte/
SVT,2022,SVT-COLLEGE PRIVE MONGO BETI- ANNÉE SCOLAIRE 2021-2022-EVALUATION N°2-TERMINALES C-MME. BATCHOM CHARLOTTE,https://sujetexa.com/wp-content/uploads/2021/12/coll_mongo_beti_TC_svteehb_seq2_2021-2022_sujetexa.com_.pdf,https://sujetexa.com/index.php/2021/12/02/svt-college-prive-mongo-beti-annee-scolaire-2021-2022-evaluation-n2-terminales-c-mme-batchom-charlotte/
SVT,2022,"FICHE DE TRAVAUX DIRIGES DE SVTEEHB N°1-TOumpé Intellectual Groups , Le N°1 du E-learning-TERMINALE C/TI-ANNÉE SCOLAIRE 2021/2022",https://sujetexa.com/wp-content/uploads/2021/09/TIGps_TPE-1_SVTEEHB_T-C.TI_.pdf,https://sujetexa.com/index.php/2021/09/26/fiche-de-travaux-diriges-de-svteehb-n1-toumpe-intellectual-groups-le-n1-du-e-learning-terminale-c-ti-annee-scolaire-2021-2022/
